hour_of_day,cash_type,money,coffee_name,Time_of_Day,Weekday,Month_name,Weekdaysort,Monthsort,Date,Time,Transaction_ID,Year,Month-Year
10,card,38.7,Latte,Morning,Fri,Mar,5,3,01-03-2024,15:50.5,1,2024,Mar-24
12,card,38.7,Hot Chocolate,Afternoon,Fri,Mar,5,3,01-03-2024,19:22.5,2,2024,Mar-24
12,card,38.7,Hot Chocolate,Afternoon,Fri,Mar,5,3,01-03-2024,20:18.1,3,2024,Mar-24
13,card,28.9,Americano,Afternoon,Fri,Mar,5,3,01-03-2024,46:33.0,4,2024,Mar-24
13,card,38.7,Latte,Afternoon,Fri,Mar,5,3,01-03-2024,48:14.6,5,2024,Mar-24
15,card,33.8,Americano with Milk,Afternoon,Fri,Mar,5,3,01-03-2024,39:47.7,6,2024,Mar-24
16,card,38.7,Hot Chocolate,Afternoon,Fri,Mar,5,3,01-03-2024,19:02.8,7,2024,Mar-24
18,card,33.8,Americano with Milk,Night,Fri,Mar,5,3,01-03-2024,39:03.6,8,2024,Mar-24
19,card,38.7,Cocoa,Night,Fri,Mar,5,3,01-03-2024,22:01.8,9,2024,Mar-24
19,card,33.8,Americano with Milk,Night,Fri,Mar,5,3,01-03-2024,23:15.9,10,2024,Mar-24
19,card,33.8,Americano with Milk,Night,Fri,Mar,5,3,01-03-2024,29:17.4,11,2024,Mar-24
10,card,28.9,Americano,Morning,Sat,Mar,6,3,02-03-2024,22:07.0,12,2024,Mar-24
10,card,33.8,Americano with Milk,Morning,Sat,Mar,6,3,02-03-2024,41:41.2,13,2024,Mar-24
11,card,33.8,Americano with Milk,Morning,Sat,Mar,6,3,02-03-2024,59:45.5,14,2024,Mar-24
14,card,28.9,Americano,Afternoon,Sat,Mar,6,3,02-03-2024,38:35.5,15,2024,Mar-24
16,card,33.8,Americano with Milk,Afternoon,Sat,Mar,6,3,02-03-2024,37:24.5,16,2024,Mar-24
17,card,28.9,Americano,Night,Sat,Mar,6,3,02-03-2024,34:55.0,17,2024,Mar-24
10,card,38.7,Latte,Morning,Sun,Mar,7,3,03-03-2024,27:18.6,18,2024,Mar-24
11,card,28.9,Cortado,Morning,Sun,Mar,7,3,03-03-2024,33:56.1,19,2024,Mar-24
12,card,28.9,Americano,Afternoon,Sun,Mar,7,3,03-03-2024,26:56.1,20,2024,Mar-24
13,card,38.7,Hot Chocolate,Afternoon,Sun,Mar,7,3,03-03-2024,09:36.3,21,2024,Mar-24
17,card,38.7,Cocoa,Night,Sun,Mar,7,3,03-03-2024,06:40.3,22,2024,Mar-24
17,card,28.9,Cortado,Night,Sun,Mar,7,3,03-03-2024,08:45.9,23,2024,Mar-24
18,card,33.8,Americano with Milk,Night,Sun,Mar,7,3,03-03-2024,03:23.4,24,2024,Mar-24
18,card,33.8,Americano with Milk,Night,Sun,Mar,7,3,03-03-2024,04:27.9,25,2024,Mar-24
18,card,38.7,Hot Chocolate,Night,Sun,Mar,7,3,03-03-2024,08:05.0,26,2024,Mar-24
10,card,38.7,Latte,Morning,Mon,Mar,1,3,04-03-2024,03:52.0,27,2024,Mar-24
10,card,38.7,Latte,Morning,Mon,Mar,1,3,04-03-2024,54:51.0,28,2024,Mar-24
11,card,33.8,Americano with Milk,Morning,Mon,Mar,1,3,04-03-2024,05:16.2,29,2024,Mar-24
14,card,24,Espresso,Afternoon,Mon,Mar,1,3,04-03-2024,04:37.7,30,2024,Mar-24
9,card,38.7,Latte,Morning,Tue,Mar,2,3,05-03-2024,59:52.7,31,2024,Mar-24
14,card,38.7,Latte,Afternoon,Tue,Mar,2,3,05-03-2024,34:56.0,32,2024,Mar-24
17,card,38.7,Latte,Night,Tue,Mar,2,3,05-03-2024,34:06.0,33,2024,Mar-24
17,card,38.7,Hot Chocolate,Night,Tue,Mar,2,3,05-03-2024,35:25.0,34,2024,Mar-24
17,card,38.7,Cocoa,Night,Tue,Mar,2,3,05-03-2024,36:28.6,35,2024,Mar-24
17,card,38.7,Hot Chocolate,Night,Tue,Mar,2,3,05-03-2024,37:13.7,36,2024,Mar-24
17,card,38.7,Hot Chocolate,Night,Tue,Mar,2,3,05-03-2024,38:09.4,37,2024,Mar-24
17,card,28.9,Cortado,Night,Tue,Mar,2,3,05-03-2024,56:15.8,38,2024,Mar-24
18,card,38.7,Hot Chocolate,Night,Tue,Mar,2,3,05-03-2024,01:31.2,39,2024,Mar-24
13,card,28.9,Americano,Afternoon,Wed,Mar,3,3,06-03-2024,24:07.7,40,2024,Mar-24
13,card,28.9,Cortado,Afternoon,Wed,Mar,3,3,06-03-2024,25:14.4,41,2024,Mar-24
14,card,38.7,Cappuccino,Afternoon,Wed,Mar,3,3,06-03-2024,52:01.8,42,2024,Mar-24
14,card,38.7,Cappuccino,Afternoon,Wed,Mar,3,3,06-03-2024,53:18.3,43,2024,Mar-24
10,card,38.7,Hot Chocolate,Morning,Thu,Mar,4,3,07-03-2024,18:40.5,44,2024,Mar-24
11,card,38.7,Latte,Morning,Thu,Mar,4,3,07-03-2024,03:59.0,45,2024,Mar-24
15,card,28.9,Americano,Afternoon,Thu,Mar,4,3,07-03-2024,40:22.6,46,2024,Mar-24
15,card,33.8,Americano with Milk,Afternoon,Thu,Mar,4,3,07-03-2024,41:28.8,47,2024,Mar-24
10,card,28.9,Cortado,Morning,Fri,Mar,5,3,08-03-2024,34:41.3,48,2024,Mar-24
12,card,38.7,Cappuccino,Afternoon,Fri,Mar,5,3,08-03-2024,22:28.7,49,2024,Mar-24
13,card,28.9,Americano,Afternoon,Fri,Mar,5,3,08-03-2024,53:02.0,50,2024,Mar-24
14,card,28.9,Americano,Afternoon,Fri,Mar,5,3,08-03-2024,44:12.7,51,2024,Mar-24
14,card,28.9,Americano,Afternoon,Fri,Mar,5,3,08-03-2024,45:11.0,52,2024,Mar-24
14,card,33.8,Americano with Milk,Afternoon,Fri,Mar,5,3,08-03-2024,46:11.2,53,2024,Mar-24
18,card,38.7,Latte,Night,Fri,Mar,5,3,08-03-2024,57:51.5,54,2024,Mar-24
18,card,38.7,Latte,Night,Fri,Mar,5,3,08-03-2024,59:24.9,55,2024,Mar-24
12,card,24,Espresso,Afternoon,Sat,Mar,6,3,09-03-2024,05:15.6,56,2024,Mar-24
12,card,28.9,Americano,Afternoon,Sat,Mar,6,3,09-03-2024,07:38.3,57,2024,Mar-24
12,card,38.7,Cappuccino,Afternoon,Sat,Mar,6,3,09-03-2024,09:47.7,58,2024,Mar-24
12,card,28.9,Americano,Afternoon,Sat,Mar,6,3,09-03-2024,13:03.5,59,2024,Mar-24
12,card,28.9,Americano,Afternoon,Sat,Mar,6,3,09-03-2024,14:26.5,60,2024,Mar-24
13,card,38.7,Latte,Afternoon,Sat,Mar,6,3,09-03-2024,09:22.2,61,2024,Mar-24
13,card,33.8,Americano with Milk,Afternoon,Sat,Mar,6,3,09-03-2024,41:06.2,62,2024,Mar-24
13,card,28.9,Cortado,Afternoon,Sat,Mar,6,3,09-03-2024,53:10.4,63,2024,Mar-24
13,card,38.7,Cappuccino,Afternoon,Sat,Mar,6,3,09-03-2024,54:36.8,64,2024,Mar-24
14,card,33.8,Americano with Milk,Afternoon,Sat,Mar,6,3,09-03-2024,08:01.8,65,2024,Mar-24
14,card,38.7,Hot Chocolate,Afternoon,Sat,Mar,6,3,09-03-2024,26:52.9,66,2024,Mar-24
19,card,38.7,Cappuccino,Night,Sat,Mar,6,3,09-03-2024,17:57.6,67,2024,Mar-24
19,card,38.7,Hot Chocolate,Night,Sat,Mar,6,3,09-03-2024,19:10.1,68,2024,Mar-24
11,card,24,Espresso,Morning,Sun,Mar,7,3,10-03-2024,19:20.8,69,2024,Mar-24
19,card,38.7,Latte,Night,Sun,Mar,7,3,10-03-2024,34:00.5,70,2024,Mar-24
19,card,28.9,Cortado,Night,Sun,Mar,7,3,10-03-2024,35:54.7,71,2024,Mar-24
11,card,38.7,Cappuccino,Morning,Mon,Mar,1,3,11-03-2024,32:58.8,72,2024,Mar-24
16,card,28.9,Americano,Afternoon,Mon,Mar,1,3,11-03-2024,24:26.4,73,2024,Mar-24
16,card,38.7,Latte,Afternoon,Mon,Mar,1,3,11-03-2024,25:45.7,74,2024,Mar-24
16,card,28.9,Cortado,Afternoon,Mon,Mar,1,3,11-03-2024,50:49.6,75,2024,Mar-24
10,card,28.9,Americano,Morning,Tue,Mar,2,3,12-03-2024,15:34.5,76,2024,Mar-24
10,card,28.9,Cortado,Morning,Tue,Mar,2,3,12-03-2024,16:24.9,77,2024,Mar-24
11,card,38.7,Hot Chocolate,Morning,Tue,Mar,2,3,12-03-2024,20:45.6,78,2024,Mar-24
12,card,33.8,Americano with Milk,Afternoon,Tue,Mar,2,3,12-03-2024,46:23.3,79,2024,Mar-24
12,card,28.9,Americano,Afternoon,Tue,Mar,2,3,12-03-2024,47:26.0,80,2024,Mar-24
16,card,28.9,Americano,Afternoon,Tue,Mar,2,3,12-03-2024,15:43.3,81,2024,Mar-24
11,card,38.7,Hot Chocolate,Morning,Wed,Mar,3,3,13-03-2024,06:43.0,82,2024,Mar-24
11,card,28.9,Americano,Morning,Wed,Mar,3,3,13-03-2024,48:16.8,83,2024,Mar-24
12,card,28.9,Americano,Afternoon,Wed,Mar,3,3,13-03-2024,18:06.3,84,2024,Mar-24
12,card,28.9,Americano,Afternoon,Wed,Mar,3,3,13-03-2024,19:05.1,85,2024,Mar-24
14,card,33.8,Americano with Milk,Afternoon,Wed,Mar,3,3,13-03-2024,26:40.9,86,2024,Mar-24
15,card,24,Espresso,Afternoon,Wed,Mar,3,3,13-03-2024,40:22.3,87,2024,Mar-24
15,card,24,Espresso,Afternoon,Wed,Mar,3,3,13-03-2024,41:20.4,88,2024,Mar-24
16,card,24,Espresso,Afternoon,Wed,Mar,3,3,13-03-2024,47:09.4,89,2024,Mar-24
10,card,38.7,Latte,Morning,Thu,Mar,4,3,14-03-2024,28:33.0,90,2024,Mar-24
10,card,38.7,Hot Chocolate,Morning,Thu,Mar,4,3,14-03-2024,29:34.3,91,2024,Mar-24
13,card,28.9,Cortado,Afternoon,Thu,Mar,4,3,14-03-2024,27:29.5,92,2024,Mar-24
13,card,28.9,Americano,Afternoon,Thu,Mar,4,3,14-03-2024,28:24.5,93,2024,Mar-24
13,card,33.8,Americano with Milk,Afternoon,Thu,Mar,4,3,14-03-2024,51:59.9,94,2024,Mar-24
13,card,24,Espresso,Afternoon,Thu,Mar,4,3,14-03-2024,52:56.2,95,2024,Mar-24
15,card,38.7,Latte,Afternoon,Thu,Mar,4,3,14-03-2024,20:38.4,96,2024,Mar-24
16,card,33.8,Americano with Milk,Afternoon,Thu,Mar,4,3,14-03-2024,04:09.5,97,2024,Mar-24
16,card,24,Espresso,Afternoon,Thu,Mar,4,3,14-03-2024,54:38.2,98,2024,Mar-24
18,card,38.7,Hot Chocolate,Night,Thu,Mar,4,3,14-03-2024,58:55.9,99,2024,Mar-24
19,card,28.9,Cortado,Night,Thu,Mar,4,3,14-03-2024,00:08.7,100,2024,Mar-24
10,card,38.7,Hot Chocolate,Morning,Fri,Mar,5,3,15-03-2024,53:02.2,101,2024,Mar-24
18,card,28.9,Americano,Night,Fri,Mar,5,3,15-03-2024,19:27.9,102,2024,Mar-24
12,card,33.8,Americano with Milk,Afternoon,Sat,Mar,6,3,16-03-2024,06:55.2,103,2024,Mar-24
12,card,28.9,Americano,Afternoon,Sat,Mar,6,3,16-03-2024,07:53.9,104,2024,Mar-24
15,card,28.9,Cortado,Afternoon,Sat,Mar,6,3,16-03-2024,58:18.5,105,2024,Mar-24
16,card,28.9,Cortado,Afternoon,Sat,Mar,6,3,16-03-2024,03:21.7,106,2024,Mar-24
16,card,28.9,Cortado,Afternoon,Sat,Mar,6,3,16-03-2024,04:11.4,107,2024,Mar-24
17,card,33.8,Americano with Milk,Night,Sat,Mar,6,3,16-03-2024,58:07.2,108,2024,Mar-24
12,card,28.9,Cortado,Afternoon,Sun,Mar,7,3,17-03-2024,55:26.1,109,2024,Mar-24
11,card,28.9,Cortado,Morning,Mon,Mar,1,3,18-03-2024,17:59.7,110,2024,Mar-24
15,card,28.9,Americano,Afternoon,Mon,Mar,1,3,18-03-2024,31:39.7,111,2024,Mar-24
15,card,28.9,Americano,Afternoon,Mon,Mar,1,3,18-03-2024,32:38.2,112,2024,Mar-24
15,card,28.9,Americano,Afternoon,Mon,Mar,1,3,18-03-2024,33:36.7,113,2024,Mar-24
14,card,38.7,Latte,Afternoon,Tue,Mar,2,3,19-03-2024,02:21.5,114,2024,Mar-24
14,card,38.7,Latte,Afternoon,Tue,Mar,2,3,19-03-2024,03:19.8,115,2024,Mar-24
15,card,38.7,Hot Chocolate,Afternoon,Tue,Mar,2,3,19-03-2024,04:36.3,116,2024,Mar-24
16,card,33.8,Americano with Milk,Afternoon,Tue,Mar,2,3,19-03-2024,53:48.7,117,2024,Mar-24
11,card,28.9,Cortado,Morning,Wed,Mar,3,3,20-03-2024,41:16.4,118,2024,Mar-24
12,card,28.9,Cortado,Afternoon,Wed,Mar,3,3,20-03-2024,30:49.0,119,2024,Mar-24
13,card,38.7,Cappuccino,Afternoon,Wed,Mar,3,3,20-03-2024,16:47.4,120,2024,Mar-24
16,card,38.7,Cocoa,Afternoon,Wed,Mar,3,3,20-03-2024,42:38.1,121,2024,Mar-24
17,card,38.7,Latte,Night,Wed,Mar,3,3,20-03-2024,50:28.8,122,2024,Mar-24
12,card,28.9,Cortado,Afternoon,Thu,Mar,4,3,21-03-2024,25:09.2,123,2024,Mar-24
12,card,38.7,Cappuccino,Afternoon,Thu,Mar,4,3,21-03-2024,26:17.4,124,2024,Mar-24
17,card,28.9,Cortado,Night,Thu,Mar,4,3,21-03-2024,22:01.4,125,2024,Mar-24
19,card,38.7,Latte,Night,Thu,Mar,4,3,21-03-2024,20:36.5,126,2024,Mar-24
10,card,33.8,Americano with Milk,Morning,Fri,Mar,5,3,22-03-2024,35:53.6,127,2024,Mar-24
13,card,33.8,Americano with Milk,Afternoon,Fri,Mar,5,3,22-03-2024,29:20.3,128,2024,Mar-24
17,card,28.9,Americano,Night,Fri,Mar,5,3,22-03-2024,17:03.7,129,2024,Mar-24
17,card,24,Espresso,Night,Fri,Mar,5,3,22-03-2024,17:59.0,130,2024,Mar-24
17,card,28.9,Americano,Night,Fri,Mar,5,3,22-03-2024,20:49.5,131,2024,Mar-24
10,card,38.7,Latte,Morning,Sat,Mar,6,3,23-03-2024,43:59.6,132,2024,Mar-24
10,card,33.8,Americano with Milk,Morning,Sat,Mar,6,3,23-03-2024,45:07.2,133,2024,Mar-24
13,card,38.7,Cappuccino,Afternoon,Sat,Mar,6,3,23-03-2024,10:07.7,134,2024,Mar-24
13,card,38.7,Cocoa,Afternoon,Sat,Mar,6,3,23-03-2024,11:12.2,135,2024,Mar-24
14,card,33.8,Americano with Milk,Afternoon,Sat,Mar,6,3,23-03-2024,44:41.3,136,2024,Mar-24
15,card,38.7,Latte,Afternoon,Sat,Mar,6,3,23-03-2024,47:19.1,137,2024,Mar-24
15,card,33.8,Americano with Milk,Afternoon,Sat,Mar,6,3,23-03-2024,49:33.8,138,2024,Mar-24
16,card,28.9,Cortado,Afternoon,Sat,Mar,6,3,23-03-2024,00:58.4,139,2024,Mar-24
18,card,38.7,Latte,Night,Sun,Mar,7,3,24-03-2024,45:08.4,140,2024,Mar-24
10,card,38.7,Latte,Morning,Mon,Mar,1,3,25-03-2024,31:47.2,141,2024,Mar-24
14,card,38.7,Latte,Afternoon,Mon,Mar,1,3,25-03-2024,27:09.2,142,2024,Mar-24
14,card,38.7,Latte,Afternoon,Mon,Mar,1,3,25-03-2024,29:25.3,143,2024,Mar-24
18,card,33.8,Americano with Milk,Night,Mon,Mar,1,3,25-03-2024,37:30.6,144,2024,Mar-24
19,card,38.7,Cappuccino,Night,Mon,Mar,1,3,25-03-2024,34:24.5,145,2024,Mar-24
10,card,38.7,Cocoa,Morning,Tue,Mar,2,3,26-03-2024,35:49.7,146,2024,Mar-24
10,card,38.7,Latte,Morning,Tue,Mar,2,3,26-03-2024,36:36.2,147,2024,Mar-24
10,card,38.7,Latte,Morning,Tue,Mar,2,3,26-03-2024,42:30.2,148,2024,Mar-24
11,card,28.9,Cortado,Morning,Tue,Mar,2,3,26-03-2024,11:47.3,149,2024,Mar-24
13,card,28.9,Americano,Afternoon,Tue,Mar,2,3,26-03-2024,35:52.8,150,2024,Mar-24
13,card,28.9,Cortado,Afternoon,Tue,Mar,2,3,26-03-2024,36:49.6,151,2024,Mar-24
13,card,28.9,Cortado,Afternoon,Tue,Mar,2,3,26-03-2024,37:59.7,152,2024,Mar-24
13,card,28.9,Americano,Afternoon,Tue,Mar,2,3,26-03-2024,57:53.7,153,2024,Mar-24
15,card,38.7,Latte,Afternoon,Tue,Mar,2,3,26-03-2024,48:02.3,154,2024,Mar-24
18,card,38.7,Latte,Night,Tue,Mar,2,3,26-03-2024,33:38.6,155,2024,Mar-24
18,card,38.7,Hot Chocolate,Night,Tue,Mar,2,3,26-03-2024,34:54.6,156,2024,Mar-24
11,card,28.9,Cortado,Morning,Wed,Mar,3,3,27-03-2024,04:51.2,157,2024,Mar-24
11,card,33.8,Americano with Milk,Morning,Wed,Mar,3,3,27-03-2024,05:58.2,158,2024,Mar-24
12,card,33.8,Americano with Milk,Afternoon,Wed,Mar,3,3,27-03-2024,57:00.5,159,2024,Mar-24
13,card,38.7,Hot Chocolate,Afternoon,Wed,Mar,3,3,27-03-2024,35:20.0,160,2024,Mar-24
14,card,38.7,Cappuccino,Afternoon,Wed,Mar,3,3,27-03-2024,22:31.7,161,2024,Mar-24
14,card,28.9,Americano,Afternoon,Wed,Mar,3,3,27-03-2024,23:35.4,162,2024,Mar-24
18,card,28.9,Cortado,Night,Wed,Mar,3,3,27-03-2024,30:11.8,163,2024,Mar-24
14,card,28.9,Cortado,Afternoon,Thu,Mar,4,3,28-03-2024,24:47.1,164,2024,Mar-24
17,card,28.9,Cortado,Night,Thu,Mar,4,3,28-03-2024,24:46.2,165,2024,Mar-24
17,card,28.9,Americano,Night,Thu,Mar,4,3,28-03-2024,27:05.3,166,2024,Mar-24
17,card,38.7,Latte,Night,Thu,Mar,4,3,28-03-2024,32:44.7,167,2024,Mar-24
10,card,38.7,Latte,Morning,Fri,Mar,5,3,29-03-2024,56:19.5,168,2024,Mar-24
12,card,38.7,Cappuccino,Afternoon,Fri,Mar,5,3,29-03-2024,34:17.4,169,2024,Mar-24
12,card,38.7,Cappuccino,Afternoon,Fri,Mar,5,3,29-03-2024,41:32.1,170,2024,Mar-24
11,card,38.7,Latte,Morning,Sat,Mar,6,3,30-03-2024,59:19.9,171,2024,Mar-24
16,card,38.7,Latte,Afternoon,Sat,Mar,6,3,30-03-2024,12:31.8,172,2024,Mar-24
16,card,38.7,Latte,Afternoon,Sat,Mar,6,3,30-03-2024,36:40.5,173,2024,Mar-24
16,card,33.8,Americano with Milk,Afternoon,Sat,Mar,6,3,30-03-2024,37:57.6,174,2024,Mar-24
10,card,38.7,Cappuccino,Morning,Sun,Mar,7,3,31-03-2024,40:04.5,175,2024,Mar-24
10,card,28.9,Americano,Morning,Mon,Apr,1,4,01-04-2024,28:47.6,176,2024,Apr-24
10,card,33.8,Americano with Milk,Morning,Mon,Apr,1,4,01-04-2024,29:42.3,177,2024,Apr-24
10,card,33.8,Americano with Milk,Morning,Mon,Apr,1,4,01-04-2024,30:43.7,178,2024,Apr-24
11,card,33.8,Americano with Milk,Morning,Mon,Apr,1,4,01-04-2024,15:43.8,179,2024,Apr-24
18,card,33.8,Americano with Milk,Night,Mon,Apr,1,4,01-04-2024,18:42.4,180,2024,Apr-24
18,card,38.7,Hot Chocolate,Night,Mon,Apr,1,4,01-04-2024,45:27.4,181,2024,Apr-24
10,card,38.7,Latte,Morning,Tue,Apr,2,4,02-04-2024,01:14.0,182,2024,Apr-24
16,card,28.9,Americano,Afternoon,Tue,Apr,2,4,02-04-2024,18:34.2,183,2024,Apr-24
16,card,28.9,Cortado,Afternoon,Tue,Apr,2,4,02-04-2024,19:28.5,184,2024,Apr-24
10,card,28.9,Cortado,Morning,Wed,Apr,3,4,03-04-2024,19:13.6,185,2024,Apr-24
10,card,28.9,Americano,Morning,Wed,Apr,3,4,03-04-2024,20:07.7,186,2024,Apr-24
13,card,38.7,Cappuccino,Afternoon,Wed,Apr,3,4,03-04-2024,12:05.4,187,2024,Apr-24
10,card,38.7,Latte,Morning,Thu,Apr,4,4,04-04-2024,44:56.0,188,2024,Apr-24
11,card,38.7,Latte,Morning,Thu,Apr,4,4,04-04-2024,26:38.1,189,2024,Apr-24
11,card,38.7,Cappuccino,Morning,Thu,Apr,4,4,04-04-2024,27:48.4,190,2024,Apr-24
12,card,28.9,Cortado,Afternoon,Thu,Apr,4,4,04-04-2024,23:02.2,191,2024,Apr-24
10,card,28.9,Americano,Morning,Fri,Apr,5,4,05-04-2024,40:42.7,192,2024,Apr-24
10,card,28.9,Americano,Morning,Fri,Apr,5,4,05-04-2024,42:06.2,193,2024,Apr-24
11,card,28.9,Cortado,Morning,Fri,Apr,5,4,05-04-2024,06:14.6,194,2024,Apr-24
12,card,33.8,Americano with Milk,Afternoon,Fri,Apr,5,4,05-04-2024,14:28.0,195,2024,Apr-24
14,card,38.7,Latte,Afternoon,Fri,Apr,5,4,05-04-2024,23:40.4,196,2024,Apr-24
14,card,28.9,Cortado,Afternoon,Fri,Apr,5,4,05-04-2024,24:50.4,197,2024,Apr-24
16,card,24,Espresso,Afternoon,Fri,Apr,5,4,05-04-2024,18:23.6,198,2024,Apr-24
12,card,33.8,Americano with Milk,Afternoon,Sat,Apr,6,4,06-04-2024,32:31.4,199,2024,Apr-24
14,card,38.7,Cappuccino,Afternoon,Sat,Apr,6,4,06-04-2024,13:18.7,200,2024,Apr-24
14,card,28.9,Americano,Afternoon,Sat,Apr,6,4,06-04-2024,14:27.0,201,2024,Apr-24
14,card,38.7,Latte,Afternoon,Sat,Apr,6,4,06-04-2024,49:50.2,202,2024,Apr-24
10,card,38.7,Latte,Morning,Sun,Apr,7,4,07-04-2024,12:53.2,203,2024,Apr-24
12,card,38.7,Cappuccino,Afternoon,Sun,Apr,7,4,07-04-2024,44:31.9,204,2024,Apr-24
12,card,38.7,Cappuccino,Afternoon,Sun,Apr,7,4,07-04-2024,46:05.1,205,2024,Apr-24
14,card,28.9,Cortado,Afternoon,Sun,Apr,7,4,07-04-2024,16:24.9,206,2024,Apr-24
14,card,24,Espresso,Afternoon,Sun,Apr,7,4,07-04-2024,17:30.6,207,2024,Apr-24
18,card,38.7,Hot Chocolate,Night,Sun,Apr,7,4,07-04-2024,01:16.6,208,2024,Apr-24
18,card,33.8,Americano with Milk,Night,Sun,Apr,7,4,07-04-2024,02:03.9,209,2024,Apr-24
10,card,33.8,Americano with Milk,Morning,Mon,Apr,1,4,08-04-2024,58:21.1,210,2024,Apr-24
10,card,38.7,Cappuccino,Morning,Mon,Apr,1,4,08-04-2024,59:27.6,211,2024,Apr-24
11,card,28.9,Americano,Morning,Mon,Apr,1,4,08-04-2024,01:20.5,212,2024,Apr-24
11,card,38.7,Cappuccino,Morning,Mon,Apr,1,4,08-04-2024,04:47.0,213,2024,Apr-24
16,card,38.7,Latte,Afternoon,Mon,Apr,1,4,08-04-2024,41:37.8,214,2024,Apr-24
18,card,28.9,Americano,Night,Mon,Apr,1,4,08-04-2024,18:09.7,215,2024,Apr-24
19,card,33.8,Americano with Milk,Night,Mon,Apr,1,4,08-04-2024,22:27.5,216,2024,Apr-24
19,card,38.7,Cappuccino,Night,Mon,Apr,1,4,08-04-2024,23:59.3,217,2024,Apr-24
11,card,38.7,Latte,Morning,Tue,Apr,2,4,09-04-2024,42:28.5,218,2024,Apr-24
15,card,38.7,Hot Chocolate,Afternoon,Tue,Apr,2,4,09-04-2024,11:48.7,219,2024,Apr-24
17,card,38.7,Hot Chocolate,Night,Tue,Apr,2,4,09-04-2024,25:23.9,220,2024,Apr-24
17,card,24,Espresso,Night,Wed,Apr,3,4,10-04-2024,55:31.2,221,2024,Apr-24
18,card,38.7,Cappuccino,Night,Wed,Apr,3,4,10-04-2024,24:59.3,222,2024,Apr-24
20,card,38.7,Latte,Night,Wed,Apr,3,4,10-04-2024,04:05.4,223,2024,Apr-24
10,card,28.9,Americano,Morning,Thu,Apr,4,4,11-04-2024,41:23.2,224,2024,Apr-24
10,card,28.9,Americano,Morning,Thu,Apr,4,4,11-04-2024,42:59.4,225,2024,Apr-24
16,card,38.7,Latte,Afternoon,Thu,Apr,4,4,11-04-2024,35:23.1,226,2024,Apr-24
19,card,38.7,Cappuccino,Night,Thu,Apr,4,4,11-04-2024,16:56.6,227,2024,Apr-24
19,card,33.8,Americano with Milk,Night,Thu,Apr,4,4,11-04-2024,18:36.6,228,2024,Apr-24
19,card,38.7,Hot Chocolate,Night,Fri,Apr,5,4,12-04-2024,03:43.4,229,2024,Apr-24
19,card,28.9,Cortado,Night,Fri,Apr,5,4,12-04-2024,38:23.2,230,2024,Apr-24
12,card,38.7,Latte,Afternoon,Sat,Apr,6,4,13-04-2024,29:19.8,231,2024,Apr-24
12,card,28.9,Americano,Afternoon,Sat,Apr,6,4,13-04-2024,43:02.4,232,2024,Apr-24
16,card,38.7,Cappuccino,Afternoon,Sat,Apr,6,4,13-04-2024,18:03.9,233,2024,Apr-24
16,card,38.7,Latte,Afternoon,Sat,Apr,6,4,13-04-2024,19:39.8,234,2024,Apr-24
17,card,38.7,Cappuccino,Night,Sat,Apr,6,4,13-04-2024,51:26.0,235,2024,Apr-24
17,card,38.7,Cappuccino,Night,Sat,Apr,6,4,13-04-2024,53:19.2,236,2024,Apr-24
12,card,38.7,Cappuccino,Afternoon,Sun,Apr,7,4,14-04-2024,24:39.0,237,2024,Apr-24
13,card,28.9,Cortado,Afternoon,Sun,Apr,7,4,14-04-2024,21:49.8,238,2024,Apr-24
14,card,28.9,Americano,Afternoon,Sun,Apr,7,4,14-04-2024,23:31.6,239,2024,Apr-24
14,card,28.9,Americano,Afternoon,Sun,Apr,7,4,14-04-2024,24:26.9,240,2024,Apr-24
14,card,28.9,Americano,Afternoon,Sun,Apr,7,4,14-04-2024,25:18.1,241,2024,Apr-24
15,card,38.7,Cappuccino,Afternoon,Sun,Apr,7,4,14-04-2024,46:27.7,242,2024,Apr-24
16,card,28.9,Cortado,Afternoon,Sun,Apr,7,4,14-04-2024,59:54.8,243,2024,Apr-24
17,card,38.7,Latte,Night,Sun,Apr,7,4,14-04-2024,00:45.4,244,2024,Apr-24
18,card,38.7,Cappuccino,Night,Sun,Apr,7,4,14-04-2024,38:19.6,245,2024,Apr-24
11,card,28.9,Americano,Morning,Mon,Apr,1,4,15-04-2024,45:24.6,246,2024,Apr-24
17,card,28.9,Americano,Night,Mon,Apr,1,4,15-04-2024,01:46.4,247,2024,Apr-24
17,card,33.8,Americano with Milk,Night,Mon,Apr,1,4,15-04-2024,02:49.7,248,2024,Apr-24
19,card,33.8,Americano with Milk,Night,Mon,Apr,1,4,15-04-2024,33:03.0,249,2024,Apr-24
10,card,33.8,Americano with Milk,Morning,Tue,Apr,2,4,16-04-2024,46:25.7,250,2024,Apr-24
12,card,38.7,Cocoa,Afternoon,Tue,Apr,2,4,16-04-2024,40:47.7,251,2024,Apr-24
12,card,28.9,Cortado,Afternoon,Tue,Apr,2,4,16-04-2024,52:07.8,252,2024,Apr-24
15,card,28.9,Americano,Afternoon,Tue,Apr,2,4,16-04-2024,03:16.9,253,2024,Apr-24
17,card,33.8,Americano with Milk,Night,Tue,Apr,2,4,16-04-2024,42:04.2,254,2024,Apr-24
17,card,38.7,Cappuccino,Night,Tue,Apr,2,4,16-04-2024,43:23.0,255,2024,Apr-24
18,card,38.7,Cocoa,Night,Tue,Apr,2,4,16-04-2024,09:05.3,256,2024,Apr-24
13,card,28.9,Americano,Afternoon,Wed,Apr,3,4,17-04-2024,32:59.8,257,2024,Apr-24
13,card,24,Espresso,Afternoon,Wed,Apr,3,4,17-04-2024,44:00.2,258,2024,Apr-24
17,card,38.7,Cappuccino,Night,Wed,Apr,3,4,17-04-2024,01:35.1,259,2024,Apr-24
17,card,38.7,Cappuccino,Night,Wed,Apr,3,4,17-04-2024,02:40.7,260,2024,Apr-24
18,card,28.9,Cortado,Night,Wed,Apr,3,4,17-04-2024,14:03.2,261,2024,Apr-24
11,card,28.9,Americano,Morning,Thu,Apr,4,4,18-04-2024,19:01.7,262,2024,Apr-24
11,card,28.9,Americano,Morning,Thu,Apr,4,4,18-04-2024,20:05.7,263,2024,Apr-24
13,card,33.8,Americano with Milk,Afternoon,Thu,Apr,4,4,18-04-2024,49:12.7,264,2024,Apr-24
13,card,28.9,Cortado,Afternoon,Thu,Apr,4,4,18-04-2024,50:17.3,265,2024,Apr-24
14,card,38.7,Cappuccino,Afternoon,Thu,Apr,4,4,18-04-2024,34:19.8,266,2024,Apr-24
14,card,38.7,Latte,Afternoon,Thu,Apr,4,4,18-04-2024,35:49.4,267,2024,Apr-24
17,card,38.7,Latte,Night,Thu,Apr,4,4,18-04-2024,44:15.8,268,2024,Apr-24
18,card,38.7,Cappuccino,Night,Thu,Apr,4,4,18-04-2024,21:05.9,269,2024,Apr-24
19,card,38.7,Hot Chocolate,Night,Thu,Apr,4,4,18-04-2024,39:51.2,270,2024,Apr-24
19,card,38.7,Hot Chocolate,Night,Thu,Apr,4,4,18-04-2024,40:49.0,271,2024,Apr-24
10,card,38.7,Latte,Morning,Fri,Apr,5,4,19-04-2024,10:36.3,272,2024,Apr-24
13,card,33.8,Americano with Milk,Afternoon,Fri,Apr,5,4,19-04-2024,11:47.8,273,2024,Apr-24
13,card,38.7,Cappuccino,Afternoon,Fri,Apr,5,4,19-04-2024,13:20.9,274,2024,Apr-24
13,card,38.7,Hot Chocolate,Afternoon,Fri,Apr,5,4,19-04-2024,58:54.1,275,2024,Apr-24
13,card,38.7,Cappuccino,Afternoon,Fri,Apr,5,4,19-04-2024,59:49.7,276,2024,Apr-24
18,card,38.7,Cocoa,Night,Fri,Apr,5,4,19-04-2024,23:19.3,277,2024,Apr-24
18,card,33.8,Americano with Milk,Night,Fri,Apr,5,4,19-04-2024,25:33.4,278,2024,Apr-24
12,card,33.8,Americano with Milk,Afternoon,Sat,Apr,6,4,20-04-2024,08:35.7,279,2024,Apr-24
12,card,33.8,Americano with Milk,Afternoon,Sat,Apr,6,4,20-04-2024,09:42.7,280,2024,Apr-24
13,card,28.9,Americano,Afternoon,Sat,Apr,6,4,20-04-2024,08:37.4,281,2024,Apr-24
13,card,33.8,Americano with Milk,Afternoon,Sat,Apr,6,4,20-04-2024,09:47.9,282,2024,Apr-24
13,card,38.7,Hot Chocolate,Afternoon,Sat,Apr,6,4,20-04-2024,10:55.2,283,2024,Apr-24
14,card,38.7,Cappuccino,Afternoon,Sat,Apr,6,4,20-04-2024,44:18.1,284,2024,Apr-24
15,card,33.8,Americano with Milk,Afternoon,Sat,Apr,6,4,20-04-2024,11:00.3,285,2024,Apr-24
15,card,32.82,Americano with Milk,Afternoon,Sat,Apr,6,4,20-04-2024,22:40.7,286,2024,Apr-24
15,card,32.82,Americano with Milk,Afternoon,Sat,Apr,6,4,20-04-2024,49:25.1,287,2024,Apr-24
18,card,37.72,Cappuccino,Night,Sat,Apr,6,4,20-04-2024,27:41.5,288,2024,Apr-24
18,card,37.72,Cappuccino,Night,Sat,Apr,6,4,20-04-2024,28:46.9,289,2024,Apr-24
19,card,37.72,Latte,Night,Sat,Apr,6,4,20-04-2024,30:55.3,290,2024,Apr-24
11,card,37.72,Latte,Morning,Sun,Apr,7,4,21-04-2024,16:45.7,291,2024,Apr-24
14,card,27.92,Americano,Afternoon,Sun,Apr,7,4,21-04-2024,15:37.5,292,2024,Apr-24
11,card,27.92,Americano,Morning,Mon,Apr,1,4,22-04-2024,09:16.4,293,2024,Apr-24
11,card,32.82,Americano with Milk,Morning,Mon,Apr,1,4,22-04-2024,29:27.1,294,2024,Apr-24
19,card,37.72,Latte,Night,Mon,Apr,1,4,22-04-2024,39:04.8,295,2024,Apr-24
14,card,37.72,Cappuccino,Afternoon,Tue,Apr,2,4,23-04-2024,22:36.0,296,2024,Apr-24
14,card,32.82,Americano with Milk,Afternoon,Tue,Apr,2,4,23-04-2024,23:53.1,297,2024,Apr-24
14,card,37.72,Cappuccino,Afternoon,Tue,Apr,2,4,23-04-2024,24:57.5,298,2024,Apr-24
19,card,32.82,Americano with Milk,Night,Tue,Apr,2,4,23-04-2024,42:27.8,299,2024,Apr-24
19,card,32.82,Americano with Milk,Night,Tue,Apr,2,4,23-04-2024,43:26.2,300,2024,Apr-24
10,card,37.72,Latte,Morning,Wed,Apr,3,4,24-04-2024,19:38.3,301,2024,Apr-24
10,card,32.82,Americano with Milk,Morning,Wed,Apr,3,4,24-04-2024,21:27.3,302,2024,Apr-24
11,card,32.82,Americano with Milk,Morning,Wed,Apr,3,4,24-04-2024,23:46.1,303,2024,Apr-24
11,card,32.82,Americano with Milk,Morning,Wed,Apr,3,4,24-04-2024,33:26.3,304,2024,Apr-24
12,card,32.82,Americano with Milk,Afternoon,Wed,Apr,3,4,24-04-2024,39:09.3,305,2024,Apr-24
16,card,32.82,Americano with Milk,Afternoon,Wed,Apr,3,4,24-04-2024,39:07.4,306,2024,Apr-24
19,card,32.82,Americano with Milk,Night,Wed,Apr,3,4,24-04-2024,39:50.0,307,2024,Apr-24
19,card,37.72,Cappuccino,Night,Wed,Apr,3,4,24-04-2024,40:54.0,308,2024,Apr-24
10,card,27.92,Americano,Morning,Thu,Apr,4,4,25-04-2024,46:08.1,309,2024,Apr-24
15,card,37.72,Latte,Afternoon,Thu,Apr,4,4,25-04-2024,18:27.0,310,2024,Apr-24
17,card,27.92,Americano,Night,Thu,Apr,4,4,25-04-2024,09:43.5,311,2024,Apr-24
17,card,27.92,Americano,Night,Thu,Apr,4,4,25-04-2024,10:49.2,312,2024,Apr-24
10,card,37.72,Latte,Morning,Fri,Apr,5,4,26-04-2024,12:50.6,313,2024,Apr-24
12,card,37.72,Latte,Afternoon,Fri,Apr,5,4,26-04-2024,01:30.6,314,2024,Apr-24
13,card,37.72,Cappuccino,Afternoon,Fri,Apr,5,4,26-04-2024,31:28.3,315,2024,Apr-24
15,card,27.92,Americano,Afternoon,Fri,Apr,5,4,26-04-2024,32:35.4,316,2024,Apr-24
15,card,27.92,Americano,Afternoon,Fri,Apr,5,4,26-04-2024,33:33.1,317,2024,Apr-24
16,card,27.92,Cortado,Afternoon,Fri,Apr,5,4,26-04-2024,23:26.5,318,2024,Apr-24
16,card,27.92,Americano,Afternoon,Fri,Apr,5,4,26-04-2024,24:33.8,319,2024,Apr-24
19,card,37.72,Hot Chocolate,Night,Fri,Apr,5,4,26-04-2024,32:07.1,320,2024,Apr-24
19,card,37.72,Cocoa,Night,Fri,Apr,5,4,26-04-2024,33:30.2,321,2024,Apr-24
15,card,37.72,Cappuccino,Afternoon,Sat,Apr,6,4,27-04-2024,27:00.7,322,2024,Apr-24
10,card,37.72,Latte,Morning,Sun,Apr,7,4,28-04-2024,32:52.5,323,2024,Apr-24
12,card,37.72,Cappuccino,Afternoon,Sun,Apr,7,4,28-04-2024,30:09.7,324,2024,Apr-24
18,card,27.92,Americano,Night,Sun,Apr,7,4,28-04-2024,27:08.2,325,2024,Apr-24
18,card,27.92,Americano,Night,Sun,Apr,7,4,28-04-2024,28:11.4,326,2024,Apr-24
18,card,37.72,Latte,Night,Sun,Apr,7,4,28-04-2024,29:02.4,327,2024,Apr-24
11,card,27.92,Cortado,Morning,Mon,Apr,1,4,29-04-2024,26:31.9,328,2024,Apr-24
13,card,27.92,Americano,Afternoon,Mon,Apr,1,4,29-04-2024,27:56.9,329,2024,Apr-24
13,card,27.92,Cortado,Afternoon,Mon,Apr,1,4,29-04-2024,28:53.9,330,2024,Apr-24
13,card,27.92,Cortado,Afternoon,Mon,Apr,1,4,29-04-2024,53:35.7,331,2024,Apr-24
13,card,32.82,Americano with Milk,Afternoon,Mon,Apr,1,4,29-04-2024,54:24.4,332,2024,Apr-24
18,card,37.72,Cappuccino,Night,Mon,Apr,1,4,29-04-2024,37:48.4,333,2024,Apr-24
19,card,37.72,Cappuccino,Night,Mon,Apr,1,4,29-04-2024,12:33.2,334,2024,Apr-24
19,card,37.72,Cappuccino,Night,Mon,Apr,1,4,29-04-2024,13:37.9,335,2024,Apr-24
10,card,37.72,Latte,Morning,Tue,Apr,2,4,30-04-2024,16:41.5,336,2024,Apr-24
10,card,32.82,Americano with Milk,Morning,Tue,Apr,2,4,30-04-2024,34:52.2,337,2024,Apr-24
10,card,32.82,Americano with Milk,Morning,Tue,Apr,2,4,30-04-2024,35:47.6,338,2024,Apr-24
13,card,27.92,Americano,Afternoon,Tue,Apr,2,4,30-04-2024,41:52.3,339,2024,Apr-24
13,card,32.82,Americano with Milk,Afternoon,Tue,Apr,2,4,30-04-2024,43:00.0,340,2024,Apr-24
19,card,37.72,Cappuccino,Night,Tue,Apr,2,4,30-04-2024,19:18.1,341,2024,Apr-24
19,card,32.82,Americano with Milk,Night,Tue,Apr,2,4,30-04-2024,30:04.0,342,2024,Apr-24
19,card,37.72,Latte,Night,Tue,Apr,2,4,30-04-2024,31:21.0,343,2024,Apr-24
10,card,27.92,Americano,Morning,Thu,May,4,5,02-05-2024,33:55.7,344,2024,May-24
13,card,32.82,Americano with Milk,Afternoon,Thu,May,4,5,02-05-2024,49:39.9,345,2024,May-24
18,card,37.72,Cappuccino,Night,Thu,May,4,5,02-05-2024,36:22.1,346,2024,May-24
18,card,32.82,Americano with Milk,Night,Thu,May,4,5,02-05-2024,41:11.2,347,2024,May-24
19,card,37.72,Latte,Night,Thu,May,4,5,02-05-2024,18:33.1,348,2024,May-24
19,card,37.72,Cappuccino,Night,Thu,May,4,5,02-05-2024,19:56.4,349,2024,May-24
14,card,37.72,Latte,Afternoon,Fri,May,5,5,03-05-2024,30:00.9,350,2024,May-24
17,card,37.72,Latte,Night,Fri,May,5,5,03-05-2024,03:24.9,351,2024,May-24
10,card,27.92,Americano,Morning,Mon,May,1,5,06-05-2024,05:17.9,352,2024,May-24
10,card,37.72,Cappuccino,Morning,Mon,May,1,5,06-05-2024,06:51.6,353,2024,May-24
10,card,32.82,Americano with Milk,Morning,Mon,May,1,5,06-05-2024,08:05.9,354,2024,May-24
10,card,27.92,Americano,Morning,Mon,May,1,5,06-05-2024,09:08.0,355,2024,May-24
10,card,27.92,Cortado,Morning,Mon,May,1,5,06-05-2024,39:12.6,356,2024,May-24
13,card,27.92,Cortado,Afternoon,Mon,May,1,5,06-05-2024,18:11.0,357,2024,May-24
13,card,27.92,Americano,Afternoon,Mon,May,1,5,06-05-2024,19:00.8,358,2024,May-24
19,card,37.72,Cappuccino,Night,Mon,May,1,5,06-05-2024,18:13.0,359,2024,May-24
19,card,37.72,Cappuccino,Night,Mon,May,1,5,06-05-2024,19:49.5,360,2024,May-24
10,card,37.72,Cocoa,Morning,Tue,May,2,5,07-05-2024,44:55.6,361,2024,May-24
11,card,27.92,Cortado,Morning,Tue,May,2,5,07-05-2024,21:58.5,362,2024,May-24
13,card,27.92,Cortado,Afternoon,Tue,May,2,5,07-05-2024,23:34.9,363,2024,May-24
16,card,37.72,Cocoa,Afternoon,Tue,May,2,5,07-05-2024,42:07.9,364,2024,May-24
16,card,27.92,Americano,Afternoon,Tue,May,2,5,07-05-2024,55:38.8,365,2024,May-24
17,card,37.72,Cappuccino,Night,Tue,May,2,5,07-05-2024,37:46.4,366,2024,May-24
17,card,37.72,Latte,Night,Tue,May,2,5,07-05-2024,38:48.2,367,2024,May-24
19,card,37.72,Cappuccino,Night,Tue,May,2,5,07-05-2024,12:12.5,368,2024,May-24
19,card,37.72,Cappuccino,Night,Tue,May,2,5,07-05-2024,13:12.2,369,2024,May-24
10,card,37.72,Latte,Morning,Wed,May,3,5,08-05-2024,07:28.9,370,2024,May-24
12,card,37.72,Cappuccino,Afternoon,Thu,May,4,5,09-05-2024,54:21.8,371,2024,May-24
13,card,27.92,Americano,Afternoon,Thu,May,4,5,09-05-2024,03:58.6,372,2024,May-24
13,card,37.72,Latte,Afternoon,Thu,May,4,5,09-05-2024,04:57.6,373,2024,May-24
13,card,37.72,Latte,Afternoon,Thu,May,4,5,09-05-2024,06:11.3,374,2024,May-24
13,card,37.72,Latte,Afternoon,Thu,May,4,5,09-05-2024,07:16.4,375,2024,May-24
16,card,27.92,Americano,Afternoon,Thu,May,4,5,09-05-2024,55:14.6,376,2024,May-24
16,card,27.92,Americano,Afternoon,Thu,May,4,5,09-05-2024,56:15.0,377,2024,May-24
18,card,27.92,Americano,Night,Thu,May,4,5,09-05-2024,01:29.9,378,2024,May-24
18,card,32.82,Americano with Milk,Night,Thu,May,4,5,09-05-2024,13:56.2,379,2024,May-24
15,card,37.72,Latte,Afternoon,Fri,May,5,5,10-05-2024,46:21.5,380,2024,May-24
15,card,37.72,Latte,Afternoon,Fri,May,5,5,10-05-2024,47:32.5,381,2024,May-24
11,card,37.72,Latte,Morning,Sat,May,6,5,11-05-2024,39:52.9,382,2024,May-24
17,card,32.82,Americano with Milk,Night,Sat,May,6,5,11-05-2024,20:30.4,383,2024,May-24
17,card,37.72,Cocoa,Night,Sat,May,6,5,11-05-2024,21:56.1,384,2024,May-24
17,card,37.72,Cappuccino,Night,Sat,May,6,5,11-05-2024,23:57.3,385,2024,May-24
17,card,32.82,Americano with Milk,Night,Sat,May,6,5,11-05-2024,28:54.1,386,2024,May-24
18,card,37.72,Cappuccino,Night,Sat,May,6,5,11-05-2024,35:40.3,387,2024,May-24
19,card,37.72,Latte,Night,Sat,May,6,5,11-05-2024,38:16.1,388,2024,May-24
10,card,37.72,Latte,Morning,Sun,May,7,5,12-05-2024,20:42.5,389,2024,May-24
13,card,37.72,Latte,Afternoon,Sun,May,7,5,12-05-2024,24:03.5,390,2024,May-24
13,card,27.92,Americano,Afternoon,Sun,May,7,5,12-05-2024,27:39.0,391,2024,May-24
15,card,37.72,Latte,Afternoon,Sun,May,7,5,12-05-2024,16:19.8,392,2024,May-24
15,card,32.82,Americano with Milk,Afternoon,Sun,May,7,5,12-05-2024,38:02.4,393,2024,May-24
15,card,32.82,Americano with Milk,Afternoon,Sun,May,7,5,12-05-2024,52:14.9,394,2024,May-24
16,card,32.82,Americano with Milk,Afternoon,Sun,May,7,5,12-05-2024,04:21.1,395,2024,May-24
19,card,32.82,Americano with Milk,Night,Sun,May,7,5,12-05-2024,41:30.6,396,2024,May-24
11,card,32.82,Americano with Milk,Morning,Mon,May,1,5,13-05-2024,03:53.3,397,2024,May-24
8,card,27.92,Americano,Morning,Tue,May,2,5,14-05-2024,38:14.6,398,2024,May-24
8,card,27.92,Americano,Morning,Tue,May,2,5,14-05-2024,39:25.5,399,2024,May-24
8,card,27.92,Americano,Morning,Tue,May,2,5,14-05-2024,40:17.5,400,2024,May-24
10,card,37.72,Cappuccino,Morning,Tue,May,2,5,14-05-2024,19:23.2,401,2024,May-24
11,card,37.72,Latte,Morning,Tue,May,2,5,14-05-2024,32:29.4,402,2024,May-24
11,card,37.72,Cappuccino,Morning,Tue,May,2,5,14-05-2024,34:12.9,403,2024,May-24
14,card,37.72,Cappuccino,Afternoon,Tue,May,2,5,14-05-2024,04:54.6,404,2024,May-24
14,card,32.82,Americano with Milk,Afternoon,Tue,May,2,5,14-05-2024,06:00.4,405,2024,May-24
15,card,27.92,Americano,Afternoon,Tue,May,2,5,14-05-2024,01:54.8,406,2024,May-24
16,card,32.82,Americano with Milk,Afternoon,Tue,May,2,5,14-05-2024,57:57.2,407,2024,May-24
16,card,37.72,Cappuccino,Afternoon,Tue,May,2,5,14-05-2024,59:10.2,408,2024,May-24
22,card,37.72,Hot Chocolate,Night,Tue,May,2,5,14-05-2024,51:25.2,409,2024,May-24
8,card,37.72,Latte,Morning,Wed,May,3,5,15-05-2024,40:05.7,410,2024,May-24
11,card,23.02,Espresso,Morning,Wed,May,3,5,15-05-2024,14:19.4,411,2024,May-24
11,card,27.92,Americano,Morning,Wed,May,3,5,15-05-2024,19:10.0,412,2024,May-24
13,card,27.92,Americano,Afternoon,Wed,May,3,5,15-05-2024,34:35.1,413,2024,May-24
13,card,27.92,Americano,Afternoon,Wed,May,3,5,15-05-2024,35:29.2,414,2024,May-24
13,card,27.92,Americano,Afternoon,Wed,May,3,5,15-05-2024,36:27.3,415,2024,May-24
13,card,32.82,Americano with Milk,Afternoon,Wed,May,3,5,15-05-2024,55:29.0,416,2024,May-24
14,card,27.92,Cortado,Afternoon,Wed,May,3,5,15-05-2024,38:52.3,417,2024,May-24
14,card,27.92,Cortado,Afternoon,Wed,May,3,5,15-05-2024,39:44.4,418,2024,May-24
17,card,23.02,Espresso,Night,Wed,May,3,5,15-05-2024,28:58.6,419,2024,May-24
20,card,37.72,Cappuccino,Night,Wed,May,3,5,15-05-2024,20:34.8,420,2024,May-24
10,card,32.82,Americano with Milk,Morning,Thu,May,4,5,16-05-2024,38:42.5,421,2024,May-24
10,card,32.82,Americano with Milk,Morning,Thu,May,4,5,16-05-2024,39:49.4,422,2024,May-24
12,card,32.82,Americano with Milk,Afternoon,Thu,May,4,5,16-05-2024,14:00.1,423,2024,May-24
15,card,37.72,Hot Chocolate,Afternoon,Thu,May,4,5,16-05-2024,15:16.3,424,2024,May-24
17,card,37.72,Latte,Night,Thu,May,4,5,16-05-2024,44:31.5,425,2024,May-24
18,card,37.72,Hot Chocolate,Night,Thu,May,4,5,16-05-2024,12:56.9,426,2024,May-24
18,card,37.72,Latte,Night,Thu,May,4,5,16-05-2024,13:58.2,427,2024,May-24
9,card,27.92,Americano,Morning,Fri,May,5,5,17-05-2024,00:48.5,428,2024,May-24
11,card,32.82,Americano with Milk,Morning,Fri,May,5,5,17-05-2024,30:27.6,429,2024,May-24
19,card,32.82,Americano with Milk,Night,Fri,May,5,5,17-05-2024,55:18.5,430,2024,May-24
19,card,37.72,Cappuccino,Night,Fri,May,5,5,17-05-2024,56:46.8,431,2024,May-24
20,card,37.72,Cappuccino,Night,Fri,May,5,5,17-05-2024,37:52.9,432,2024,May-24
22,card,27.92,Americano,Night,Fri,May,5,5,17-05-2024,34:50.8,433,2024,May-24
22,card,37.72,Latte,Night,Fri,May,5,5,17-05-2024,36:33.4,434,2024,May-24
22,card,37.72,Latte,Night,Fri,May,5,5,17-05-2024,37:42.8,435,2024,May-24
8,card,37.72,Cappuccino,Morning,Sat,May,6,5,18-05-2024,01:37.9,436,2024,May-24
8,card,37.72,Cappuccino,Morning,Sat,May,6,5,18-05-2024,02:40.0,437,2024,May-24
11,card,32.82,Americano with Milk,Morning,Sat,May,6,5,18-05-2024,15:56.1,438,2024,May-24
16,card,32.82,Americano with Milk,Afternoon,Sat,May,6,5,18-05-2024,48:29.4,439,2024,May-24
16,card,32.82,Americano with Milk,Afternoon,Sat,May,6,5,18-05-2024,49:27.1,440,2024,May-24
19,card,32.82,Americano with Milk,Night,Sat,May,6,5,18-05-2024,58:44.2,441,2024,May-24
20,card,37.72,Latte,Night,Sat,May,6,5,18-05-2024,22:53.1,442,2024,May-24
7,card,27.92,Americano,Morning,Sun,May,7,5,19-05-2024,58:38.3,443,2024,May-24
7,card,27.92,Americano,Morning,Sun,May,7,5,19-05-2024,59:33.5,444,2024,May-24
8,card,37.72,Cappuccino,Morning,Sun,May,7,5,19-05-2024,00:35.1,445,2024,May-24
12,card,32.82,Americano with Milk,Afternoon,Sun,May,7,5,19-05-2024,14:26.7,446,2024,May-24
14,card,27.92,Americano,Afternoon,Sun,May,7,5,19-05-2024,43:40.0,447,2024,May-24
15,card,32.82,Americano with Milk,Afternoon,Sun,May,7,5,19-05-2024,58:58.2,448,2024,May-24
18,card,32.82,Americano with Milk,Night,Sun,May,7,5,19-05-2024,12:36.3,449,2024,May-24
18,card,23.02,Espresso,Night,Sun,May,7,5,19-05-2024,13:47.8,450,2024,May-24
18,card,37.72,Hot Chocolate,Night,Sun,May,7,5,19-05-2024,16:30.0,451,2024,May-24
19,card,37.72,Cappuccino,Night,Sun,May,7,5,19-05-2024,51:07.0,452,2024,May-24
21,card,37.72,Cappuccino,Night,Sun,May,7,5,19-05-2024,15:41.8,453,2024,May-24
21,card,37.72,Cappuccino,Night,Sun,May,7,5,19-05-2024,18:36.1,454,2024,May-24
10,card,32.82,Americano with Milk,Morning,Mon,May,1,5,20-05-2024,05:59.2,455,2024,May-24
10,card,37.72,Latte,Morning,Mon,May,1,5,20-05-2024,17:51.9,456,2024,May-24
10,card,37.72,Latte,Morning,Mon,May,1,5,20-05-2024,58:48.4,457,2024,May-24
11,card,27.92,Americano,Morning,Mon,May,1,5,20-05-2024,15:16.4,458,2024,May-24
11,card,27.92,Americano,Morning,Mon,May,1,5,20-05-2024,16:19.6,459,2024,May-24
13,card,27.92,Americano,Afternoon,Mon,May,1,5,20-05-2024,27:13.4,460,2024,May-24
13,card,27.92,Americano,Afternoon,Mon,May,1,5,20-05-2024,28:10.4,461,2024,May-24
14,card,32.82,Americano with Milk,Afternoon,Mon,May,1,5,20-05-2024,13:19.0,462,2024,May-24
14,card,37.72,Cappuccino,Afternoon,Mon,May,1,5,20-05-2024,14:31.4,463,2024,May-24
17,card,37.72,Latte,Night,Mon,May,1,5,20-05-2024,12:51.1,464,2024,May-24
17,card,37.72,Latte,Night,Mon,May,1,5,20-05-2024,13:56.9,465,2024,May-24
20,card,32.82,Americano with Milk,Night,Mon,May,1,5,20-05-2024,36:48.3,466,2024,May-24
20,card,37.72,Cocoa,Night,Mon,May,1,5,20-05-2024,37:57.3,467,2024,May-24
20,card,27.92,Cortado,Night,Mon,May,1,5,20-05-2024,46:52.1,468,2024,May-24
21,card,32.82,Americano with Milk,Night,Mon,May,1,5,20-05-2024,36:54.0,469,2024,May-24
21,card,32.82,Americano with Milk,Night,Mon,May,1,5,20-05-2024,37:57.8,470,2024,May-24
8,card,37.72,Latte,Morning,Tue,May,2,5,21-05-2024,27:38.2,471,2024,May-24
16,card,37.72,Latte,Afternoon,Tue,May,2,5,21-05-2024,10:20.0,472,2024,May-24
18,card,23.02,Espresso,Night,Tue,May,2,5,21-05-2024,13:24.0,473,2024,May-24
19,card,37.72,Cappuccino,Night,Tue,May,2,5,21-05-2024,11:09.2,474,2024,May-24
20,card,37.72,Cappuccino,Night,Tue,May,2,5,21-05-2024,13:48.4,475,2024,May-24
9,card,37.72,Cappuccino,Morning,Wed,May,3,5,22-05-2024,34:41.8,476,2024,May-24
10,card,32.82,Americano with Milk,Morning,Wed,May,3,5,22-05-2024,49:47.0,477,2024,May-24
11,card,27.92,Cortado,Morning,Wed,May,3,5,22-05-2024,18:14.3,478,2024,May-24
11,card,32.82,Americano with Milk,Morning,Wed,May,3,5,22-05-2024,34:55.0,479,2024,May-24
12,card,27.92,Americano,Afternoon,Wed,May,3,5,22-05-2024,29:50.8,480,2024,May-24
12,card,27.92,Americano,Afternoon,Wed,May,3,5,22-05-2024,30:43.3,481,2024,May-24
14,card,32.82,Americano with Milk,Afternoon,Wed,May,3,5,22-05-2024,00:20.5,482,2024,May-24
19,card,37.72,Cappuccino,Night,Wed,May,3,5,22-05-2024,24:58.1,483,2024,May-24
19,card,37.72,Cappuccino,Night,Wed,May,3,5,22-05-2024,25:58.6,484,2024,May-24
21,card,37.72,Hot Chocolate,Night,Wed,May,3,5,22-05-2024,21:23:53,485,2024,May-24
21,card,37.72,Cappuccino,Night,Wed,May,3,5,22-05-2024,24:49.6,486,2024,May-24
10,card,37.72,Cappuccino,Morning,Thu,May,4,5,23-05-2024,10:19.6,487,2024,May-24
12,card,23.02,Espresso,Afternoon,Thu,May,4,5,23-05-2024,22:06.6,488,2024,May-24
15,card,37.72,Cappuccino,Afternoon,Thu,May,4,5,23-05-2024,55:16.6,489,2024,May-24
15,card,37.72,Cappuccino,Afternoon,Thu,May,4,5,23-05-2024,56:27.2,490,2024,May-24
16,card,37.72,Cappuccino,Afternoon,Thu,May,4,5,23-05-2024,18:14.1,491,2024,May-24
16,card,37.72,Latte,Afternoon,Thu,May,4,5,23-05-2024,41:00.0,492,2024,May-24
17,card,37.72,Cappuccino,Night,Thu,May,4,5,23-05-2024,14:33.2,493,2024,May-24
17,card,37.72,Latte,Night,Thu,May,4,5,23-05-2024,15:44.9,494,2024,May-24
19,card,27.92,Cortado,Night,Thu,May,4,5,23-05-2024,03:53.9,495,2024,May-24
19,card,37.72,Cappuccino,Night,Thu,May,4,5,23-05-2024,17:28.4,496,2024,May-24
19,card,37.72,Cappuccino,Night,Thu,May,4,5,23-05-2024,18:26.4,497,2024,May-24
19,card,37.72,Cappuccino,Night,Thu,May,4,5,23-05-2024,42:31.5,498,2024,May-24
20,card,37.72,Cappuccino,Night,Thu,May,4,5,23-05-2024,15:01.4,499,2024,May-24
20,card,37.72,Latte,Night,Thu,May,4,5,23-05-2024,16:24.2,500,2024,May-24
22,card,32.82,Americano with Milk,Night,Thu,May,4,5,23-05-2024,48:10.8,501,2024,May-24
11,card,27.92,Cortado,Morning,Fri,May,5,5,24-05-2024,11:59.2,502,2024,May-24
11,card,27.92,Americano,Morning,Fri,May,5,5,24-05-2024,15:08.3,503,2024,May-24
11,card,27.92,Americano,Morning,Fri,May,5,5,24-05-2024,16:13.0,504,2024,May-24
16,card,37.72,Hot Chocolate,Afternoon,Fri,May,5,5,24-05-2024,07:19.8,505,2024,May-24
18,card,27.92,Cortado,Night,Fri,May,5,5,24-05-2024,17:40.3,506,2024,May-24
18,card,27.92,Cortado,Night,Fri,May,5,5,24-05-2024,18:36.7,507,2024,May-24
22,card,32.82,Americano with Milk,Night,Fri,May,5,5,24-05-2024,30:40.2,508,2024,May-24
12,card,37.72,Latte,Afternoon,Sat,May,6,5,25-05-2024,13:53.4,509,2024,May-24
12,card,32.82,Americano with Milk,Afternoon,Sat,May,6,5,25-05-2024,42:10.3,510,2024,May-24
12,card,32.82,Americano with Milk,Afternoon,Sat,May,6,5,25-05-2024,43:13.3,511,2024,May-24
12,card,32.82,Americano with Milk,Afternoon,Sat,May,6,5,25-05-2024,58:12.0,512,2024,May-24
16,card,32.82,Americano with Milk,Afternoon,Sat,May,6,5,25-05-2024,47:09.6,513,2024,May-24
16,card,27.92,Americano,Afternoon,Sat,May,6,5,25-05-2024,48:16.8,514,2024,May-24
10,card,37.72,Latte,Morning,Sun,May,7,5,26-05-2024,20:02.2,515,2024,May-24
14,card,32.82,Americano with Milk,Afternoon,Sun,May,7,5,26-05-2024,24:49.8,516,2024,May-24
14,card,27.92,Cortado,Afternoon,Sun,May,7,5,26-05-2024,26:05.2,517,2024,May-24
14,card,32.82,Americano with Milk,Afternoon,Sun,May,7,5,26-05-2024,40:58.9,518,2024,May-24
17,card,37.72,Cappuccino,Night,Sun,May,7,5,26-05-2024,19:15.5,519,2024,May-24
18,card,37.72,Hot Chocolate,Night,Sun,May,7,5,26-05-2024,09:52.8,520,2024,May-24
18,card,37.72,Hot Chocolate,Night,Sun,May,7,5,26-05-2024,11:02.2,521,2024,May-24
18,card,27.92,Americano,Night,Sun,May,7,5,26-05-2024,13:14.3,522,2024,May-24
18,card,37.72,Latte,Night,Sun,May,7,5,26-05-2024,39:18.8,523,2024,May-24
20,card,37.72,Hot Chocolate,Night,Sun,May,7,5,26-05-2024,59:15.0,524,2024,May-24
21,card,37.72,Cappuccino,Night,Sun,May,7,5,26-05-2024,00:05.6,525,2024,May-24
21,card,27.92,Cortado,Night,Sun,May,7,5,26-05-2024,02:36.9,526,2024,May-24
21,card,37.72,Cappuccino,Night,Sun,May,7,5,26-05-2024,03:51.8,527,2024,May-24
21,card,37.72,Latte,Night,Sun,May,7,5,26-05-2024,04:58.8,528,2024,May-24
21,card,37.72,Cappuccino,Night,Sun,May,7,5,26-05-2024,06:02.6,529,2024,May-24
11,card,27.92,Americano,Morning,Mon,May,1,5,27-05-2024,34:55.3,530,2024,May-24
14,card,32.82,Americano with Milk,Afternoon,Mon,May,1,5,27-05-2024,05:21.7,531,2024,May-24
14,card,37.72,Cocoa,Afternoon,Mon,May,1,5,27-05-2024,06:43.6,532,2024,May-24
15,card,27.92,Americano,Afternoon,Mon,May,1,5,27-05-2024,11:34.1,533,2024,May-24
15,card,27.92,Americano,Afternoon,Mon,May,1,5,27-05-2024,14:05.8,534,2024,May-24
17,card,37.72,Latte,Night,Mon,May,1,5,27-05-2024,50:55.8,535,2024,May-24
18,card,27.92,Americano,Night,Mon,May,1,5,27-05-2024,00:51.0,536,2024,May-24
19,card,37.72,Latte,Night,Mon,May,1,5,27-05-2024,16:27.4,537,2024,May-24
19,card,37.72,Latte,Night,Mon,May,1,5,27-05-2024,17:38.7,538,2024,May-24
21,card,32.82,Americano with Milk,Night,Mon,May,1,5,27-05-2024,29:07.1,539,2024,May-24
21,card,37.72,Cappuccino,Night,Mon,May,1,5,27-05-2024,30:19.8,540,2024,May-24
8,card,32.82,Americano with Milk,Morning,Tue,May,2,5,28-05-2024,37:09.0,541,2024,May-24
9,card,32.82,Americano with Milk,Morning,Tue,May,2,5,28-05-2024,20:10.7,542,2024,May-24
11,card,37.72,Cappuccino,Morning,Tue,May,2,5,28-05-2024,48:18.5,543,2024,May-24
13,card,37.72,Cappuccino,Afternoon,Tue,May,2,5,28-05-2024,14:40.4,544,2024,May-24
14,card,37.72,Cocoa,Afternoon,Tue,May,2,5,28-05-2024,10:53.7,545,2024,May-24
16,card,27.92,Cortado,Afternoon,Tue,May,2,5,28-05-2024,25:39.3,546,2024,May-24
19,card,27.92,Americano,Night,Tue,May,2,5,28-05-2024,09:29.1,547,2024,May-24
19,card,37.72,Latte,Night,Tue,May,2,5,28-05-2024,10:31.1,548,2024,May-24
20,card,32.82,Americano with Milk,Night,Tue,May,2,5,28-05-2024,24:32.2,549,2024,May-24
20,card,27.92,Americano,Night,Tue,May,2,5,28-05-2024,50:19.4,550,2024,May-24
9,card,37.72,Latte,Morning,Wed,May,3,5,29-05-2024,14:43.7,551,2024,May-24
11,card,37.72,Hot Chocolate,Morning,Wed,May,3,5,29-05-2024,14:02.9,552,2024,May-24
15,card,27.92,Americano,Afternoon,Wed,May,3,5,29-05-2024,10:48.5,553,2024,May-24
15,card,37.72,Latte,Afternoon,Wed,May,3,5,29-05-2024,22:56.3,554,2024,May-24
15,card,37.72,Cappuccino,Afternoon,Wed,May,3,5,29-05-2024,45:12.7,555,2024,May-24
16,card,37.72,Latte,Afternoon,Wed,May,3,5,29-05-2024,45:04.0,556,2024,May-24
18,card,27.92,Cortado,Night,Wed,May,3,5,29-05-2024,24:03.3,557,2024,May-24
18,card,37.72,Latte,Night,Wed,May,3,5,29-05-2024,24:59.3,558,2024,May-24
20,card,37.72,Hot Chocolate,Night,Wed,May,3,5,29-05-2024,30:42.2,559,2024,May-24
20,card,37.72,Cocoa,Night,Wed,May,3,5,29-05-2024,32:35.2,560,2024,May-24
8,card,37.72,Cappuccino,Morning,Thu,May,4,5,30-05-2024,29:06.3,561,2024,May-24
8,card,37.72,Latte,Morning,Thu,May,4,5,30-05-2024,30:21.6,562,2024,May-24
8,card,32.82,Americano with Milk,Morning,Thu,May,4,5,30-05-2024,37:05.4,563,2024,May-24
9,card,37.72,Latte,Morning,Thu,May,4,5,30-05-2024,47:59.1,564,2024,May-24
14,card,32.82,Americano with Milk,Afternoon,Thu,May,4,5,30-05-2024,56:15.5,565,2024,May-24
15,card,23.02,Espresso,Afternoon,Thu,May,4,5,30-05-2024,16:15.7,566,2024,May-24
15,card,23.02,Espresso,Afternoon,Thu,May,4,5,30-05-2024,17:38.7,567,2024,May-24
19,card,37.72,Cappuccino,Night,Thu,May,4,5,30-05-2024,53:11.2,568,2024,May-24
20,card,37.72,Latte,Night,Thu,May,4,5,30-05-2024,31:05.4,569,2024,May-24
20,card,37.72,Hot Chocolate,Night,Thu,May,4,5,30-05-2024,46:13.8,570,2024,May-24
20,card,32.82,Americano with Milk,Night,Thu,May,4,5,30-05-2024,47:21.6,571,2024,May-24
7,card,32.82,Americano with Milk,Morning,Fri,May,5,5,31-05-2024,53:57.3,572,2024,May-24
9,card,37.72,Latte,Morning,Fri,May,5,5,31-05-2024,21:07.8,573,2024,May-24
10,card,37.72,Hot Chocolate,Morning,Fri,May,5,5,31-05-2024,38:07.9,574,2024,May-24
10,card,37.72,Cocoa,Morning,Fri,May,5,5,31-05-2024,39:06.1,575,2024,May-24
14,card,32.82,Americano with Milk,Afternoon,Fri,May,5,5,31-05-2024,50:13.0,576,2024,May-24
18,card,37.72,Latte,Night,Fri,May,5,5,31-05-2024,23:44.6,577,2024,May-24
18,card,37.72,Latte,Night,Fri,May,5,5,31-05-2024,25:03.3,578,2024,May-24
20,card,37.72,Cappuccino,Night,Fri,May,5,5,31-05-2024,06:39.2,579,2024,May-24
20,card,32.82,Americano with Milk,Night,Fri,May,5,5,31-05-2024,33:06.4,580,2024,May-24
20,card,37.72,Latte,Night,Fri,May,5,5,31-05-2024,34:32.9,581,2024,May-24
22,card,37.72,Cappuccino,Night,Fri,May,5,5,31-05-2024,05:47.1,582,2024,May-24
22,card,32.82,Americano with Milk,Night,Fri,May,5,5,31-05-2024,06:52.5,583,2024,May-24
22,card,27.92,Cortado,Night,Fri,May,5,5,31-05-2024,07:55.4,584,2024,May-24
8,card,27.92,Cortado,Morning,Sat,Jun,6,6,01-06-2024,27:01.7,585,2024,Jun-24
9,card,37.72,Latte,Morning,Sat,Jun,6,6,01-06-2024,48:24.7,586,2024,Jun-24
11,card,37.72,Latte,Morning,Sat,Jun,6,6,01-06-2024,38:09.4,587,2024,Jun-24
14,card,32.82,Americano with Milk,Afternoon,Sat,Jun,6,6,01-06-2024,28:53.7,588,2024,Jun-24
18,card,32.82,Americano with Milk,Night,Sat,Jun,6,6,01-06-2024,20:12.8,589,2024,Jun-24
18,card,32.82,Americano with Milk,Night,Sat,Jun,6,6,01-06-2024,21:15.4,590,2024,Jun-24
20,card,37.72,Cappuccino,Night,Sat,Jun,6,6,01-06-2024,50:10.5,591,2024,Jun-24
20,card,37.72,Cappuccino,Night,Sat,Jun,6,6,01-06-2024,51:13.6,592,2024,Jun-24
20,card,37.72,Cocoa,Night,Sat,Jun,6,6,01-06-2024,59:09.7,593,2024,Jun-24
21,card,32.82,Americano with Milk,Night,Sat,Jun,6,6,01-06-2024,51:05.0,594,2024,Jun-24
20,card,37.72,Latte,Night,Sun,Jun,7,6,02-06-2024,03:25.8,595,2024,Jun-24
20,card,32.82,Americano with Milk,Night,Sun,Jun,7,6,02-06-2024,24:02.4,596,2024,Jun-24
20,card,37.72,Cappuccino,Night,Sun,Jun,7,6,02-06-2024,25:07.2,597,2024,Jun-24
21,card,32.82,Americano with Milk,Night,Sun,Jun,7,6,02-06-2024,07:20.5,598,2024,Jun-24
21,card,37.72,Latte,Night,Sun,Jun,7,6,02-06-2024,30:12.4,599,2024,Jun-24
10,card,37.72,Latte,Morning,Mon,Jun,1,6,03-06-2024,12:04.1,600,2024,Jun-24
10,card,37.72,Latte,Morning,Mon,Jun,1,6,03-06-2024,27:49.8,601,2024,Jun-24
14,card,37.72,Cappuccino,Afternoon,Mon,Jun,1,6,03-06-2024,31:42.3,602,2024,Jun-24
14,card,32.82,Americano with Milk,Afternoon,Mon,Jun,1,6,03-06-2024,33:01.0,603,2024,Jun-24
14,card,37.72,Latte,Afternoon,Mon,Jun,1,6,03-06-2024,34:06.9,604,2024,Jun-24
9,card,27.92,Cortado,Morning,Tue,Jun,2,6,04-06-2024,23:42.9,605,2024,Jun-24
10,card,32.82,Americano with Milk,Morning,Tue,Jun,2,6,04-06-2024,27:14.0,606,2024,Jun-24
12,card,37.72,Latte,Afternoon,Tue,Jun,2,6,04-06-2024,02:10.2,607,2024,Jun-24
12,card,37.72,Hot Chocolate,Afternoon,Tue,Jun,2,6,04-06-2024,05:29.2,608,2024,Jun-24
15,card,37.72,Latte,Afternoon,Tue,Jun,2,6,04-06-2024,30:32.5,609,2024,Jun-24
17,card,27.92,Cortado,Night,Tue,Jun,2,6,04-06-2024,46:36.7,610,2024,Jun-24
17,card,37.72,Cappuccino,Night,Tue,Jun,2,6,04-06-2024,47:28.8,611,2024,Jun-24
20,card,37.72,Hot Chocolate,Night,Tue,Jun,2,6,04-06-2024,13:01.2,612,2024,Jun-24
20,card,37.72,Cappuccino,Night,Tue,Jun,2,6,04-06-2024,50:33.9,613,2024,Jun-24
21,card,27.92,Cortado,Night,Tue,Jun,2,6,04-06-2024,31:58.9,614,2024,Jun-24
21,card,32.82,Americano with Milk,Night,Tue,Jun,2,6,04-06-2024,33:02.6,615,2024,Jun-24
21,card,32.82,Americano with Milk,Night,Tue,Jun,2,6,04-06-2024,34:55.7,616,2024,Jun-24
21,card,32.82,Americano with Milk,Night,Tue,Jun,2,6,04-06-2024,36:06.9,617,2024,Jun-24
21,card,32.82,Americano with Milk,Night,Tue,Jun,2,6,04-06-2024,37:15.2,618,2024,Jun-24
8,card,37.72,Cappuccino,Morning,Wed,Jun,3,6,05-06-2024,21:49.0,619,2024,Jun-24
8,card,37.72,Cappuccino,Morning,Wed,Jun,3,6,05-06-2024,23:06.7,620,2024,Jun-24
9,card,27.92,Americano,Morning,Wed,Jun,3,6,05-06-2024,22:43.1,621,2024,Jun-24
10,card,37.72,Latte,Morning,Wed,Jun,3,6,05-06-2024,28:50.6,622,2024,Jun-24
10,card,32.82,Americano with Milk,Morning,Wed,Jun,3,6,05-06-2024,40:53.2,623,2024,Jun-24
19,card,32.82,Americano with Milk,Night,Wed,Jun,3,6,05-06-2024,43:57.7,624,2024,Jun-24
19,card,37.72,Latte,Night,Wed,Jun,3,6,05-06-2024,59:53.5,625,2024,Jun-24
20,card,37.72,Cocoa,Night,Wed,Jun,3,6,05-06-2024,10:47.6,626,2024,Jun-24
20,card,27.92,Cortado,Night,Wed,Jun,3,6,05-06-2024,12:01.7,627,2024,Jun-24
8,card,32.82,Americano with Milk,Morning,Thu,Jun,4,6,06-06-2024,52:56.4,628,2024,Jun-24
8,card,32.82,Americano with Milk,Morning,Thu,Jun,4,6,06-06-2024,54:08.5,629,2024,Jun-24
10,card,37.72,Latte,Morning,Thu,Jun,4,6,06-06-2024,36:09.7,630,2024,Jun-24
12,card,27.92,Americano,Afternoon,Thu,Jun,4,6,06-06-2024,17:41.5,631,2024,Jun-24
15,card,32.82,Americano with Milk,Afternoon,Thu,Jun,4,6,06-06-2024,11:14.2,632,2024,Jun-24
15,card,37.72,Cappuccino,Afternoon,Thu,Jun,4,6,06-06-2024,24:06.2,633,2024,Jun-24
21,card,37.72,Latte,Night,Thu,Jun,4,6,06-06-2024,14:05.1,634,2024,Jun-24
21,card,37.72,Latte,Night,Thu,Jun,4,6,06-06-2024,15:42.2,635,2024,Jun-24
21,card,37.72,Cappuccino,Night,Thu,Jun,4,6,06-06-2024,18:26.7,636,2024,Jun-24
21,card,32.82,Americano with Milk,Night,Thu,Jun,4,6,06-06-2024,19:30.4,637,2024,Jun-24
21,card,37.72,Latte,Night,Thu,Jun,4,6,06-06-2024,21:04.4,638,2024,Jun-24
8,card,37.72,Cappuccino,Morning,Fri,Jun,5,6,07-06-2024,18:04.3,639,2024,Jun-24
10,card,23.02,Espresso,Morning,Fri,Jun,5,6,07-06-2024,35:28.1,640,2024,Jun-24
13,card,32.82,Americano with Milk,Afternoon,Fri,Jun,5,6,07-06-2024,34:18.3,641,2024,Jun-24
16,card,27.92,Cortado,Afternoon,Fri,Jun,5,6,07-06-2024,45:42.2,642,2024,Jun-24
16,card,27.92,Cortado,Afternoon,Fri,Jun,5,6,07-06-2024,47:15.5,643,2024,Jun-24
9,card,27.92,Cortado,Morning,Sat,Jun,6,6,08-06-2024,04:20.0,644,2024,Jun-24
9,card,32.82,Americano with Milk,Morning,Sat,Jun,6,6,08-06-2024,26:11.2,645,2024,Jun-24
20,card,37.72,Cappuccino,Night,Sat,Jun,6,6,08-06-2024,24:54.3,646,2024,Jun-24
20,card,37.72,Cappuccino,Night,Sat,Jun,6,6,08-06-2024,25:56.3,647,2024,Jun-24
8,card,37.72,Latte,Morning,Sun,Jun,7,6,09-06-2024,15:52.8,648,2024,Jun-24
10,card,37.72,Latte,Morning,Sun,Jun,7,6,09-06-2024,30:04.5,649,2024,Jun-24
10,card,37.72,Cappuccino,Morning,Sun,Jun,7,6,09-06-2024,52:05.8,650,2024,Jun-24
11,card,27.92,Cortado,Morning,Sun,Jun,7,6,09-06-2024,04:41.3,651,2024,Jun-24
11,card,23.02,Espresso,Morning,Sun,Jun,7,6,09-06-2024,07:08.1,652,2024,Jun-24
11,card,37.72,Cappuccino,Morning,Sun,Jun,7,6,09-06-2024,52:49.6,653,2024,Jun-24
12,card,32.82,Americano with Milk,Afternoon,Sun,Jun,7,6,09-06-2024,11:23.6,654,2024,Jun-24
12,card,37.72,Latte,Afternoon,Sun,Jun,7,6,09-06-2024,13:08.1,655,2024,Jun-24
12,card,37.72,Latte,Afternoon,Sun,Jun,7,6,09-06-2024,14:10.8,656,2024,Jun-24
15,card,27.92,Cortado,Afternoon,Sun,Jun,7,6,09-06-2024,10:30.7,657,2024,Jun-24
16,card,37.72,Cappuccino,Afternoon,Sun,Jun,7,6,09-06-2024,17:28.2,658,2024,Jun-24
19,card,32.82,Americano with Milk,Night,Sun,Jun,7,6,09-06-2024,21:19.3,659,2024,Jun-24
21,card,27.92,Americano,Night,Sun,Jun,7,6,09-06-2024,05:08.8,660,2024,Jun-24
12,card,37.72,Cappuccino,Afternoon,Mon,Jun,1,6,10-06-2024,47:49.9,661,2024,Jun-24
12,card,37.72,Latte,Afternoon,Mon,Jun,1,6,10-06-2024,56:48.3,662,2024,Jun-24
19,card,37.72,Hot Chocolate,Night,Mon,Jun,1,6,10-06-2024,04:28.1,663,2024,Jun-24
19,card,37.72,Hot Chocolate,Night,Mon,Jun,1,6,10-06-2024,05:22.8,664,2024,Jun-24
19,card,37.72,Latte,Night,Mon,Jun,1,6,10-06-2024,37:23.6,665,2024,Jun-24
19,card,37.72,Latte,Night,Mon,Jun,1,6,10-06-2024,38:19.7,666,2024,Jun-24
10,card,32.82,Americano with Milk,Morning,Tue,Jun,2,6,11-06-2024,38:04.0,667,2024,Jun-24
18,card,37.72,Latte,Night,Tue,Jun,2,6,11-06-2024,48:25.3,668,2024,Jun-24
18,card,37.72,Latte,Night,Tue,Jun,2,6,11-06-2024,49:36.4,669,2024,Jun-24
21,card,37.72,Hot Chocolate,Night,Tue,Jun,2,6,11-06-2024,17:03.3,670,2024,Jun-24
21,card,32.82,Americano with Milk,Night,Tue,Jun,2,6,11-06-2024,27:41.9,671,2024,Jun-24
21,card,32.82,Americano with Milk,Night,Tue,Jun,2,6,11-06-2024,28:50.2,672,2024,Jun-24
10,card,37.72,Hot Chocolate,Morning,Wed,Jun,3,6,12-06-2024,18:18.8,673,2024,Jun-24
11,card,37.72,Cappuccino,Morning,Wed,Jun,3,6,12-06-2024,51:43.9,674,2024,Jun-24
17,card,37.72,Latte,Night,Wed,Jun,3,6,12-06-2024,41:17.2,675,2024,Jun-24
17,card,37.72,Latte,Night,Wed,Jun,3,6,12-06-2024,47:27.9,676,2024,Jun-24
20,card,37.72,Hot Chocolate,Night,Wed,Jun,3,6,12-06-2024,16:33.6,677,2024,Jun-24
20,card,32.82,Americano with Milk,Night,Wed,Jun,3,6,12-06-2024,25:34.2,678,2024,Jun-24
8,card,27.92,Americano,Morning,Thu,Jun,4,6,13-06-2024,54:24.2,679,2024,Jun-24
8,card,37.72,Latte,Morning,Thu,Jun,4,6,13-06-2024,57:25.6,680,2024,Jun-24
9,card,32.82,Americano with Milk,Morning,Thu,Jun,4,6,13-06-2024,50:25.0,681,2024,Jun-24
9,card,27.92,Cortado,Morning,Thu,Jun,4,6,13-06-2024,57:11.5,682,2024,Jun-24
17,card,32.82,Americano with Milk,Night,Thu,Jun,4,6,13-06-2024,04:58.6,683,2024,Jun-24
17,card,37.72,Hot Chocolate,Night,Thu,Jun,4,6,13-06-2024,27:46.6,684,2024,Jun-24
19,card,37.72,Latte,Night,Thu,Jun,4,6,13-06-2024,22:19.1,685,2024,Jun-24
20,card,32.82,Americano with Milk,Night,Thu,Jun,4,6,13-06-2024,20:51.8,686,2024,Jun-24
20,card,23.02,Espresso,Night,Thu,Jun,4,6,13-06-2024,43:46.0,687,2024,Jun-24
20,card,23.02,Espresso,Night,Thu,Jun,4,6,13-06-2024,45:00.6,688,2024,Jun-24
20,card,32.82,Americano with Milk,Night,Thu,Jun,4,6,13-06-2024,48:17.9,689,2024,Jun-24
21,card,32.82,Americano with Milk,Night,Thu,Jun,4,6,13-06-2024,02:28.4,690,2024,Jun-24
7,card,27.92,Cortado,Morning,Fri,Jun,5,6,14-06-2024,46:13.2,691,2024,Jun-24
10,card,27.92,Americano,Morning,Fri,Jun,5,6,14-06-2024,30:31.6,692,2024,Jun-24
12,card,37.72,Latte,Afternoon,Fri,Jun,5,6,14-06-2024,14:41.7,693,2024,Jun-24
18,card,32.82,Americano with Milk,Night,Fri,Jun,5,6,14-06-2024,29:53.4,694,2024,Jun-24
11,card,37.72,Cappuccino,Morning,Sat,Jun,6,6,15-06-2024,26:02.0,695,2024,Jun-24
12,card,37.72,Latte,Afternoon,Sat,Jun,6,6,15-06-2024,21:28.1,696,2024,Jun-24
12,card,32.82,Americano with Milk,Afternoon,Sat,Jun,6,6,15-06-2024,22:46.9,697,2024,Jun-24
12,card,23.02,Espresso,Afternoon,Sat,Jun,6,6,15-06-2024,23:52.2,698,2024,Jun-24
12,card,37.72,Cocoa,Afternoon,Sat,Jun,6,6,15-06-2024,24:35.1,699,2024,Jun-24
12,card,32.82,Americano with Milk,Afternoon,Sat,Jun,6,6,15-06-2024,25:24.0,700,2024,Jun-24
16,card,32.82,Americano with Milk,Afternoon,Sat,Jun,6,6,15-06-2024,03:29.9,701,2024,Jun-24
18,card,27.92,Americano,Night,Sat,Jun,6,6,15-06-2024,14:04.6,702,2024,Jun-24
10,card,32.82,Americano with Milk,Morning,Sun,Jun,7,6,16-06-2024,43:51.5,703,2024,Jun-24
10,card,37.72,Latte,Morning,Sun,Jun,7,6,16-06-2024,58:41.4,704,2024,Jun-24
11,card,37.72,Hot Chocolate,Morning,Sun,Jun,7,6,16-06-2024,00:38.2,705,2024,Jun-24
11,card,37.72,Hot Chocolate,Morning,Sun,Jun,7,6,16-06-2024,01:41.5,706,2024,Jun-24
12,card,32.82,Americano with Milk,Afternoon,Sun,Jun,7,6,16-06-2024,49:27.6,707,2024,Jun-24
14,card,23.02,Espresso,Afternoon,Sun,Jun,7,6,16-06-2024,00:39.0,708,2024,Jun-24
15,card,32.82,Americano with Milk,Afternoon,Sun,Jun,7,6,16-06-2024,02:36.3,709,2024,Jun-24
15,card,32.82,Americano with Milk,Afternoon,Sun,Jun,7,6,16-06-2024,05:10.4,710,2024,Jun-24
15,card,37.72,Hot Chocolate,Afternoon,Sun,Jun,7,6,16-06-2024,43:59.6,711,2024,Jun-24
16,card,37.72,Hot Chocolate,Afternoon,Sun,Jun,7,6,16-06-2024,47:36.5,712,2024,Jun-24
17,card,32.82,Americano with Milk,Night,Sun,Jun,7,6,16-06-2024,45:17.3,713,2024,Jun-24
17,card,32.82,Americano with Milk,Night,Sun,Jun,7,6,16-06-2024,46:16.6,714,2024,Jun-24
8,card,27.92,Americano,Morning,Mon,Jun,1,6,17-06-2024,57:24.0,715,2024,Jun-24
10,card,27.92,Cortado,Morning,Mon,Jun,1,6,17-06-2024,12:05.1,716,2024,Jun-24
10,card,27.92,Cortado,Morning,Mon,Jun,1,6,17-06-2024,13:37.6,717,2024,Jun-24
10,card,37.72,Cappuccino,Morning,Mon,Jun,1,6,17-06-2024,55:51.6,718,2024,Jun-24
14,card,37.72,Cappuccino,Afternoon,Mon,Jun,1,6,17-06-2024,51:35.4,719,2024,Jun-24
16,card,37.72,Cappuccino,Afternoon,Mon,Jun,1,6,17-06-2024,50:13.4,720,2024,Jun-24
16,card,37.72,Cappuccino,Afternoon,Mon,Jun,1,6,17-06-2024,51:11.0,721,2024,Jun-24
16,card,27.92,Americano,Afternoon,Mon,Jun,1,6,17-06-2024,52:36.3,722,2024,Jun-24
18,card,27.92,Americano,Night,Mon,Jun,1,6,17-06-2024,51:19.6,723,2024,Jun-24
21,card,32.82,Americano with Milk,Night,Mon,Jun,1,6,17-06-2024,16:11.5,724,2024,Jun-24
14,card,27.92,Americano,Afternoon,Tue,Jun,2,6,18-06-2024,04:06.1,725,2024,Jun-24
14,card,37.72,Cappuccino,Afternoon,Tue,Jun,2,6,18-06-2024,05:12.3,726,2024,Jun-24
19,card,37.72,Cappuccino,Night,Tue,Jun,2,6,18-06-2024,20:40.6,727,2024,Jun-24
19,card,37.72,Cappuccino,Night,Tue,Jun,2,6,18-06-2024,21:38.9,728,2024,Jun-24
20,card,27.92,Cortado,Night,Tue,Jun,2,6,18-06-2024,35:49.5,729,2024,Jun-24
21,card,32.82,Americano with Milk,Night,Tue,Jun,2,6,18-06-2024,20:49.5,730,2024,Jun-24
21,card,32.82,Americano with Milk,Night,Tue,Jun,2,6,18-06-2024,22:18.5,731,2024,Jun-24
7,card,37.72,Latte,Morning,Wed,Jun,3,6,19-06-2024,47:19.8,732,2024,Jun-24
8,card,27.92,Cortado,Morning,Wed,Jun,3,6,19-06-2024,17:54.5,733,2024,Jun-24
10,card,27.92,Americano,Morning,Wed,Jun,3,6,19-06-2024,54:00.5,734,2024,Jun-24
11,card,37.72,Latte,Morning,Wed,Jun,3,6,19-06-2024,11:27.8,735,2024,Jun-24
11,card,37.72,Cocoa,Morning,Wed,Jun,3,6,19-06-2024,12:31.4,736,2024,Jun-24
14,card,32.82,Americano with Milk,Afternoon,Wed,Jun,3,6,19-06-2024,21:36.3,737,2024,Jun-24
18,card,37.72,Cappuccino,Night,Wed,Jun,3,6,19-06-2024,28:43.4,738,2024,Jun-24
18,card,37.72,Latte,Night,Wed,Jun,3,6,19-06-2024,29:59.0,739,2024,Jun-24
19,card,32.82,Americano with Milk,Night,Wed,Jun,3,6,19-06-2024,31:31.3,740,2024,Jun-24
21,card,37.72,Cappuccino,Night,Wed,Jun,3,6,19-06-2024,28:59.5,741,2024,Jun-24
21,card,32.82,Americano with Milk,Night,Wed,Jun,3,6,19-06-2024,30:03.5,742,2024,Jun-24
10,card,37.72,Latte,Morning,Thu,Jun,4,6,20-06-2024,50:06.5,743,2024,Jun-24
18,card,37.72,Latte,Night,Thu,Jun,4,6,20-06-2024,59:02.1,744,2024,Jun-24
19,card,37.72,Latte,Night,Thu,Jun,4,6,20-06-2024,00:00.2,745,2024,Jun-24
21,card,37.72,Latte,Night,Thu,Jun,4,6,20-06-2024,39:10.0,746,2024,Jun-24
21,card,37.72,Latte,Night,Thu,Jun,4,6,20-06-2024,57:40.6,747,2024,Jun-24
21,card,32.82,Americano with Milk,Night,Thu,Jun,4,6,20-06-2024,59:17.6,748,2024,Jun-24
9,card,37.72,Latte,Morning,Fri,Jun,5,6,21-06-2024,59:55.9,749,2024,Jun-24
10,card,27.92,Americano,Morning,Fri,Jun,5,6,21-06-2024,01:40.2,750,2024,Jun-24
13,card,32.82,Americano with Milk,Afternoon,Fri,Jun,5,6,21-06-2024,19:19.4,751,2024,Jun-24
13,card,32.82,Americano with Milk,Afternoon,Fri,Jun,5,6,21-06-2024,20:31.5,752,2024,Jun-24
18,card,23.02,Espresso,Night,Fri,Jun,5,6,21-06-2024,12:16.1,753,2024,Jun-24
19,card,37.72,Latte,Night,Fri,Jun,5,6,21-06-2024,30:26.7,754,2024,Jun-24
19,card,37.72,Cappuccino,Night,Fri,Jun,5,6,21-06-2024,47:06.2,755,2024,Jun-24
19,card,37.72,Cappuccino,Night,Fri,Jun,5,6,21-06-2024,48:06.7,756,2024,Jun-24
19,card,37.72,Cappuccino,Night,Fri,Jun,5,6,21-06-2024,49:54.5,757,2024,Jun-24
19,card,37.72,Cappuccino,Night,Fri,Jun,5,6,21-06-2024,51:00.2,758,2024,Jun-24
19,card,27.92,Americano,Night,Fri,Jun,5,6,21-06-2024,52:18.8,759,2024,Jun-24
19,card,32.82,Americano with Milk,Night,Fri,Jun,5,6,21-06-2024,55:37.1,760,2024,Jun-24
8,card,27.92,Cortado,Morning,Sat,Jun,6,6,22-06-2024,39:50.3,761,2024,Jun-24
9,card,32.82,Americano with Milk,Morning,Sat,Jun,6,6,22-06-2024,37:48.8,762,2024,Jun-24
12,card,32.82,Americano with Milk,Afternoon,Sat,Jun,6,6,22-06-2024,53:15.5,763,2024,Jun-24
15,card,37.72,Latte,Afternoon,Sat,Jun,6,6,22-06-2024,37:20.1,764,2024,Jun-24
22,card,37.72,Cappuccino,Night,Sat,Jun,6,6,22-06-2024,10:23.0,765,2024,Jun-24
18,card,32.82,Americano with Milk,Night,Sun,Jun,7,6,23-06-2024,12:01.4,766,2024,Jun-24
18,card,32.82,Americano with Milk,Night,Sun,Jun,7,6,23-06-2024,13:50.6,767,2024,Jun-24
21,card,37.72,Cappuccino,Night,Sun,Jun,7,6,23-06-2024,06:47.0,768,2024,Jun-24
21,card,37.72,Latte,Night,Sun,Jun,7,6,23-06-2024,29:07.8,769,2024,Jun-24
21,card,37.72,Cappuccino,Night,Sun,Jun,7,6,23-06-2024,30:36.4,770,2024,Jun-24
11,card,32.82,Americano with Milk,Morning,Mon,Jun,1,6,24-06-2024,44:39.9,771,2024,Jun-24
11,card,37.72,Cappuccino,Morning,Mon,Jun,1,6,24-06-2024,49:36.0,772,2024,Jun-24
11,card,37.72,Cappuccino,Morning,Mon,Jun,1,6,24-06-2024,50:44.1,773,2024,Jun-24
15,card,37.72,Latte,Afternoon,Mon,Jun,1,6,24-06-2024,02:29.0,774,2024,Jun-24
16,card,37.72,Cappuccino,Afternoon,Mon,Jun,1,6,24-06-2024,46:00.6,775,2024,Jun-24
16,card,37.72,Cappuccino,Afternoon,Mon,Jun,1,6,24-06-2024,47:00.4,776,2024,Jun-24
8,card,37.72,Latte,Morning,Tue,Jun,2,6,25-06-2024,19:24.2,777,2024,Jun-24
10,card,32.82,Americano with Milk,Morning,Tue,Jun,2,6,25-06-2024,28:26.4,778,2024,Jun-24
10,card,32.82,Americano with Milk,Morning,Tue,Jun,2,6,25-06-2024,29:42.4,779,2024,Jun-24
11,card,37.72,Cappuccino,Morning,Tue,Jun,2,6,25-06-2024,34:52.3,780,2024,Jun-24
9,card,37.72,Latte,Morning,Wed,Jun,3,6,26-06-2024,33:01.7,781,2024,Jun-24
16,card,23.02,Espresso,Afternoon,Wed,Jun,3,6,26-06-2024,32:29.5,782,2024,Jun-24
16,card,27.92,Americano,Afternoon,Wed,Jun,3,6,26-06-2024,34:01.6,783,2024,Jun-24
21,card,37.72,Latte,Night,Wed,Jun,3,6,26-06-2024,21:53.3,784,2024,Jun-24
21,card,37.72,Cappuccino,Night,Wed,Jun,3,6,26-06-2024,27:00.8,785,2024,Jun-24
21,card,32.82,Americano with Milk,Night,Wed,Jun,3,6,26-06-2024,28:14.6,786,2024,Jun-24
9,card,32.82,Americano with Milk,Morning,Thu,Jun,4,6,27-06-2024,15:43.2,787,2024,Jun-24
16,card,27.92,Cortado,Afternoon,Thu,Jun,4,6,27-06-2024,16:11:48,788,2024,Jun-24
21,card,32.82,Americano with Milk,Night,Thu,Jun,4,6,27-06-2024,44:03.4,789,2024,Jun-24
21,card,37.72,Cappuccino,Night,Thu,Jun,4,6,27-06-2024,50:31.6,790,2024,Jun-24
8,card,27.92,Cortado,Morning,Fri,Jun,5,6,28-06-2024,08:35.0,791,2024,Jun-24
17,card,23.02,Espresso,Night,Fri,Jun,5,6,28-06-2024,51:54.0,792,2024,Jun-24
21,card,32.82,Americano with Milk,Night,Fri,Jun,5,6,28-06-2024,50:55.4,793,2024,Jun-24
21,card,37.72,Latte,Night,Fri,Jun,5,6,28-06-2024,52:01.9,794,2024,Jun-24
22,card,37.72,Cappuccino,Night,Fri,Jun,5,6,28-06-2024,28:20.0,795,2024,Jun-24
9,card,32.82,Americano with Milk,Morning,Sat,Jun,6,6,29-06-2024,47:10.3,796,2024,Jun-24
11,card,32.82,Americano with Milk,Morning,Sat,Jun,6,6,29-06-2024,40:19.6,797,2024,Jun-24
11,card,32.82,Americano with Milk,Morning,Sat,Jun,6,6,29-06-2024,41:26.6,798,2024,Jun-24
12,card,37.72,Cappuccino,Afternoon,Sat,Jun,6,6,29-06-2024,30:24.4,799,2024,Jun-24
12,card,37.72,Cappuccino,Afternoon,Sat,Jun,6,6,29-06-2024,31:42.6,800,2024,Jun-24
17,card,37.72,Cappuccino,Night,Sat,Jun,6,6,29-06-2024,23:43.6,801,2024,Jun-24
17,card,37.72,Hot Chocolate,Night,Sat,Jun,6,6,29-06-2024,24:52.4,802,2024,Jun-24
21,card,37.72,Latte,Night,Sat,Jun,6,6,29-06-2024,27:22.4,803,2024,Jun-24
10,card,37.72,Latte,Morning,Sun,Jun,7,6,30-06-2024,28:09.8,804,2024,Jun-24
13,card,23.02,Espresso,Afternoon,Sun,Jun,7,6,30-06-2024,05:50.6,805,2024,Jun-24
16,card,37.72,Hot Chocolate,Afternoon,Sun,Jun,7,6,30-06-2024,54:41.7,806,2024,Jun-24
21,card,32.82,Americano with Milk,Night,Sun,Jun,7,6,30-06-2024,04:09.7,807,2024,Jun-24
18,card,23.02,Espresso,Night,Mon,Jul,1,7,01-07-2024,07:26.8,808,2024,Jul-24
18,card,37.72,Cappuccino,Night,Mon,Jul,1,7,01-07-2024,56:51.8,809,2024,Jul-24
18,card,37.72,Cappuccino,Night,Mon,Jul,1,7,01-07-2024,57:54.3,810,2024,Jul-24
10,card,32.82,Americano with Milk,Morning,Tue,Jul,2,7,02-07-2024,42:54.1,811,2024,Jul-24
10,card,27.92,Americano,Morning,Tue,Jul,2,7,02-07-2024,45:00.6,812,2024,Jul-24
12,card,37.72,Latte,Afternoon,Tue,Jul,2,7,02-07-2024,48:05.2,813,2024,Jul-24
14,card,27.92,Americano,Afternoon,Tue,Jul,2,7,02-07-2024,03:13.2,814,2024,Jul-24
16,card,32.82,Americano with Milk,Afternoon,Tue,Jul,2,7,02-07-2024,31:24.3,815,2024,Jul-24
22,card,32.82,Americano with Milk,Night,Tue,Jul,2,7,02-07-2024,02:23.6,816,2024,Jul-24
13,card,32.82,Americano with Milk,Afternoon,Wed,Jul,3,7,03-07-2024,51:14.9,817,2024,Jul-24
16,card,37.72,Cappuccino,Afternoon,Wed,Jul,3,7,03-07-2024,01:16.6,818,2024,Jul-24
16,card,37.72,Cappuccino,Afternoon,Wed,Jul,3,7,03-07-2024,50:25.2,819,2024,Jul-24
16,card,32.82,Americano with Milk,Afternoon,Wed,Jul,3,7,03-07-2024,53:15.6,820,2024,Jul-24
16,card,32.82,Americano with Milk,Afternoon,Wed,Jul,3,7,03-07-2024,54:22.9,821,2024,Jul-24
16,card,37.72,Latte,Afternoon,Wed,Jul,3,7,03-07-2024,55:31.4,822,2024,Jul-24
16,card,23.02,Espresso,Afternoon,Wed,Jul,3,7,03-07-2024,59:25.6,823,2024,Jul-24
17,card,37.72,Cappuccino,Night,Wed,Jul,3,7,03-07-2024,59:01.8,824,2024,Jul-24
19,card,37.72,Latte,Night,Wed,Jul,3,7,03-07-2024,06:09.1,825,2024,Jul-24
10,card,32.82,Americano with Milk,Morning,Thu,Jul,4,7,04-07-2024,26:23.7,826,2024,Jul-24
10,card,27.92,Americano,Morning,Thu,Jul,4,7,04-07-2024,27:30.3,827,2024,Jul-24
12,card,37.72,Cocoa,Afternoon,Fri,Jul,5,7,05-07-2024,20:28.7,828,2024,Jul-24
13,card,32.82,Americano with Milk,Afternoon,Fri,Jul,5,7,05-07-2024,43:43.1,829,2024,Jul-24
13,card,32.82,Americano with Milk,Afternoon,Fri,Jul,5,7,05-07-2024,44:43.8,830,2024,Jul-24
18,card,23.02,Espresso,Night,Fri,Jul,5,7,05-07-2024,55:56.3,831,2024,Jul-24
19,card,27.92,Americano,Night,Fri,Jul,5,7,05-07-2024,55:07.8,832,2024,Jul-24
22,card,23.02,Espresso,Night,Fri,Jul,5,7,05-07-2024,11:56.5,833,2024,Jul-24
22,card,27.92,Americano,Night,Fri,Jul,5,7,05-07-2024,18:03.3,834,2024,Jul-24
22,card,27.92,Americano,Night,Fri,Jul,5,7,05-07-2024,18:56.9,835,2024,Jul-24
22,card,37.72,Cappuccino,Night,Fri,Jul,5,7,05-07-2024,20:01.1,836,2024,Jul-24
22,card,32.82,Americano with Milk,Night,Fri,Jul,5,7,05-07-2024,21:09.5,837,2024,Jul-24
10,card,37.72,Latte,Morning,Sat,Jul,6,7,06-07-2024,28:06.8,838,2024,Jul-24
17,card,32.82,Latte,Night,Sat,Jul,6,7,06-07-2024,15:46.0,839,2024,Jul-24
17,card,32.82,Latte,Night,Sat,Jul,6,7,06-07-2024,17:01.0,840,2024,Jul-24
19,card,32.82,Latte,Night,Sat,Jul,6,7,06-07-2024,09:46.1,841,2024,Jul-24
19,card,27.92,Americano with Milk,Night,Sat,Jul,6,7,06-07-2024,10:39.6,842,2024,Jul-24
9,card,32.82,Cappuccino,Morning,Sun,Jul,7,7,07-07-2024,04:20.2,843,2024,Jul-24
9,card,27.92,Americano with Milk,Morning,Sun,Jul,7,7,07-07-2024,14:29.2,844,2024,Jul-24
9,card,27.92,Americano with Milk,Morning,Sun,Jul,7,7,07-07-2024,15:36.8,845,2024,Jul-24
9,card,32.82,Cappuccino,Morning,Sun,Jul,7,7,07-07-2024,28:48.9,846,2024,Jul-24
9,card,32.82,Cappuccino,Morning,Sun,Jul,7,7,07-07-2024,29:56.2,847,2024,Jul-24
14,card,32.82,Hot Chocolate,Afternoon,Sun,Jul,7,7,07-07-2024,56:30.2,848,2024,Jul-24
14,card,32.82,Cocoa,Afternoon,Sun,Jul,7,7,07-07-2024,57:47.4,849,2024,Jul-24
17,card,32.82,Latte,Night,Sun,Jul,7,7,07-07-2024,07:50.3,850,2024,Jul-24
19,card,32.82,Cappuccino,Night,Sun,Jul,7,7,07-07-2024,33:27.2,851,2024,Jul-24
20,card,32.82,Hot Chocolate,Night,Sun,Jul,7,7,07-07-2024,01:31.7,852,2024,Jul-24
22,card,27.92,Americano with Milk,Night,Sun,Jul,7,7,07-07-2024,33:36.3,853,2024,Jul-24
7,card,32.82,Latte,Morning,Mon,Jul,1,7,08-07-2024,33:07.7,854,2024,Jul-24
12,card,23.02,Americano,Afternoon,Mon,Jul,1,7,08-07-2024,02:50.4,855,2024,Jul-24
14,card,23.02,Americano,Afternoon,Mon,Jul,1,7,08-07-2024,40:24.4,856,2024,Jul-24
19,card,27.92,Americano with Milk,Night,Mon,Jul,1,7,08-07-2024,30:35.0,857,2024,Jul-24
22,card,32.82,Latte,Night,Mon,Jul,1,7,08-07-2024,14:46.2,858,2024,Jul-24
10,card,27.92,Americano with Milk,Morning,Tue,Jul,2,7,09-07-2024,26:52.1,859,2024,Jul-24
10,card,27.92,Americano with Milk,Morning,Tue,Jul,2,7,09-07-2024,40:28.8,860,2024,Jul-24
11,card,27.92,Americano with Milk,Morning,Tue,Jul,2,7,09-07-2024,21:36.1,861,2024,Jul-24
11,card,32.82,Cappuccino,Morning,Tue,Jul,2,7,09-07-2024,22:49.9,862,2024,Jul-24
16,card,27.92,Americano with Milk,Afternoon,Tue,Jul,2,7,09-07-2024,42:59.5,863,2024,Jul-24
11,card,23.02,Americano,Morning,Wed,Jul,3,7,10-07-2024,10:41.7,864,2024,Jul-24
12,card,27.92,Americano with Milk,Afternoon,Wed,Jul,3,7,10-07-2024,28:53.7,865,2024,Jul-24
22,card,32.82,Latte,Night,Wed,Jul,3,7,10-07-2024,13:10.0,866,2024,Jul-24
11,card,32.82,Hot Chocolate,Morning,Thu,Jul,4,7,11-07-2024,27:27.6,867,2024,Jul-24
16,card,27.92,Americano with Milk,Afternoon,Thu,Jul,4,7,11-07-2024,48:18.7,868,2024,Jul-24
22,card,32.82,Latte,Night,Thu,Jul,4,7,11-07-2024,22:13.6,869,2024,Jul-24
22,card,23.02,Americano,Night,Thu,Jul,4,7,11-07-2024,30:58.5,870,2024,Jul-24
8,card,23.02,Cortado,Morning,Fri,Jul,5,7,12-07-2024,03:17.5,871,2024,Jul-24
11,card,32.82,Hot Chocolate,Morning,Fri,Jul,5,7,12-07-2024,48:33.4,872,2024,Jul-24
22,card,32.82,Hot Chocolate,Night,Fri,Jul,5,7,12-07-2024,33:25.6,873,2024,Jul-24
22,card,32.82,Hot Chocolate,Night,Fri,Jul,5,7,12-07-2024,34:14.3,874,2024,Jul-24
22,card,32.82,Hot Chocolate,Night,Fri,Jul,5,7,12-07-2024,35:29.5,875,2024,Jul-24
10,card,32.82,Latte,Morning,Sat,Jul,6,7,13-07-2024,38:10.3,876,2024,Jul-24
11,card,32.82,Latte,Morning,Sat,Jul,6,7,13-07-2024,41:38.1,877,2024,Jul-24
10,card,23.02,Americano,Morning,Sun,Jul,7,7,14-07-2024,54:24.3,878,2024,Jul-24
10,card,27.92,Americano with Milk,Morning,Sun,Jul,7,7,14-07-2024,55:30.5,879,2024,Jul-24
10,card,32.82,Cappuccino,Morning,Sun,Jul,7,7,14-07-2024,56:30.3,880,2024,Jul-24
10,card,32.82,Latte,Morning,Sun,Jul,7,7,14-07-2024,57:54.1,881,2024,Jul-24
11,card,23.02,Americano,Morning,Sun,Jul,7,7,14-07-2024,02:11.8,882,2024,Jul-24
22,card,32.82,Latte,Night,Sun,Jul,7,7,14-07-2024,31:30.0,883,2024,Jul-24
7,card,32.82,Cappuccino,Morning,Mon,Jul,1,7,15-07-2024,33:05.6,884,2024,Jul-24
12,card,27.92,Americano with Milk,Afternoon,Tue,Jul,2,7,16-07-2024,23:37.5,885,2024,Jul-24
19,card,32.82,Hot Chocolate,Night,Tue,Jul,2,7,16-07-2024,29:25.5,886,2024,Jul-24
13,card,27.92,Americano with Milk,Afternoon,Wed,Jul,3,7,17-07-2024,04:59.7,887,2024,Jul-24
11,card,27.92,Americano with Milk,Morning,Thu,Jul,4,7,18-07-2024,10:13.4,888,2024,Jul-24
11,card,18.12,Espresso,Morning,Thu,Jul,4,7,18-07-2024,11:23.4,889,2024,Jul-24
11,card,23.02,Americano,Morning,Thu,Jul,4,7,18-07-2024,32:59.6,890,2024,Jul-24
11,card,23.02,Americano,Morning,Thu,Jul,4,7,18-07-2024,34:48.4,891,2024,Jul-24
11,card,23.02,Cortado,Morning,Thu,Jul,4,7,18-07-2024,35:51.5,892,2024,Jul-24
13,card,32.82,Latte,Afternoon,Thu,Jul,4,7,18-07-2024,23:33.8,893,2024,Jul-24
18,card,32.82,Cappuccino,Night,Thu,Jul,4,7,18-07-2024,18:23.4,894,2024,Jul-24
19,card,32.82,Latte,Night,Thu,Jul,4,7,18-07-2024,30:50.6,895,2024,Jul-24
21,card,32.82,Hot Chocolate,Night,Thu,Jul,4,7,18-07-2024,19:41.8,896,2024,Jul-24
21,card,32.82,Latte,Night,Thu,Jul,4,7,18-07-2024,21:59.9,897,2024,Jul-24
21,card,32.82,Latte,Night,Thu,Jul,4,7,18-07-2024,46:18.7,898,2024,Jul-24
11,card,23.02,Americano,Morning,Fri,Jul,5,7,19-07-2024,03:02.3,899,2024,Jul-24
11,card,27.92,Americano with Milk,Morning,Fri,Jul,5,7,19-07-2024,16:20.5,900,2024,Jul-24
12,card,32.82,Latte,Afternoon,Fri,Jul,5,7,19-07-2024,58:37.6,901,2024,Jul-24
12,card,27.92,Americano with Milk,Afternoon,Fri,Jul,5,7,19-07-2024,59:55.4,902,2024,Jul-24
14,card,32.82,Latte,Afternoon,Fri,Jul,5,7,19-07-2024,09:20.7,903,2024,Jul-24
14,card,32.82,Cocoa,Afternoon,Fri,Jul,5,7,19-07-2024,11:22.1,904,2024,Jul-24
16,card,32.82,Latte,Afternoon,Fri,Jul,5,7,19-07-2024,36:19.3,905,2024,Jul-24
16,card,32.82,Latte,Afternoon,Fri,Jul,5,7,19-07-2024,37:35.8,906,2024,Jul-24
8,card,23.02,Americano,Morning,Sat,Jul,6,7,20-07-2024,05:44.5,907,2024,Jul-24
8,card,32.82,Latte,Morning,Sat,Jul,6,7,20-07-2024,06:48.7,908,2024,Jul-24
8,card,23.02,Americano,Morning,Sat,Jul,6,7,20-07-2024,07:51.4,909,2024,Jul-24
9,card,32.82,Latte,Morning,Sat,Jul,6,7,20-07-2024,00:53.6,910,2024,Jul-24
9,card,32.82,Latte,Morning,Sat,Jul,6,7,20-07-2024,02:27.8,911,2024,Jul-24
10,card,23.02,Americano,Morning,Sat,Jul,6,7,20-07-2024,39:21.0,912,2024,Jul-24
15,card,32.82,Latte,Afternoon,Sat,Jul,6,7,20-07-2024,15:09.2,913,2024,Jul-24
10,card,32.82,Cocoa,Morning,Sun,Jul,7,7,21-07-2024,30:55.8,914,2024,Jul-24
11,card,32.82,Cappuccino,Morning,Sun,Jul,7,7,21-07-2024,39:28.8,915,2024,Jul-24
13,card,23.02,Cortado,Afternoon,Sun,Jul,7,7,21-07-2024,34:30.8,916,2024,Jul-24
13,card,32.82,Latte,Afternoon,Sun,Jul,7,7,21-07-2024,42:31.4,917,2024,Jul-24
8,card,23.02,Americano,Morning,Mon,Jul,1,7,22-07-2024,13:23.1,918,2024,Jul-24
8,card,23.02,Americano,Morning,Mon,Jul,1,7,22-07-2024,40:49.6,919,2024,Jul-24
10,card,27.92,Americano with Milk,Morning,Mon,Jul,1,7,22-07-2024,15:37.3,920,2024,Jul-24
16,card,32.82,Latte,Afternoon,Mon,Jul,1,7,22-07-2024,44:37.6,921,2024,Jul-24
8,card,32.82,Latte,Morning,Tue,Jul,2,7,23-07-2024,12:56.2,922,2024,Jul-24
8,card,23.02,Americano,Morning,Tue,Jul,2,7,23-07-2024,40:19.0,923,2024,Jul-24
8,card,27.92,Americano with Milk,Morning,Tue,Jul,2,7,23-07-2024,44:53.8,924,2024,Jul-24
8,card,32.82,Cocoa,Morning,Tue,Jul,2,7,23-07-2024,49:25.1,925,2024,Jul-24
8,card,32.82,Latte,Morning,Tue,Jul,2,7,23-07-2024,51:10.4,926,2024,Jul-24
9,card,23.02,Americano,Morning,Tue,Jul,2,7,23-07-2024,01:45.7,927,2024,Jul-24
10,card,27.92,Americano with Milk,Morning,Tue,Jul,2,7,23-07-2024,03:36.5,928,2024,Jul-24
15,card,27.92,Americano with Milk,Afternoon,Tue,Jul,2,7,23-07-2024,20:05.0,929,2024,Jul-24
15,card,32.82,Latte,Afternoon,Tue,Jul,2,7,23-07-2024,21:01.3,930,2024,Jul-24
21,card,32.82,Latte,Night,Tue,Jul,2,7,23-07-2024,01:40.6,931,2024,Jul-24
21,card,23.02,Americano,Night,Tue,Jul,2,7,23-07-2024,23:13.5,932,2024,Jul-24
21,card,23.02,Americano,Night,Tue,Jul,2,7,23-07-2024,24:22.6,933,2024,Jul-24
9,card,27.92,Americano with Milk,Morning,Wed,Jul,3,7,24-07-2024,16:09.8,934,2024,Jul-24
9,card,27.92,Americano with Milk,Morning,Wed,Jul,3,7,24-07-2024,38:55.0,935,2024,Jul-24
9,card,18.12,Espresso,Morning,Wed,Jul,3,7,24-07-2024,54:37.5,936,2024,Jul-24
11,card,32.82,Cappuccino,Morning,Wed,Jul,3,7,24-07-2024,43:53.1,937,2024,Jul-24
13,card,32.82,Latte,Afternoon,Wed,Jul,3,7,24-07-2024,55:13.8,938,2024,Jul-24
14,card,18.12,Espresso,Afternoon,Wed,Jul,3,7,24-07-2024,45:49.8,939,2024,Jul-24
15,card,32.82,Latte,Afternoon,Wed,Jul,3,7,24-07-2024,18:30.5,940,2024,Jul-24
19,card,32.82,Cappuccino,Night,Wed,Jul,3,7,24-07-2024,15:05.7,941,2024,Jul-24
19,card,32.82,Cappuccino,Night,Wed,Jul,3,7,24-07-2024,16:59.8,942,2024,Jul-24
21,card,27.92,Americano with Milk,Night,Wed,Jul,3,7,24-07-2024,17:36.8,943,2024,Jul-24
21,card,23.02,Americano,Night,Wed,Jul,3,7,24-07-2024,18:41.3,944,2024,Jul-24
21,card,23.02,Americano,Night,Wed,Jul,3,7,24-07-2024,25:17.5,945,2024,Jul-24
7,card,23.02,Americano,Morning,Thu,Jul,4,7,25-07-2024,54:47.9,946,2024,Jul-24
8,card,32.82,Latte,Morning,Thu,Jul,4,7,25-07-2024,49:18.4,947,2024,Jul-24
10,card,27.92,Americano with Milk,Morning,Thu,Jul,4,7,25-07-2024,29:44.6,948,2024,Jul-24
11,card,23.02,Americano,Morning,Thu,Jul,4,7,25-07-2024,26:04.7,949,2024,Jul-24
15,card,32.82,Cappuccino,Afternoon,Thu,Jul,4,7,25-07-2024,25:06.5,950,2024,Jul-24
19,card,32.82,Cappuccino,Night,Thu,Jul,4,7,25-07-2024,21:00.8,951,2024,Jul-24
21,card,23.02,Cortado,Night,Thu,Jul,4,7,25-07-2024,06:01.3,952,2024,Jul-24
21,card,18.12,Espresso,Night,Thu,Jul,4,7,25-07-2024,06:50.0,953,2024,Jul-24
22,card,23.02,Cortado,Night,Thu,Jul,4,7,25-07-2024,38:51.3,954,2024,Jul-24
22,card,32.82,Cocoa,Night,Thu,Jul,4,7,25-07-2024,39:46.8,955,2024,Jul-24
8,card,32.82,Latte,Morning,Fri,Jul,5,7,26-07-2024,33:01.3,956,2024,Jul-24
9,card,27.92,Americano with Milk,Morning,Fri,Jul,5,7,26-07-2024,19:37.4,957,2024,Jul-24
9,card,18.12,Espresso,Morning,Fri,Jul,5,7,26-07-2024,20:34.3,958,2024,Jul-24
9,card,23.02,Cortado,Morning,Fri,Jul,5,7,26-07-2024,33:11.5,959,2024,Jul-24
9,card,23.02,Cortado,Morning,Fri,Jul,5,7,26-07-2024,34:16.6,960,2024,Jul-24
9,card,32.82,Latte,Morning,Fri,Jul,5,7,26-07-2024,59:07.9,961,2024,Jul-24
10,card,32.82,Latte,Morning,Fri,Jul,5,7,26-07-2024,00:02.7,962,2024,Jul-24
11,card,27.92,Americano with Milk,Morning,Fri,Jul,5,7,26-07-2024,47:13.9,963,2024,Jul-24
12,card,27.92,Americano with Milk,Afternoon,Fri,Jul,5,7,26-07-2024,07:01.7,964,2024,Jul-24
12,card,32.82,Cappuccino,Afternoon,Fri,Jul,5,7,26-07-2024,28:08.0,965,2024,Jul-24
12,card,32.82,Cappuccino,Afternoon,Fri,Jul,5,7,26-07-2024,29:17.7,966,2024,Jul-24
13,card,32.82,Latte,Afternoon,Fri,Jul,5,7,26-07-2024,09:56.1,967,2024,Jul-24
17,card,23.02,Americano,Night,Fri,Jul,5,7,26-07-2024,23:29.3,968,2024,Jul-24
17,card,32.82,Cappuccino,Night,Fri,Jul,5,7,26-07-2024,58:29.2,969,2024,Jul-24
21,card,32.82,Latte,Night,Fri,Jul,5,7,26-07-2024,15:09.6,970,2024,Jul-24
22,card,27.92,Americano with Milk,Night,Fri,Jul,5,7,26-07-2024,49:52.3,971,2024,Jul-24
9,card,32.82,Cappuccino,Morning,Sat,Jul,6,7,27-07-2024,09:16.5,972,2024,Jul-24
11,card,27.92,Americano with Milk,Morning,Sat,Jul,6,7,27-07-2024,55:31.4,973,2024,Jul-24
12,card,27.92,Americano with Milk,Afternoon,Sat,Jul,6,7,27-07-2024,25:10.1,974,2024,Jul-24
12,card,18.12,Espresso,Afternoon,Sat,Jul,6,7,27-07-2024,26:13.2,975,2024,Jul-24
12,card,27.92,Americano with Milk,Afternoon,Sat,Jul,6,7,27-07-2024,33:23.1,976,2024,Jul-24
14,card,18.12,Espresso,Afternoon,Sat,Jul,6,7,27-07-2024,28:41.9,977,2024,Jul-24
14,card,32.82,Latte,Afternoon,Sat,Jul,6,7,27-07-2024,51:53.2,978,2024,Jul-24
17,card,32.82,Cappuccino,Night,Sat,Jul,6,7,27-07-2024,02:33.4,979,2024,Jul-24
17,card,32.82,Cappuccino,Night,Sat,Jul,6,7,27-07-2024,03:39.1,980,2024,Jul-24
17,card,27.92,Americano with Milk,Night,Sat,Jul,6,7,27-07-2024,09:00.4,981,2024,Jul-24
17,card,27.92,Americano with Milk,Night,Sat,Jul,6,7,27-07-2024,10:08.1,982,2024,Jul-24
20,card,32.82,Latte,Night,Sat,Jul,6,7,27-07-2024,55:20.2,983,2024,Jul-24
22,card,32.82,Cappuccino,Night,Sat,Jul,6,7,27-07-2024,56:23.9,984,2024,Jul-24
11,card,18.12,Espresso,Morning,Sun,Jul,7,7,28-07-2024,07:25.9,985,2024,Jul-24
14,card,27.92,Americano with Milk,Afternoon,Sun,Jul,7,7,28-07-2024,17:54.2,986,2024,Jul-24
14,card,32.82,Latte,Afternoon,Sun,Jul,7,7,28-07-2024,18:52.2,987,2024,Jul-24
8,card,32.82,Latte,Morning,Mon,Jul,1,7,29-07-2024,12:06.4,988,2024,Jul-24
9,card,23.02,Americano,Morning,Mon,Jul,1,7,29-07-2024,04:48.0,989,2024,Jul-24
9,card,27.92,Americano with Milk,Morning,Mon,Jul,1,7,29-07-2024,15:46.2,990,2024,Jul-24
9,card,23.02,Americano,Morning,Mon,Jul,1,7,29-07-2024,19:44.1,991,2024,Jul-24
9,card,27.92,Americano with Milk,Morning,Mon,Jul,1,7,29-07-2024,51:24.7,992,2024,Jul-24
9,card,32.82,Cappuccino,Morning,Mon,Jul,1,7,29-07-2024,58:29.6,993,2024,Jul-24
10,card,32.82,Hot Chocolate,Morning,Mon,Jul,1,7,29-07-2024,43:44.0,994,2024,Jul-24
10,card,32.82,Hot Chocolate,Morning,Mon,Jul,1,7,29-07-2024,44:55.8,995,2024,Jul-24
19,card,32.82,Cappuccino,Night,Mon,Jul,1,7,29-07-2024,06:31.1,996,2024,Jul-24
19,card,23.02,Americano,Night,Mon,Jul,1,7,29-07-2024,30:16.3,997,2024,Jul-24
21,card,32.82,Cocoa,Night,Mon,Jul,1,7,29-07-2024,57:34.4,998,2024,Jul-24
7,card,27.92,Americano with Milk,Morning,Tue,Jul,2,7,30-07-2024,41:10.9,999,2024,Jul-24
8,card,23.02,Cortado,Morning,Tue,Jul,2,7,30-07-2024,05:07.2,1000,2024,Jul-24
8,card,32.82,Cappuccino,Morning,Tue,Jul,2,7,30-07-2024,20:51.1,1001,2024,Jul-24
9,card,27.92,Americano with Milk,Morning,Tue,Jul,2,7,30-07-2024,13:43.2,1002,2024,Jul-24
10,card,23.02,Cortado,Morning,Tue,Jul,2,7,30-07-2024,17:11.1,1003,2024,Jul-24
10,card,27.92,Americano with Milk,Morning,Tue,Jul,2,7,30-07-2024,19:34.2,1004,2024,Jul-24
10,card,32.82,Latte,Morning,Tue,Jul,2,7,30-07-2024,23:20.1,1005,2024,Jul-24
11,card,23.02,Americano,Morning,Tue,Jul,2,7,30-07-2024,12:07.4,1006,2024,Jul-24
11,card,18.12,Espresso,Morning,Tue,Jul,2,7,30-07-2024,13:16.2,1007,2024,Jul-24
11,card,27.92,Americano with Milk,Morning,Tue,Jul,2,7,30-07-2024,14:41.7,1008,2024,Jul-24
11,card,27.92,Americano with Milk,Morning,Tue,Jul,2,7,30-07-2024,16:01.6,1009,2024,Jul-24
11,card,27.92,Americano with Milk,Morning,Tue,Jul,2,7,30-07-2024,30:34.7,1010,2024,Jul-24
11,card,27.92,Americano with Milk,Morning,Tue,Jul,2,7,30-07-2024,31:40.8,1011,2024,Jul-24
12,card,32.82,Latte,Afternoon,Tue,Jul,2,7,30-07-2024,08:07.5,1012,2024,Jul-24
15,card,27.92,Americano with Milk,Afternoon,Tue,Jul,2,7,30-07-2024,16:09.6,1013,2024,Jul-24
16,card,23.02,Cortado,Afternoon,Tue,Jul,2,7,30-07-2024,08:52.9,1014,2024,Jul-24
16,card,27.92,Americano with Milk,Afternoon,Tue,Jul,2,7,30-07-2024,09:43.6,1015,2024,Jul-24
20,card,18.12,Espresso,Night,Tue,Jul,2,7,30-07-2024,24:19.9,1016,2024,Jul-24
20,card,27.92,Americano with Milk,Night,Tue,Jul,2,7,30-07-2024,53:51.9,1017,2024,Jul-24
20,card,27.92,Americano with Milk,Night,Tue,Jul,2,7,30-07-2024,54:46.3,1018,2024,Jul-24
20,card,27.92,Americano with Milk,Night,Tue,Jul,2,7,30-07-2024,57:02.3,1019,2024,Jul-24
21,card,32.82,Latte,Night,Tue,Jul,2,7,30-07-2024,33:19.2,1020,2024,Jul-24
22,card,23.02,Americano,Night,Tue,Jul,2,7,30-07-2024,15:21.5,1021,2024,Jul-24
22,card,32.82,Cappuccino,Night,Tue,Jul,2,7,30-07-2024,16:19.3,1022,2024,Jul-24
7,card,27.92,Americano with Milk,Morning,Wed,Jul,3,7,31-07-2024,59:52.1,1023,2024,Jul-24
8,card,27.92,Americano with Milk,Morning,Wed,Jul,3,7,31-07-2024,37:41.9,1024,2024,Jul-24
8,card,27.92,Americano with Milk,Morning,Wed,Jul,3,7,31-07-2024,38:38.2,1025,2024,Jul-24
9,card,23.02,Americano,Morning,Wed,Jul,3,7,31-07-2024,54:45.3,1026,2024,Jul-24
9,card,23.02,Americano,Morning,Wed,Jul,3,7,31-07-2024,55:45.1,1027,2024,Jul-24
9,card,27.92,Americano with Milk,Morning,Wed,Jul,3,7,31-07-2024,58:15.9,1028,2024,Jul-24
13,card,32.82,Cocoa,Afternoon,Wed,Jul,3,7,31-07-2024,11:42.6,1029,2024,Jul-24
13,card,32.82,Latte,Afternoon,Wed,Jul,3,7,31-07-2024,14:00.3,1030,2024,Jul-24
13,card,27.92,Americano with Milk,Afternoon,Wed,Jul,3,7,31-07-2024,24:49.4,1031,2024,Jul-24
17,card,23.02,Cortado,Night,Wed,Jul,3,7,31-07-2024,48:06.8,1032,2024,Jul-24
18,card,32.82,Latte,Night,Wed,Jul,3,7,31-07-2024,04:15.0,1033,2024,Jul-24
19,card,23.02,Cortado,Night,Wed,Jul,3,7,31-07-2024,22:38.9,1034,2024,Jul-24
19,card,32.82,Latte,Night,Wed,Jul,3,7,31-07-2024,28:45.1,1035,2024,Jul-24
20,card,32.82,Cocoa,Night,Wed,Jul,3,7,31-07-2024,46:42.4,1036,2024,Jul-24
20,card,23.02,Cortado,Night,Wed,Jul,3,7,31-07-2024,50:07.4,1037,2024,Jul-24
20,card,32.82,Latte,Night,Wed,Jul,3,7,31-07-2024,51:10.4,1038,2024,Jul-24
20,card,32.82,Cappuccino,Night,Wed,Jul,3,7,31-07-2024,52:14.8,1039,2024,Jul-24
20,card,23.02,Cortado,Night,Wed,Jul,3,7,31-07-2024,53:35.1,1040,2024,Jul-24
20,card,27.92,Americano with Milk,Night,Wed,Jul,3,7,31-07-2024,59:25.0,1041,2024,Jul-24
21,card,32.82,Latte,Night,Wed,Jul,3,7,31-07-2024,21:26:26,1042,2024,Jul-24
21,card,32.82,Latte,Night,Wed,Jul,3,7,31-07-2024,54:11.8,1043,2024,Jul-24
21,card,32.82,Latte,Night,Wed,Jul,3,7,31-07-2024,55:16.6,1044,2024,Jul-24
7,card,27.92,Americano with Milk,Morning,Thu,Aug,4,8,01-08-2024,31:00.1,1045,2024,Aug-24
9,card,27.92,Americano with Milk,Morning,Thu,Aug,4,8,01-08-2024,25:20.1,1046,2024,Aug-24
11,card,27.92,Americano with Milk,Morning,Thu,Aug,4,8,01-08-2024,04:14.1,1047,2024,Aug-24
11,card,27.92,Americano with Milk,Morning,Thu,Aug,4,8,01-08-2024,22:46.4,1048,2024,Aug-24
13,card,23.02,Cortado,Afternoon,Thu,Aug,4,8,01-08-2024,22:46.6,1049,2024,Aug-24
13,card,32.82,Cappuccino,Afternoon,Thu,Aug,4,8,01-08-2024,23:37.3,1050,2024,Aug-24
13,card,32.82,Cappuccino,Afternoon,Thu,Aug,4,8,01-08-2024,49:07.3,1051,2024,Aug-24
15,card,27.92,Americano with Milk,Afternoon,Thu,Aug,4,8,01-08-2024,43:43.8,1052,2024,Aug-24
16,card,27.92,Americano with Milk,Afternoon,Thu,Aug,4,8,01-08-2024,24:00.7,1053,2024,Aug-24
16,card,23.02,Americano,Afternoon,Thu,Aug,4,8,01-08-2024,26:07.3,1054,2024,Aug-24
17,card,23.02,Americano,Night,Thu,Aug,4,8,01-08-2024,23:35.2,1055,2024,Aug-24
20,card,32.82,Cappuccino,Night,Thu,Aug,4,8,01-08-2024,41:28.1,1056,2024,Aug-24
9,card,27.92,Americano with Milk,Morning,Fri,Aug,5,8,02-08-2024,01:54.2,1057,2024,Aug-24
9,card,27.92,Americano with Milk,Morning,Fri,Aug,5,8,02-08-2024,35:02.9,1058,2024,Aug-24
11,card,23.02,Cortado,Morning,Fri,Aug,5,8,02-08-2024,09:19.5,1059,2024,Aug-24
18,card,27.92,Americano with Milk,Night,Fri,Aug,5,8,02-08-2024,08:35.3,1060,2024,Aug-24
21,card,32.82,Latte,Night,Fri,Aug,5,8,02-08-2024,23:04.4,1061,2024,Aug-24
8,card,27.92,Americano with Milk,Morning,Sat,Aug,6,8,03-08-2024,53:46.7,1062,2024,Aug-24
9,card,27.92,Americano with Milk,Morning,Sat,Aug,6,8,03-08-2024,37:19.2,1063,2024,Aug-24
9,card,27.92,Americano with Milk,Morning,Sat,Aug,6,8,03-08-2024,38:41.0,1064,2024,Aug-24
10,card,27.92,Americano with Milk,Morning,Sat,Aug,6,8,03-08-2024,12:25.6,1065,2024,Aug-24
11,card,23.02,Cortado,Morning,Sat,Aug,6,8,03-08-2024,20:26.6,1066,2024,Aug-24
11,card,23.02,Cortado,Morning,Sat,Aug,6,8,03-08-2024,11:21:22,1067,2024,Aug-24
11,card,18.12,Espresso,Morning,Sat,Aug,6,8,03-08-2024,56:36.6,1068,2024,Aug-24
11,card,27.92,Americano with Milk,Morning,Sat,Aug,6,8,03-08-2024,57:31.3,1069,2024,Aug-24
12,card,27.92,Americano with Milk,Afternoon,Sat,Aug,6,8,03-08-2024,03:35.8,1070,2024,Aug-24
16,card,27.92,Americano with Milk,Afternoon,Sat,Aug,6,8,03-08-2024,53:59.9,1071,2024,Aug-24
18,card,32.82,Cappuccino,Night,Sat,Aug,6,8,03-08-2024,38:42.0,1072,2024,Aug-24
21,card,32.82,Latte,Night,Sat,Aug,6,8,03-08-2024,30:49.0,1073,2024,Aug-24
21,card,32.82,Latte,Night,Sat,Aug,6,8,03-08-2024,33:06.3,1074,2024,Aug-24
8,card,32.82,Cappuccino,Morning,Sun,Aug,7,8,04-08-2024,18:37.3,1075,2024,Aug-24
10,card,27.92,Americano with Milk,Morning,Sun,Aug,7,8,04-08-2024,37:51.1,1076,2024,Aug-24
11,card,32.82,Cappuccino,Morning,Sun,Aug,7,8,04-08-2024,50:54.6,1077,2024,Aug-24
11,card,27.92,Americano with Milk,Morning,Sun,Aug,7,8,04-08-2024,52:33.0,1078,2024,Aug-24
15,card,32.82,Cappuccino,Afternoon,Sun,Aug,7,8,04-08-2024,33:52.1,1079,2024,Aug-24
15,card,32.82,Cappuccino,Afternoon,Sun,Aug,7,8,04-08-2024,35:05.9,1080,2024,Aug-24
8,card,23.02,Cortado,Morning,Mon,Aug,1,8,05-08-2024,50:05.8,1081,2024,Aug-24
9,card,27.92,Americano with Milk,Morning,Mon,Aug,1,8,05-08-2024,19:19.2,1082,2024,Aug-24
11,card,23.02,Cortado,Morning,Mon,Aug,1,8,05-08-2024,20:47.4,1083,2024,Aug-24
13,card,32.82,Cappuccino,Afternoon,Mon,Aug,1,8,05-08-2024,45:22.5,1084,2024,Aug-24
16,card,32.82,Latte,Afternoon,Mon,Aug,1,8,05-08-2024,05:57.7,1085,2024,Aug-24
16,card,32.82,Latte,Afternoon,Mon,Aug,1,8,05-08-2024,07:18.8,1086,2024,Aug-24
17,card,32.82,Latte,Night,Mon,Aug,1,8,05-08-2024,44:24.5,1087,2024,Aug-24
17,card,27.92,Americano with Milk,Night,Mon,Aug,1,8,05-08-2024,45:32.1,1088,2024,Aug-24
19,card,32.82,Latte,Night,Mon,Aug,1,8,05-08-2024,20:02.7,1089,2024,Aug-24
19,card,32.82,Latte,Night,Mon,Aug,1,8,05-08-2024,34:51.5,1090,2024,Aug-24
20,card,32.82,Cocoa,Night,Mon,Aug,1,8,05-08-2024,49:30.9,1091,2024,Aug-24
20,card,32.82,Cocoa,Night,Mon,Aug,1,8,05-08-2024,50:21.9,1092,2024,Aug-24
22,card,27.92,Americano with Milk,Night,Mon,Aug,1,8,05-08-2024,43:48.2,1093,2024,Aug-24
10,card,23.02,Cortado,Morning,Tue,Aug,2,8,06-08-2024,21:03.3,1094,2024,Aug-24
10,card,32.82,Hot Chocolate,Morning,Tue,Aug,2,8,06-08-2024,32:32.3,1095,2024,Aug-24
17,card,32.82,Cappuccino,Night,Tue,Aug,2,8,06-08-2024,40:49.2,1096,2024,Aug-24
17,card,32.82,Latte,Night,Tue,Aug,2,8,06-08-2024,42:52.7,1097,2024,Aug-24
17,card,32.82,Cocoa,Night,Tue,Aug,2,8,06-08-2024,44:05.1,1098,2024,Aug-24
19,card,32.82,Latte,Night,Tue,Aug,2,8,06-08-2024,04:04.5,1099,2024,Aug-24
19,card,27.92,Americano with Milk,Night,Tue,Aug,2,8,06-08-2024,05:23.1,1100,2024,Aug-24
20,card,32.82,Latte,Night,Tue,Aug,2,8,06-08-2024,04:27.1,1101,2024,Aug-24
8,card,27.92,Americano with Milk,Morning,Wed,Aug,3,8,07-08-2024,55:48.5,1102,2024,Aug-24
12,card,23.02,Americano,Afternoon,Wed,Aug,3,8,07-08-2024,12:26.8,1103,2024,Aug-24
12,card,23.02,Americano,Afternoon,Wed,Aug,3,8,07-08-2024,13:40.7,1104,2024,Aug-24
13,card,18.12,Espresso,Afternoon,Wed,Aug,3,8,07-08-2024,11:16.2,1105,2024,Aug-24
16,card,23.02,Americano,Afternoon,Wed,Aug,3,8,07-08-2024,19:01.7,1106,2024,Aug-24
19,card,32.82,Latte,Night,Wed,Aug,3,8,07-08-2024,36:22.7,1107,2024,Aug-24
20,card,32.82,Cocoa,Night,Wed,Aug,3,8,07-08-2024,40:09.3,1108,2024,Aug-24
21,card,32.82,Cappuccino,Night,Wed,Aug,3,8,07-08-2024,18:12.0,1109,2024,Aug-24
22,card,32.82,Latte,Night,Wed,Aug,3,8,07-08-2024,28:56.7,1110,2024,Aug-24
22,card,32.82,Latte,Night,Wed,Aug,3,8,07-08-2024,32:16.0,1111,2024,Aug-24
8,card,18.12,Espresso,Morning,Thu,Aug,4,8,08-08-2024,46:36.2,1112,2024,Aug-24
8,card,23.02,Cortado,Morning,Thu,Aug,4,8,08-08-2024,47:28.7,1113,2024,Aug-24
12,card,27.92,Americano with Milk,Afternoon,Thu,Aug,4,8,08-08-2024,27:05.4,1114,2024,Aug-24
12,card,23.02,Cortado,Afternoon,Thu,Aug,4,8,08-08-2024,43:19.6,1115,2024,Aug-24
12,card,23.02,Cortado,Afternoon,Thu,Aug,4,8,08-08-2024,44:15.0,1116,2024,Aug-24
16,card,32.82,Cappuccino,Afternoon,Thu,Aug,4,8,08-08-2024,57:53.3,1117,2024,Aug-24
17,card,32.82,Cappuccino,Night,Thu,Aug,4,8,08-08-2024,17:51.7,1118,2024,Aug-24
21,card,27.92,Americano with Milk,Night,Thu,Aug,4,8,08-08-2024,25:59.3,1119,2024,Aug-24
7,card,32.82,Latte,Morning,Fri,Aug,5,8,09-08-2024,35:22.3,1120,2024,Aug-24
9,card,23.02,Americano,Morning,Fri,Aug,5,8,09-08-2024,53:34.6,1121,2024,Aug-24
10,card,23.02,Cortado,Morning,Fri,Aug,5,8,09-08-2024,13:07.5,1122,2024,Aug-24
10,card,27.92,Americano with Milk,Morning,Fri,Aug,5,8,09-08-2024,26:47.2,1123,2024,Aug-24
11,card,32.82,Latte,Morning,Fri,Aug,5,8,09-08-2024,28:08.7,1124,2024,Aug-24
11,card,23.02,Americano,Morning,Fri,Aug,5,8,09-08-2024,29:48.7,1125,2024,Aug-24
18,card,23.02,Americano,Night,Fri,Aug,5,8,09-08-2024,56:27.7,1126,2024,Aug-24
19,card,32.82,Hot Chocolate,Night,Fri,Aug,5,8,09-08-2024,03:06.6,1127,2024,Aug-24
8,card,32.82,Cappuccino,Morning,Sat,Aug,6,8,10-08-2024,36:44.6,1128,2024,Aug-24
8,card,27.92,Americano with Milk,Morning,Sat,Aug,6,8,10-08-2024,37:57.1,1129,2024,Aug-24
8,card,23.02,Cortado,Morning,Sat,Aug,6,8,10-08-2024,45:09.0,1130,2024,Aug-24
11,card,23.02,Cortado,Morning,Sat,Aug,6,8,10-08-2024,52:33.8,1131,2024,Aug-24
11,card,23.02,Americano,Morning,Sat,Aug,6,8,10-08-2024,54:23.5,1132,2024,Aug-24
12,card,32.82,Latte,Afternoon,Sat,Aug,6,8,10-08-2024,15:10.9,1133,2024,Aug-24
12,card,27.92,Americano with Milk,Afternoon,Sat,Aug,6,8,10-08-2024,33:12.5,1134,2024,Aug-24
16,card,32.82,Latte,Afternoon,Sat,Aug,6,8,10-08-2024,06:12.1,1135,2024,Aug-24
21,card,32.82,Cocoa,Night,Sat,Aug,6,8,10-08-2024,16:48.6,1136,2024,Aug-24
21,card,32.82,Cocoa,Night,Sat,Aug,6,8,10-08-2024,17:41.1,1137,2024,Aug-24
21,card,32.82,Cocoa,Night,Sat,Aug,6,8,10-08-2024,37:41.5,1138,2024,Aug-24
9,card,32.82,Latte,Morning,Sun,Aug,7,8,11-08-2024,52:36.6,1139,2024,Aug-24
9,card,32.82,Latte,Morning,Sun,Aug,7,8,11-08-2024,53:43.6,1140,2024,Aug-24
10,card,27.92,Americano with Milk,Morning,Sun,Aug,7,8,11-08-2024,17:23.6,1141,2024,Aug-24
11,card,32.82,Cappuccino,Morning,Sun,Aug,7,8,11-08-2024,56:41.1,1142,2024,Aug-24
11,card,27.92,Americano with Milk,Morning,Sun,Aug,7,8,11-08-2024,57:41.3,1143,2024,Aug-24
12,card,23.02,Cortado,Afternoon,Sun,Aug,7,8,11-08-2024,20:19.6,1144,2024,Aug-24
15,card,32.82,Latte,Afternoon,Sun,Aug,7,8,11-08-2024,53:51.6,1145,2024,Aug-24
15,card,27.92,Americano with Milk,Afternoon,Sun,Aug,7,8,11-08-2024,55:14.9,1146,2024,Aug-24
15,card,32.82,Cocoa,Afternoon,Sun,Aug,7,8,11-08-2024,56:27.7,1147,2024,Aug-24
16,card,32.82,Cappuccino,Afternoon,Sun,Aug,7,8,11-08-2024,27:35.1,1148,2024,Aug-24
16,card,18.12,Espresso,Afternoon,Sun,Aug,7,8,11-08-2024,28:38.3,1149,2024,Aug-24
21,card,23.02,Cortado,Night,Sun,Aug,7,8,11-08-2024,30:32.5,1150,2024,Aug-24
21,card,32.82,Latte,Night,Sun,Aug,7,8,11-08-2024,41:09.1,1151,2024,Aug-24
21,card,32.82,Latte,Night,Sun,Aug,7,8,11-08-2024,43:10.1,1152,2024,Aug-24
22,card,32.82,Cappuccino,Night,Sun,Aug,7,8,11-08-2024,39:29.9,1153,2024,Aug-24
8,card,32.82,Hot Chocolate,Morning,Mon,Aug,1,8,12-08-2024,26:19.5,1154,2024,Aug-24
11,card,27.92,Americano with Milk,Morning,Mon,Aug,1,8,12-08-2024,15:04.8,1155,2024,Aug-24
11,card,23.02,Americano,Morning,Mon,Aug,1,8,12-08-2024,19:29.5,1156,2024,Aug-24
11,card,32.82,Latte,Morning,Mon,Aug,1,8,12-08-2024,20:23.6,1157,2024,Aug-24
11,card,32.82,Latte,Morning,Mon,Aug,1,8,12-08-2024,44:28.4,1158,2024,Aug-24
14,card,18.12,Espresso,Afternoon,Mon,Aug,1,8,12-08-2024,04:03.4,1159,2024,Aug-24
14,card,27.92,Americano with Milk,Afternoon,Mon,Aug,1,8,12-08-2024,05:06.9,1160,2024,Aug-24
15,card,27.92,Americano with Milk,Afternoon,Mon,Aug,1,8,12-08-2024,33:33.1,1161,2024,Aug-24
18,card,27.92,Americano with Milk,Night,Mon,Aug,1,8,12-08-2024,05:04.8,1162,2024,Aug-24
21,card,27.92,Americano with Milk,Night,Mon,Aug,1,8,12-08-2024,25:49.4,1163,2024,Aug-24
21,card,32.82,Latte,Night,Mon,Aug,1,8,12-08-2024,37:38.0,1164,2024,Aug-24
22,card,32.82,Cappuccino,Night,Mon,Aug,1,8,12-08-2024,58:20.1,1165,2024,Aug-24
22,card,32.82,Cappuccino,Night,Mon,Aug,1,8,12-08-2024,59:18.5,1166,2024,Aug-24
8,card,27.92,Americano with Milk,Morning,Tue,Aug,2,8,13-08-2024,44:30.2,1167,2024,Aug-24
9,card,27.92,Americano with Milk,Morning,Tue,Aug,2,8,13-08-2024,14:21.6,1168,2024,Aug-24
9,card,27.92,Americano with Milk,Morning,Tue,Aug,2,8,13-08-2024,45:56.4,1169,2024,Aug-24
10,card,23.02,Cortado,Morning,Tue,Aug,2,8,13-08-2024,42:08.8,1170,2024,Aug-24
11,card,32.82,Latte,Morning,Tue,Aug,2,8,13-08-2024,59:47.6,1171,2024,Aug-24
13,card,27.92,Americano with Milk,Afternoon,Tue,Aug,2,8,13-08-2024,01:41.5,1172,2024,Aug-24
14,card,32.82,Latte,Afternoon,Tue,Aug,2,8,13-08-2024,45:39.7,1173,2024,Aug-24
15,card,32.82,Cappuccino,Afternoon,Tue,Aug,2,8,13-08-2024,47:56.7,1174,2024,Aug-24
15,card,27.92,Americano with Milk,Afternoon,Tue,Aug,2,8,13-08-2024,55:29.6,1175,2024,Aug-24
20,card,32.82,Latte,Night,Tue,Aug,2,8,13-08-2024,29:34.5,1176,2024,Aug-24
20,card,32.82,Cocoa,Night,Tue,Aug,2,8,13-08-2024,30:37.2,1177,2024,Aug-24
20,card,32.82,Cappuccino,Night,Tue,Aug,2,8,13-08-2024,44:23.0,1178,2024,Aug-24
21,card,23.02,Cortado,Night,Tue,Aug,2,8,13-08-2024,00:44.7,1179,2024,Aug-24
7,card,32.82,Latte,Morning,Wed,Aug,3,8,14-08-2024,35:48.1,1180,2024,Aug-24
7,card,32.82,Cappuccino,Morning,Wed,Aug,3,8,14-08-2024,36:55.6,1181,2024,Aug-24
10,card,23.02,Cortado,Morning,Wed,Aug,3,8,14-08-2024,09:29.1,1182,2024,Aug-24
11,card,18.12,Espresso,Morning,Wed,Aug,3,8,14-08-2024,39:07.9,1183,2024,Aug-24
12,card,23.02,Americano,Afternoon,Wed,Aug,3,8,14-08-2024,49:17.0,1184,2024,Aug-24
12,card,23.02,Americano,Afternoon,Wed,Aug,3,8,14-08-2024,51:04.9,1185,2024,Aug-24
15,card,32.82,Latte,Afternoon,Wed,Aug,3,8,14-08-2024,21:27.3,1186,2024,Aug-24
17,card,23.02,Americano,Night,Wed,Aug,3,8,14-08-2024,24:22.8,1187,2024,Aug-24
18,card,23.02,Cortado,Night,Wed,Aug,3,8,14-08-2024,10:03.7,1188,2024,Aug-24
18,card,27.92,Americano with Milk,Night,Wed,Aug,3,8,14-08-2024,59:18.3,1189,2024,Aug-24
19,card,32.82,Latte,Night,Wed,Aug,3,8,14-08-2024,34:51.7,1190,2024,Aug-24
19,card,23.02,Cortado,Night,Wed,Aug,3,8,14-08-2024,35:48.5,1191,2024,Aug-24
21,card,32.82,Latte,Night,Wed,Aug,3,8,14-08-2024,41:33.0,1192,2024,Aug-24
9,card,23.02,Cortado,Morning,Thu,Aug,4,8,15-08-2024,36:11.2,1193,2024,Aug-24
9,card,32.82,Cappuccino,Morning,Thu,Aug,4,8,15-08-2024,37:02.2,1194,2024,Aug-24
9,card,32.82,Hot Chocolate,Morning,Thu,Aug,4,8,15-08-2024,38:04.9,1195,2024,Aug-24
9,card,32.82,Latte,Morning,Thu,Aug,4,8,15-08-2024,38:49.7,1196,2024,Aug-24
12,card,32.82,Latte,Afternoon,Thu,Aug,4,8,15-08-2024,38:37.6,1197,2024,Aug-24
13,card,32.82,Latte,Afternoon,Thu,Aug,4,8,15-08-2024,48:13.6,1198,2024,Aug-24
14,card,23.02,Americano,Afternoon,Thu,Aug,4,8,15-08-2024,17:48.2,1199,2024,Aug-24
14,card,18.12,Espresso,Afternoon,Thu,Aug,4,8,15-08-2024,18:50.8,1200,2024,Aug-24
17,card,27.92,Americano with Milk,Night,Thu,Aug,4,8,15-08-2024,53:52.2,1201,2024,Aug-24
19,card,32.82,Hot Chocolate,Night,Thu,Aug,4,8,15-08-2024,10:58.2,1202,2024,Aug-24
19,card,27.92,Americano with Milk,Night,Thu,Aug,4,8,15-08-2024,11:54.0,1203,2024,Aug-24
19,card,27.92,Americano with Milk,Night,Thu,Aug,4,8,15-08-2024,41:30.2,1204,2024,Aug-24
19,card,23.02,Americano,Night,Thu,Aug,4,8,15-08-2024,42:38.0,1205,2024,Aug-24
20,card,32.82,Cappuccino,Night,Thu,Aug,4,8,15-08-2024,40:41.5,1206,2024,Aug-24
21,card,18.12,Espresso,Night,Thu,Aug,4,8,15-08-2024,35:20.1,1207,2024,Aug-24
21,card,27.92,Americano with Milk,Night,Thu,Aug,4,8,15-08-2024,36:11.0,1208,2024,Aug-24
12,card,32.82,Latte,Afternoon,Fri,Aug,5,8,16-08-2024,29:16.7,1209,2024,Aug-24
12,card,23.02,Americano,Afternoon,Fri,Aug,5,8,16-08-2024,54:17.5,1210,2024,Aug-24
13,card,27.92,Americano with Milk,Afternoon,Fri,Aug,5,8,16-08-2024,36:12.8,1211,2024,Aug-24
15,card,18.12,Espresso,Afternoon,Fri,Aug,5,8,16-08-2024,18:51.7,1212,2024,Aug-24
15,card,18.12,Espresso,Afternoon,Fri,Aug,5,8,16-08-2024,19:39.3,1213,2024,Aug-24
9,card,27.92,Americano with Milk,Morning,Sat,Aug,6,8,17-08-2024,16:53.5,1214,2024,Aug-24
9,card,32.82,Cappuccino,Morning,Sat,Aug,6,8,17-08-2024,18:09.0,1215,2024,Aug-24
10,card,27.92,Americano with Milk,Morning,Sat,Aug,6,8,17-08-2024,53:41.3,1216,2024,Aug-24
11,card,23.02,Cortado,Morning,Sat,Aug,6,8,17-08-2024,58:41.6,1217,2024,Aug-24
11,card,23.02,Cortado,Morning,Sat,Aug,6,8,17-08-2024,59:28.3,1218,2024,Aug-24
13,card,27.92,Americano with Milk,Afternoon,Sat,Aug,6,8,17-08-2024,18:40.2,1219,2024,Aug-24
16,card,23.02,Cortado,Afternoon,Sat,Aug,6,8,17-08-2024,31:54.8,1220,2024,Aug-24
16,card,32.82,Latte,Afternoon,Sat,Aug,6,8,17-08-2024,33:49.0,1221,2024,Aug-24
18,card,32.82,Cappuccino,Night,Sat,Aug,6,8,17-08-2024,48:58.9,1222,2024,Aug-24
21,card,27.92,Americano with Milk,Night,Sat,Aug,6,8,17-08-2024,18:56.8,1223,2024,Aug-24
22,card,32.82,Latte,Night,Sat,Aug,6,8,17-08-2024,42:39.4,1224,2024,Aug-24
8,card,32.82,Cappuccino,Morning,Sun,Aug,7,8,18-08-2024,09:42.6,1225,2024,Aug-24
8,card,32.82,Cappuccino,Morning,Sun,Aug,7,8,18-08-2024,32:05.6,1226,2024,Aug-24
8,card,23.02,Cortado,Morning,Sun,Aug,7,8,18-08-2024,41:06.2,1227,2024,Aug-24
8,card,27.92,Americano with Milk,Morning,Sun,Aug,7,8,18-08-2024,56:01.3,1228,2024,Aug-24
12,card,32.82,Cappuccino,Afternoon,Sun,Aug,7,8,18-08-2024,31:40.9,1229,2024,Aug-24
14,card,27.92,Americano with Milk,Afternoon,Sun,Aug,7,8,18-08-2024,30:21.6,1230,2024,Aug-24
18,card,27.92,Americano with Milk,Night,Sun,Aug,7,8,18-08-2024,24:10.8,1231,2024,Aug-24
18,card,27.92,Americano with Milk,Night,Sun,Aug,7,8,18-08-2024,26:03.8,1232,2024,Aug-24
18,card,23.02,Americano,Night,Sun,Aug,7,8,18-08-2024,27:17.6,1233,2024,Aug-24
18,card,23.02,Americano,Night,Sun,Aug,7,8,18-08-2024,28:13.1,1234,2024,Aug-24
15,card,27.92,Americano with Milk,Afternoon,Mon,Aug,1,8,19-08-2024,09:49.0,1235,2024,Aug-24
15,card,27.92,Americano with Milk,Afternoon,Mon,Aug,1,8,19-08-2024,10:51.2,1236,2024,Aug-24
21,card,32.82,Latte,Night,Mon,Aug,1,8,19-08-2024,21:12.1,1237,2024,Aug-24
21,card,32.82,Cocoa,Night,Mon,Aug,1,8,19-08-2024,31:57.0,1238,2024,Aug-24
8,card,23.02,Cortado,Morning,Tue,Aug,2,8,20-08-2024,27:16.4,1239,2024,Aug-24
8,card,32.82,Latte,Morning,Tue,Aug,2,8,20-08-2024,29:14.9,1240,2024,Aug-24
8,card,18.12,Espresso,Morning,Tue,Aug,2,8,20-08-2024,49:47.5,1241,2024,Aug-24
8,card,23.02,Cortado,Morning,Tue,Aug,2,8,20-08-2024,50:36.3,1242,2024,Aug-24
9,card,27.92,Americano with Milk,Morning,Tue,Aug,2,8,20-08-2024,14:54.9,1243,2024,Aug-24
11,card,23.02,Americano,Morning,Tue,Aug,2,8,20-08-2024,09:55.6,1244,2024,Aug-24
11,card,23.02,Americano,Morning,Tue,Aug,2,8,20-08-2024,11:39.1,1245,2024,Aug-24
11,card,23.02,Americano,Morning,Tue,Aug,2,8,20-08-2024,12:31.2,1246,2024,Aug-24
11,card,32.82,Latte,Morning,Tue,Aug,2,8,20-08-2024,11:42:20,1247,2024,Aug-24
20,card,32.82,Latte,Night,Tue,Aug,2,8,20-08-2024,42:40.9,1248,2024,Aug-24
20,card,32.82,Latte,Night,Tue,Aug,2,8,20-08-2024,44:14.9,1249,2024,Aug-24
20,card,32.82,Latte,Night,Tue,Aug,2,8,20-08-2024,45:12.3,1250,2024,Aug-24
20,card,32.82,Latte,Night,Tue,Aug,2,8,20-08-2024,46:04.0,1251,2024,Aug-24
7,card,27.92,Americano with Milk,Morning,Wed,Aug,3,8,21-08-2024,59:13.1,1252,2024,Aug-24
8,card,23.02,Cortado,Morning,Wed,Aug,3,8,21-08-2024,40:27.4,1253,2024,Aug-24
10,card,23.02,Americano,Morning,Wed,Aug,3,8,21-08-2024,13:32.4,1254,2024,Aug-24
10,card,27.92,Americano with Milk,Morning,Wed,Aug,3,8,21-08-2024,38:44.5,1255,2024,Aug-24
11,card,23.02,Cortado,Morning,Wed,Aug,3,8,21-08-2024,51:41.4,1256,2024,Aug-24
13,card,32.82,Latte,Afternoon,Wed,Aug,3,8,21-08-2024,17:10.8,1257,2024,Aug-24
19,card,32.82,Latte,Night,Wed,Aug,3,8,21-08-2024,42:03.5,1258,2024,Aug-24
9,card,23.02,Cortado,Morning,Thu,Aug,4,8,22-08-2024,22:26.3,1259,2024,Aug-24
10,card,27.92,Americano with Milk,Morning,Thu,Aug,4,8,22-08-2024,09:23.5,1260,2024,Aug-24
10,card,27.92,Americano with Milk,Morning,Thu,Aug,4,8,22-08-2024,47:59.4,1261,2024,Aug-24
14,card,32.82,Latte,Afternoon,Thu,Aug,4,8,22-08-2024,16:12.1,1262,2024,Aug-24
14,card,32.82,Latte,Afternoon,Thu,Aug,4,8,22-08-2024,26:58.3,1263,2024,Aug-24
15,card,32.82,Cappuccino,Afternoon,Thu,Aug,4,8,22-08-2024,07:07.4,1264,2024,Aug-24
15,card,23.02,Americano,Afternoon,Thu,Aug,4,8,22-08-2024,27:27.3,1265,2024,Aug-24
7,card,32.82,Latte,Morning,Fri,Aug,5,8,23-08-2024,43:16.1,1266,2024,Aug-24
8,card,23.02,Cortado,Morning,Fri,Aug,5,8,23-08-2024,21:48.1,1267,2024,Aug-24
8,card,32.82,Latte,Morning,Fri,Aug,5,8,23-08-2024,22:56.6,1268,2024,Aug-24
8,card,23.02,Americano,Morning,Fri,Aug,5,8,23-08-2024,33:38.7,1269,2024,Aug-24
8,card,23.02,Americano,Morning,Fri,Aug,5,8,23-08-2024,34:35.0,1270,2024,Aug-24
9,card,27.92,Americano with Milk,Morning,Fri,Aug,5,8,23-08-2024,14:52.0,1271,2024,Aug-24
10,card,32.82,Cocoa,Morning,Fri,Aug,5,8,23-08-2024,10:58.7,1272,2024,Aug-24
10,card,23.02,Americano,Morning,Fri,Aug,5,8,23-08-2024,11:55.5,1273,2024,Aug-24
10,card,23.02,Cortado,Morning,Fri,Aug,5,8,23-08-2024,39:12.3,1274,2024,Aug-24
11,card,32.82,Hot Chocolate,Morning,Fri,Aug,5,8,23-08-2024,12:59.4,1275,2024,Aug-24
13,card,23.02,Americano,Afternoon,Fri,Aug,5,8,23-08-2024,24:54.7,1276,2024,Aug-24
15,card,23.02,Americano,Afternoon,Fri,Aug,5,8,23-08-2024,28:52.8,1277,2024,Aug-24
19,card,32.82,Latte,Night,Fri,Aug,5,8,23-08-2024,48:02.8,1278,2024,Aug-24
8,card,23.02,Cortado,Morning,Sat,Aug,6,8,24-08-2024,13:42.3,1279,2024,Aug-24
8,card,23.02,Cortado,Morning,Sat,Aug,6,8,24-08-2024,14:47.6,1280,2024,Aug-24
8,card,23.02,Cortado,Morning,Sat,Aug,6,8,24-08-2024,44:11.6,1281,2024,Aug-24
10,card,18.12,Espresso,Morning,Sat,Aug,6,8,24-08-2024,18:09.5,1282,2024,Aug-24
10,card,18.12,Espresso,Morning,Sat,Aug,6,8,24-08-2024,18:52.3,1283,2024,Aug-24
10,card,23.02,Americano,Morning,Sat,Aug,6,8,24-08-2024,19:49.2,1284,2024,Aug-24
8,card,23.02,Cortado,Morning,Sun,Aug,7,8,25-08-2024,14:37.4,1285,2024,Aug-24
8,card,23.02,Americano,Morning,Sun,Aug,7,8,25-08-2024,26:27.7,1286,2024,Aug-24
8,card,23.02,Americano,Morning,Sun,Aug,7,8,25-08-2024,27:36.4,1287,2024,Aug-24
9,card,32.82,Cappuccino,Morning,Sun,Aug,7,8,25-08-2024,24:22.3,1288,2024,Aug-24
12,card,32.82,Cappuccino,Afternoon,Sun,Aug,7,8,25-08-2024,41:42.7,1289,2024,Aug-24
14,card,32.82,Latte,Afternoon,Sun,Aug,7,8,25-08-2024,53:02.7,1290,2024,Aug-24
8,card,23.02,Cortado,Morning,Mon,Aug,1,8,26-08-2024,11:47.3,1291,2024,Aug-24
8,card,23.02,Americano,Morning,Mon,Aug,1,8,26-08-2024,16:09.6,1292,2024,Aug-24
8,card,23.02,Americano,Morning,Mon,Aug,1,8,26-08-2024,17:23.2,1293,2024,Aug-24
9,card,27.92,Americano with Milk,Morning,Mon,Aug,1,8,26-08-2024,21:36.7,1294,2024,Aug-24
10,card,32.82,Latte,Morning,Mon,Aug,1,8,26-08-2024,37:44.5,1295,2024,Aug-24
10,card,32.82,Cappuccino,Morning,Mon,Aug,1,8,26-08-2024,38:49.0,1296,2024,Aug-24
12,card,23.02,Americano,Afternoon,Mon,Aug,1,8,26-08-2024,45:13.2,1297,2024,Aug-24
12,card,23.02,Americano,Afternoon,Mon,Aug,1,8,26-08-2024,46:23.6,1298,2024,Aug-24
18,card,27.92,Americano with Milk,Night,Mon,Aug,1,8,26-08-2024,53:27.8,1299,2024,Aug-24
18,card,32.82,Latte,Night,Mon,Aug,1,8,26-08-2024,54:31.3,1300,2024,Aug-24
22,card,27.92,Americano with Milk,Night,Mon,Aug,1,8,26-08-2024,55:39.9,1301,2024,Aug-24
10,card,32.82,Latte,Morning,Tue,Aug,2,8,27-08-2024,04:04.6,1302,2024,Aug-24
12,card,27.92,Americano with Milk,Afternoon,Wed,Aug,3,8,28-08-2024,08:18.8,1303,2024,Aug-24
12,card,32.82,Cappuccino,Afternoon,Wed,Aug,3,8,28-08-2024,10:04.1,1304,2024,Aug-24
12,card,23.02,Americano,Afternoon,Wed,Aug,3,8,28-08-2024,35:06.9,1305,2024,Aug-24
13,card,27.92,Americano with Milk,Afternoon,Wed,Aug,3,8,28-08-2024,48:35.2,1306,2024,Aug-24
7,card,23.02,Americano,Morning,Thu,Aug,4,8,29-08-2024,29:30.3,1307,2024,Aug-24
17,card,32.82,Latte,Night,Fri,Aug,5,8,30-08-2024,13:30.5,1308,2024,Aug-24
17,card,27.92,Americano with Milk,Night,Fri,Aug,5,8,30-08-2024,14:32.8,1309,2024,Aug-24
17,card,27.92,Americano with Milk,Night,Fri,Aug,5,8,30-08-2024,15:35.4,1310,2024,Aug-24
9,card,23.02,Cortado,Morning,Sat,Aug,6,8,31-08-2024,08:32.5,1311,2024,Aug-24
10,card,27.92,Americano with Milk,Morning,Sat,Aug,6,8,31-08-2024,02:08.2,1312,2024,Aug-24
10,card,18.12,Espresso,Morning,Sat,Aug,6,8,31-08-2024,22:26.9,1313,2024,Aug-24
11,card,27.92,Americano with Milk,Morning,Sat,Aug,6,8,31-08-2024,29:54.6,1314,2024,Aug-24
11,card,23.02,Cortado,Morning,Sat,Aug,6,8,31-08-2024,33:39.9,1315,2024,Aug-24
11,card,23.02,Cortado,Morning,Sat,Aug,6,8,31-08-2024,34:32.9,1316,2024,Aug-24
9,card,23.02,Cortado,Morning,Sun,Sep,7,9,01-09-2024,34:15.2,1317,2024,Sep-24
12,card,32.82,Cappuccino,Afternoon,Sun,Sep,7,9,01-09-2024,11:24.7,1318,2024,Sep-24
12,card,27.92,Americano with Milk,Afternoon,Sun,Sep,7,9,01-09-2024,30:08.6,1319,2024,Sep-24
12,card,23.02,Americano,Afternoon,Sun,Sep,7,9,01-09-2024,32:22.0,1320,2024,Sep-24
12,card,27.92,Americano with Milk,Afternoon,Sun,Sep,7,9,01-09-2024,50:17.4,1321,2024,Sep-24
13,card,32.82,Latte,Afternoon,Sun,Sep,7,9,01-09-2024,57:33.9,1322,2024,Sep-24
14,card,27.92,Americano with Milk,Afternoon,Sun,Sep,7,9,01-09-2024,44:04.0,1323,2024,Sep-24
17,card,32.82,Latte,Night,Sun,Sep,7,9,01-09-2024,20:46.3,1324,2024,Sep-24
17,card,32.82,Latte,Night,Sun,Sep,7,9,01-09-2024,23:13.9,1325,2024,Sep-24
17,card,32.82,Latte,Night,Sun,Sep,7,9,01-09-2024,24:49.7,1326,2024,Sep-24
8,card,32.82,Latte,Morning,Mon,Sep,1,9,02-09-2024,24:39.8,1327,2024,Sep-24
8,card,27.92,Americano with Milk,Morning,Mon,Sep,1,9,02-09-2024,50:17.6,1328,2024,Sep-24
8,card,32.82,Latte,Morning,Mon,Sep,1,9,02-09-2024,51:33.1,1329,2024,Sep-24
14,card,27.92,Americano with Milk,Afternoon,Mon,Sep,1,9,02-09-2024,58:47.1,1330,2024,Sep-24
20,card,32.82,Cappuccino,Night,Mon,Sep,1,9,02-09-2024,09:43.9,1331,2024,Sep-24
20,card,32.82,Cocoa,Night,Mon,Sep,1,9,02-09-2024,11:17.9,1332,2024,Sep-24
20,card,23.02,Americano,Night,Mon,Sep,1,9,02-09-2024,52:32.0,1333,2024,Sep-24
20,card,23.02,Americano,Night,Mon,Sep,1,9,02-09-2024,53:29.1,1334,2024,Sep-24
8,card,32.82,Cocoa,Morning,Tue,Sep,2,9,03-09-2024,22:15.4,1335,2024,Sep-24
8,card,32.82,Cappuccino,Morning,Tue,Sep,2,9,03-09-2024,28:12.4,1336,2024,Sep-24
8,card,32.82,Latte,Morning,Tue,Sep,2,9,03-09-2024,41:11.7,1337,2024,Sep-24
9,card,27.92,Americano with Milk,Morning,Tue,Sep,2,9,03-09-2024,03:12.5,1338,2024,Sep-24
9,card,32.82,Cappuccino,Morning,Tue,Sep,2,9,03-09-2024,04:11.8,1339,2024,Sep-24
9,card,32.82,Cocoa,Morning,Tue,Sep,2,9,03-09-2024,12:48.2,1340,2024,Sep-24
9,card,32.82,Cocoa,Morning,Tue,Sep,2,9,03-09-2024,13:33.7,1341,2024,Sep-24
9,card,27.92,Americano with Milk,Morning,Tue,Sep,2,9,03-09-2024,17:02.2,1342,2024,Sep-24
9,card,27.92,Americano with Milk,Morning,Tue,Sep,2,9,03-09-2024,20:17.2,1343,2024,Sep-24
9,card,32.82,Latte,Morning,Tue,Sep,2,9,03-09-2024,37:52.3,1344,2024,Sep-24
9,card,32.82,Cocoa,Morning,Tue,Sep,2,9,03-09-2024,38:56.4,1345,2024,Sep-24
12,card,23.02,Cortado,Afternoon,Tue,Sep,2,9,03-09-2024,56:53.4,1346,2024,Sep-24
14,card,27.92,Americano with Milk,Afternoon,Tue,Sep,2,9,03-09-2024,14:51.7,1347,2024,Sep-24
14,card,27.92,Americano with Milk,Afternoon,Tue,Sep,2,9,03-09-2024,16:17.3,1348,2024,Sep-24
18,card,27.92,Americano with Milk,Night,Tue,Sep,2,9,03-09-2024,48:34.7,1349,2024,Sep-24
19,card,32.82,Latte,Night,Tue,Sep,2,9,03-09-2024,11:12.3,1350,2024,Sep-24
19,card,27.92,Americano with Milk,Night,Tue,Sep,2,9,03-09-2024,17:13.8,1351,2024,Sep-24
11,card,27.92,Americano with Milk,Morning,Wed,Sep,3,9,04-09-2024,11:21.6,1352,2024,Sep-24
11,card,32.82,Latte,Morning,Wed,Sep,3,9,04-09-2024,33:36.6,1353,2024,Sep-24
11,card,23.02,Americano,Morning,Wed,Sep,3,9,04-09-2024,48:03.5,1354,2024,Sep-24
11,card,27.92,Americano with Milk,Morning,Wed,Sep,3,9,04-09-2024,55:34.5,1355,2024,Sep-24
12,card,32.82,Latte,Afternoon,Wed,Sep,3,9,04-09-2024,53:31.3,1356,2024,Sep-24
13,card,32.82,Latte,Afternoon,Wed,Sep,3,9,04-09-2024,03:50.6,1357,2024,Sep-24
13,card,27.92,Americano with Milk,Afternoon,Wed,Sep,3,9,04-09-2024,05:16.1,1358,2024,Sep-24
18,card,32.82,Cappuccino,Night,Wed,Sep,3,9,04-09-2024,03:46.9,1359,2024,Sep-24
19,card,27.92,Americano with Milk,Night,Wed,Sep,3,9,04-09-2024,41:42.0,1360,2024,Sep-24
21,card,32.82,Latte,Night,Wed,Sep,3,9,04-09-2024,19:35.6,1361,2024,Sep-24
9,card,27.92,Americano with Milk,Morning,Thu,Sep,4,9,05-09-2024,31:17.0,1362,2024,Sep-24
10,card,27.92,Americano with Milk,Morning,Thu,Sep,4,9,05-09-2024,28:56.2,1363,2024,Sep-24
11,card,23.02,Americano,Morning,Thu,Sep,4,9,05-09-2024,06:30.6,1364,2024,Sep-24
14,card,32.82,Latte,Afternoon,Thu,Sep,4,9,05-09-2024,00:27.7,1365,2024,Sep-24
15,card,32.82,Latte,Afternoon,Thu,Sep,4,9,05-09-2024,25:12.3,1366,2024,Sep-24
16,card,23.02,Americano,Afternoon,Thu,Sep,4,9,05-09-2024,38:50.4,1367,2024,Sep-24
16,card,27.92,Americano with Milk,Afternoon,Thu,Sep,4,9,05-09-2024,39:59.6,1368,2024,Sep-24
17,card,32.82,Cappuccino,Night,Thu,Sep,4,9,05-09-2024,04:28.9,1369,2024,Sep-24
17,card,32.82,Cappuccino,Night,Thu,Sep,4,9,05-09-2024,05:31.7,1370,2024,Sep-24
20,card,32.82,Cappuccino,Night,Thu,Sep,4,9,05-09-2024,30:15.0,1371,2024,Sep-24
20,card,23.02,Americano,Night,Thu,Sep,4,9,05-09-2024,54:24.4,1372,2024,Sep-24
20,card,32.82,Cappuccino,Night,Thu,Sep,4,9,05-09-2024,55:31.4,1373,2024,Sep-24
21,card,27.92,Americano with Milk,Night,Thu,Sep,4,9,05-09-2024,26:28.8,1374,2024,Sep-24
21,card,27.92,Americano with Milk,Night,Thu,Sep,4,9,05-09-2024,27:30.0,1375,2024,Sep-24
8,card,32.82,Cappuccino,Morning,Fri,Sep,5,9,06-09-2024,25:33.9,1376,2024,Sep-24
8,card,32.82,Latte,Morning,Fri,Sep,5,9,06-09-2024,34:46.8,1377,2024,Sep-24
8,card,23.02,Americano,Morning,Fri,Sep,5,9,06-09-2024,54:41.9,1378,2024,Sep-24
9,card,18.12,Espresso,Morning,Fri,Sep,5,9,06-09-2024,50:39.9,1379,2024,Sep-24
9,card,32.82,Latte,Morning,Fri,Sep,5,9,06-09-2024,51:52.2,1380,2024,Sep-24
10,card,32.82,Hot Chocolate,Morning,Fri,Sep,5,9,06-09-2024,30:06.0,1381,2024,Sep-24
11,card,18.12,Espresso,Morning,Fri,Sep,5,9,06-09-2024,23:25.4,1382,2024,Sep-24
11,card,18.12,Espresso,Morning,Fri,Sep,5,9,06-09-2024,24:29.3,1383,2024,Sep-24
20,card,32.82,Latte,Night,Fri,Sep,5,9,06-09-2024,00:12.0,1384,2024,Sep-24
21,card,32.82,Latte,Night,Fri,Sep,5,9,06-09-2024,09:31.2,1385,2024,Sep-24
8,card,32.82,Latte,Morning,Sat,Sep,6,9,07-09-2024,48:57.0,1386,2024,Sep-24
9,card,23.02,Cortado,Morning,Sat,Sep,6,9,07-09-2024,52:03.0,1387,2024,Sep-24
9,card,23.02,Cortado,Morning,Sat,Sep,6,9,07-09-2024,53:03.6,1388,2024,Sep-24
9,card,23.02,Cortado,Morning,Sat,Sep,6,9,07-09-2024,54:41.6,1389,2024,Sep-24
9,card,27.92,Americano with Milk,Morning,Sat,Sep,6,9,07-09-2024,57:47.7,1390,2024,Sep-24
9,card,27.92,Americano with Milk,Morning,Sat,Sep,6,9,07-09-2024,59:02.3,1391,2024,Sep-24
10,card,23.02,Cortado,Morning,Sat,Sep,6,9,07-09-2024,00:19.7,1392,2024,Sep-24
10,card,23.02,Americano,Morning,Sat,Sep,6,9,07-09-2024,22:44.5,1393,2024,Sep-24
10,card,18.12,Espresso,Morning,Sat,Sep,6,9,07-09-2024,37:52.3,1394,2024,Sep-24
10,card,18.12,Espresso,Morning,Sat,Sep,6,9,07-09-2024,40:12.6,1395,2024,Sep-24
10,card,32.82,Latte,Morning,Sat,Sep,6,9,07-09-2024,53:32.2,1396,2024,Sep-24
11,card,27.92,Americano with Milk,Morning,Sat,Sep,6,9,07-09-2024,18:56.8,1397,2024,Sep-24
11,card,23.02,Americano,Morning,Sat,Sep,6,9,07-09-2024,20:00.0,1398,2024,Sep-24
11,card,18.12,Espresso,Morning,Sat,Sep,6,9,07-09-2024,20:57.1,1399,2024,Sep-24
15,card,32.82,Latte,Afternoon,Sat,Sep,6,9,07-09-2024,55:08.5,1400,2024,Sep-24
16,card,23.02,Americano,Afternoon,Sat,Sep,6,9,07-09-2024,20:01.0,1401,2024,Sep-24
16,card,18.12,Espresso,Afternoon,Sat,Sep,6,9,07-09-2024,20:59.3,1402,2024,Sep-24
19,card,32.82,Cocoa,Night,Sat,Sep,6,9,07-09-2024,35:04.9,1403,2024,Sep-24
19,card,32.82,Latte,Night,Sat,Sep,6,9,07-09-2024,36:05.1,1404,2024,Sep-24
19,card,32.82,Latte,Night,Sat,Sep,6,9,07-09-2024,37:15.5,1405,2024,Sep-24
20,card,32.82,Latte,Night,Sat,Sep,6,9,07-09-2024,13:51.7,1406,2024,Sep-24
20,card,32.82,Latte,Night,Sat,Sep,6,9,07-09-2024,14:59.2,1407,2024,Sep-24
8,card,23.02,Cortado,Morning,Sun,Sep,7,9,08-09-2024,15:40.8,1408,2024,Sep-24
9,card,23.02,Cortado,Morning,Sun,Sep,7,9,08-09-2024,18:17.0,1409,2024,Sep-24
9,card,23.02,Cortado,Morning,Sun,Sep,7,9,08-09-2024,19:12.4,1410,2024,Sep-24
10,card,23.02,Cortado,Morning,Sun,Sep,7,9,08-09-2024,05:56.1,1411,2024,Sep-24
12,card,23.02,Cortado,Afternoon,Sun,Sep,7,9,08-09-2024,43:28.0,1412,2024,Sep-24
20,card,23.02,Americano,Night,Sun,Sep,7,9,08-09-2024,13:32.9,1413,2024,Sep-24
7,card,32.82,Latte,Morning,Mon,Sep,1,9,09-09-2024,51:13.6,1414,2024,Sep-24
7,card,32.82,Cappuccino,Morning,Mon,Sep,1,9,09-09-2024,53:51.6,1415,2024,Sep-24
7,card,27.92,Americano with Milk,Morning,Mon,Sep,1,9,09-09-2024,55:21.6,1416,2024,Sep-24
7,card,32.82,Latte,Morning,Mon,Sep,1,9,09-09-2024,56:37.7,1417,2024,Sep-24
9,card,32.82,Latte,Morning,Mon,Sep,1,9,09-09-2024,49:50.7,1418,2024,Sep-24
9,card,32.82,Hot Chocolate,Morning,Mon,Sep,1,9,09-09-2024,50:51.7,1419,2024,Sep-24
9,card,32.82,Latte,Morning,Mon,Sep,1,9,09-09-2024,59:10.7,1420,2024,Sep-24
11,card,27.92,Americano with Milk,Morning,Mon,Sep,1,9,09-09-2024,11:36.1,1421,2024,Sep-24
11,card,27.92,Americano with Milk,Morning,Mon,Sep,1,9,09-09-2024,12:50.6,1422,2024,Sep-24
11,card,32.82,Latte,Morning,Mon,Sep,1,9,09-09-2024,29:49.2,1423,2024,Sep-24
12,card,18.12,Espresso,Afternoon,Mon,Sep,1,9,09-09-2024,06:59.7,1424,2024,Sep-24
15,card,32.82,Latte,Afternoon,Mon,Sep,1,9,09-09-2024,12:13.8,1425,2024,Sep-24
15,card,23.02,Americano,Afternoon,Mon,Sep,1,9,09-09-2024,13:24.5,1426,2024,Sep-24
17,card,32.82,Latte,Night,Mon,Sep,1,9,09-09-2024,24:10.4,1427,2024,Sep-24
18,card,32.82,Latte,Night,Mon,Sep,1,9,09-09-2024,13:46.3,1428,2024,Sep-24
20,card,32.82,Cappuccino,Night,Mon,Sep,1,9,09-09-2024,07:36.2,1429,2024,Sep-24
20,card,32.82,Latte,Night,Mon,Sep,1,9,09-09-2024,13:43.5,1430,2024,Sep-24
8,card,32.82,Hot Chocolate,Morning,Tue,Sep,2,9,10-09-2024,12:02.4,1431,2024,Sep-24
9,card,32.82,Cappuccino,Morning,Tue,Sep,2,9,10-09-2024,32:46.8,1432,2024,Sep-24
15,card,23.02,Cortado,Afternoon,Tue,Sep,2,9,10-09-2024,21:54.4,1433,2024,Sep-24
15,card,23.02,Cortado,Afternoon,Tue,Sep,2,9,10-09-2024,23:05.9,1434,2024,Sep-24
18,card,32.82,Cappuccino,Night,Tue,Sep,2,9,10-09-2024,43:41.8,1435,2024,Sep-24
18,card,27.92,Americano with Milk,Night,Tue,Sep,2,9,10-09-2024,45:22.6,1436,2024,Sep-24
19,card,32.82,Latte,Night,Tue,Sep,2,9,10-09-2024,02:43.0,1437,2024,Sep-24
19,card,32.82,Latte,Night,Tue,Sep,2,9,10-09-2024,03:53.3,1438,2024,Sep-24
21,card,27.92,Americano with Milk,Night,Tue,Sep,2,9,10-09-2024,29:34.6,1439,2024,Sep-24
21,card,23.02,Americano,Night,Tue,Sep,2,9,10-09-2024,30:27.0,1440,2024,Sep-24
8,card,32.82,Latte,Morning,Wed,Sep,3,9,11-09-2024,47:22.3,1441,2024,Sep-24
9,card,27.92,Americano with Milk,Morning,Wed,Sep,3,9,11-09-2024,28:46.8,1442,2024,Sep-24
10,card,32.82,Latte,Morning,Wed,Sep,3,9,11-09-2024,52:09.2,1443,2024,Sep-24
19,card,32.82,Cappuccino,Night,Wed,Sep,3,9,11-09-2024,53:12.5,1444,2024,Sep-24
20,card,27.92,Americano with Milk,Night,Wed,Sep,3,9,11-09-2024,13:14.9,1445,2024,Sep-24
20,card,32.82,Latte,Night,Wed,Sep,3,9,11-09-2024,14:18.9,1446,2024,Sep-24
20,card,32.82,Latte,Night,Wed,Sep,3,9,11-09-2024,15:19.4,1447,2024,Sep-24
21,card,23.02,Cortado,Night,Wed,Sep,3,9,11-09-2024,01:34.2,1448,2024,Sep-24
10,card,18.12,Espresso,Morning,Thu,Sep,4,9,12-09-2024,57:25.6,1449,2024,Sep-24
10,card,27.92,Americano with Milk,Morning,Thu,Sep,4,9,12-09-2024,58:19.8,1450,2024,Sep-24
11,card,27.92,Americano with Milk,Morning,Thu,Sep,4,9,12-09-2024,27:36.1,1451,2024,Sep-24
12,card,32.82,Cappuccino,Afternoon,Thu,Sep,4,9,12-09-2024,08:22.2,1452,2024,Sep-24
12,card,23.02,Cortado,Afternoon,Thu,Sep,4,9,12-09-2024,31:07.0,1453,2024,Sep-24
12,card,23.02,Cortado,Afternoon,Thu,Sep,4,9,12-09-2024,32:23.0,1454,2024,Sep-24
12,card,23.02,Cortado,Afternoon,Thu,Sep,4,9,12-09-2024,37:20.4,1455,2024,Sep-24
12,card,23.02,Cortado,Afternoon,Thu,Sep,4,9,12-09-2024,38:09.7,1456,2024,Sep-24
17,card,32.82,Latte,Night,Thu,Sep,4,9,12-09-2024,01:25.2,1457,2024,Sep-24
21,card,23.02,Americano,Night,Thu,Sep,4,9,12-09-2024,09:10.4,1458,2024,Sep-24
21,card,32.82,Cappuccino,Night,Thu,Sep,4,9,12-09-2024,10:21.2,1459,2024,Sep-24
21,card,23.02,Cortado,Night,Thu,Sep,4,9,12-09-2024,13:16.8,1460,2024,Sep-24
7,card,32.82,Latte,Morning,Fri,Sep,5,9,13-09-2024,56:53.8,1461,2024,Sep-24
8,card,32.82,Latte,Morning,Fri,Sep,5,9,13-09-2024,41:03.0,1462,2024,Sep-24
8,card,32.82,Latte,Morning,Fri,Sep,5,9,13-09-2024,54:15.8,1463,2024,Sep-24
9,card,32.82,Latte,Morning,Fri,Sep,5,9,13-09-2024,51:19.4,1464,2024,Sep-24
15,card,27.92,Americano with Milk,Afternoon,Fri,Sep,5,9,13-09-2024,38:18.9,1465,2024,Sep-24
15,card,27.92,Americano with Milk,Afternoon,Fri,Sep,5,9,13-09-2024,50:53.9,1466,2024,Sep-24
16,card,32.82,Cappuccino,Afternoon,Sat,Sep,6,9,14-09-2024,29:19.4,1467,2024,Sep-24
16,card,32.82,Cappuccino,Afternoon,Sat,Sep,6,9,14-09-2024,30:16.9,1468,2024,Sep-24
8,card,18.12,Espresso,Morning,Sun,Sep,7,9,15-09-2024,42:40.9,1469,2024,Sep-24
9,card,27.92,Americano with Milk,Morning,Sun,Sep,7,9,15-09-2024,49:38.7,1470,2024,Sep-24
13,card,23.02,Americano,Afternoon,Sun,Sep,7,9,15-09-2024,49:37.4,1471,2024,Sep-24
14,card,23.02,Cortado,Afternoon,Sun,Sep,7,9,15-09-2024,36:19.3,1472,2024,Sep-24
14,card,23.02,Cortado,Afternoon,Sun,Sep,7,9,15-09-2024,37:20.6,1473,2024,Sep-24
14,card,32.82,Cappuccino,Afternoon,Sun,Sep,7,9,15-09-2024,53:18.7,1474,2024,Sep-24
13,card,32.82,Latte,Afternoon,Mon,Sep,1,9,16-09-2024,32:22.9,1475,2024,Sep-24
13,card,27.92,Americano with Milk,Afternoon,Mon,Sep,1,9,16-09-2024,33:36.8,1476,2024,Sep-24
15,card,32.82,Latte,Afternoon,Mon,Sep,1,9,16-09-2024,23:19.3,1477,2024,Sep-24
17,card,27.92,Americano with Milk,Night,Mon,Sep,1,9,16-09-2024,16:05.7,1478,2024,Sep-24
17,card,32.82,Latte,Night,Mon,Sep,1,9,16-09-2024,18:03.3,1479,2024,Sep-24
18,card,32.82,Latte,Night,Mon,Sep,1,9,16-09-2024,54:45.4,1480,2024,Sep-24
18,card,32.82,Latte,Night,Mon,Sep,1,9,16-09-2024,56:05.3,1481,2024,Sep-24
21,card,27.92,Americano with Milk,Night,Mon,Sep,1,9,16-09-2024,10:18.7,1482,2024,Sep-24
21,card,32.82,Latte,Night,Mon,Sep,1,9,16-09-2024,11:32.5,1483,2024,Sep-24
21,card,27.92,Americano with Milk,Night,Mon,Sep,1,9,16-09-2024,37:47.3,1484,2024,Sep-24
21,card,27.92,Americano with Milk,Night,Mon,Sep,1,9,16-09-2024,38:48.7,1485,2024,Sep-24
7,card,23.02,Cortado,Morning,Tue,Sep,2,9,17-09-2024,54:57.9,1486,2024,Sep-24
8,card,32.82,Latte,Morning,Tue,Sep,2,9,17-09-2024,09:00.9,1487,2024,Sep-24
8,card,27.92,Americano with Milk,Morning,Tue,Sep,2,9,17-09-2024,37:37.6,1488,2024,Sep-24
8,card,23.02,Cortado,Morning,Tue,Sep,2,9,17-09-2024,42:31.5,1489,2024,Sep-24
9,card,32.82,Cappuccino,Morning,Tue,Sep,2,9,17-09-2024,10:03.8,1490,2024,Sep-24
9,card,27.92,Americano with Milk,Morning,Tue,Sep,2,9,17-09-2024,11:08.2,1491,2024,Sep-24
9,card,27.92,Americano with Milk,Morning,Tue,Sep,2,9,17-09-2024,34:56.8,1492,2024,Sep-24
12,card,18.12,Espresso,Afternoon,Tue,Sep,2,9,17-09-2024,38:33.8,1493,2024,Sep-24
12,card,27.92,Americano with Milk,Afternoon,Tue,Sep,2,9,17-09-2024,39:33.7,1494,2024,Sep-24
12,card,32.82,Latte,Afternoon,Tue,Sep,2,9,17-09-2024,44:15.2,1495,2024,Sep-24
13,card,27.92,Americano with Milk,Afternoon,Tue,Sep,2,9,17-09-2024,54:23.0,1496,2024,Sep-24
13,card,23.02,Cortado,Afternoon,Tue,Sep,2,9,17-09-2024,55:31.2,1497,2024,Sep-24
16,card,32.82,Cappuccino,Afternoon,Tue,Sep,2,9,17-09-2024,29:37.2,1498,2024,Sep-24
16,card,32.82,Latte,Afternoon,Tue,Sep,2,9,17-09-2024,31:00.7,1499,2024,Sep-24
18,card,32.82,Hot Chocolate,Night,Tue,Sep,2,9,17-09-2024,54:23.8,1500,2024,Sep-24
19,card,27.92,Americano with Milk,Night,Tue,Sep,2,9,17-09-2024,00:45.9,1501,2024,Sep-24
19,card,27.92,Americano with Milk,Night,Tue,Sep,2,9,17-09-2024,03:53.3,1502,2024,Sep-24
19,card,32.82,Latte,Night,Tue,Sep,2,9,17-09-2024,12:47.9,1503,2024,Sep-24
19,card,27.92,Americano with Milk,Night,Tue,Sep,2,9,17-09-2024,13:59.7,1504,2024,Sep-24
19,card,27.92,Americano with Milk,Night,Tue,Sep,2,9,17-09-2024,14:59.5,1505,2024,Sep-24
19,card,27.92,Americano with Milk,Night,Tue,Sep,2,9,17-09-2024,31:57.4,1506,2024,Sep-24
22,card,32.82,Hot Chocolate,Night,Tue,Sep,2,9,17-09-2024,19:36.0,1507,2024,Sep-24
22,card,32.82,Hot Chocolate,Night,Tue,Sep,2,9,17-09-2024,20:19.5,1508,2024,Sep-24
14,card,32.82,Latte,Afternoon,Wed,Sep,3,9,18-09-2024,29:48.9,1509,2024,Sep-24
17,card,32.82,Latte,Night,Wed,Sep,3,9,18-09-2024,34:19.7,1510,2024,Sep-24
21,card,27.92,Americano with Milk,Night,Wed,Sep,3,9,18-09-2024,15:38.8,1511,2024,Sep-24
21,card,27.92,Americano with Milk,Night,Wed,Sep,3,9,18-09-2024,18:21.6,1512,2024,Sep-24
8,card,27.92,Americano with Milk,Morning,Thu,Sep,4,9,19-09-2024,17:18.7,1513,2024,Sep-24
8,card,23.02,Cortado,Morning,Thu,Sep,4,9,19-09-2024,30:29.0,1514,2024,Sep-24
10,card,32.82,Latte,Morning,Thu,Sep,4,9,19-09-2024,01:30.6,1515,2024,Sep-24
12,card,23.02,Americano,Afternoon,Thu,Sep,4,9,19-09-2024,59:33.6,1516,2024,Sep-24
13,card,27.92,Americano with Milk,Afternoon,Thu,Sep,4,9,19-09-2024,00:33.6,1517,2024,Sep-24
13,card,23.02,Cortado,Afternoon,Thu,Sep,4,9,19-09-2024,45:42.4,1518,2024,Sep-24
8,card,27.92,Americano with Milk,Morning,Fri,Sep,5,9,20-09-2024,34:56.9,1519,2024,Sep-24
9,card,27.92,Americano with Milk,Morning,Fri,Sep,5,9,20-09-2024,46:15.4,1520,2024,Sep-24
13,card,27.92,Americano with Milk,Afternoon,Fri,Sep,5,9,20-09-2024,39:55.5,1521,2024,Sep-24
16,card,32.82,Latte,Afternoon,Fri,Sep,5,9,20-09-2024,03:29.6,1522,2024,Sep-24
20,card,23.02,Americano,Night,Fri,Sep,5,9,20-09-2024,39:23.1,1523,2024,Sep-24
21,card,27.92,Americano with Milk,Night,Fri,Sep,5,9,20-09-2024,31:36.6,1524,2024,Sep-24
21,card,27.92,Americano with Milk,Night,Fri,Sep,5,9,20-09-2024,32:43.0,1525,2024,Sep-24
11,card,32.82,Latte,Morning,Sat,Sep,6,9,21-09-2024,01:14.9,1526,2024,Sep-24
11,card,32.82,Cocoa,Morning,Sat,Sep,6,9,21-09-2024,02:13.8,1527,2024,Sep-24
11,card,23.02,Cortado,Morning,Sat,Sep,6,9,21-09-2024,37:47.2,1528,2024,Sep-24
11,card,23.02,Cortado,Morning,Sat,Sep,6,9,21-09-2024,38:45.0,1529,2024,Sep-24
15,card,32.82,Cappuccino,Afternoon,Sat,Sep,6,9,21-09-2024,10:09.4,1530,2024,Sep-24
15,card,32.82,Latte,Afternoon,Sat,Sep,6,9,21-09-2024,36:13.6,1531,2024,Sep-24
18,card,32.82,Latte,Night,Sat,Sep,6,9,21-09-2024,16:28.7,1532,2024,Sep-24
18,card,32.82,Latte,Night,Sat,Sep,6,9,21-09-2024,17:30.7,1533,2024,Sep-24
20,card,23.02,Americano,Night,Sat,Sep,6,9,21-09-2024,29:42.9,1534,2024,Sep-24
20,card,23.02,Americano,Night,Sat,Sep,6,9,21-09-2024,30:38.9,1535,2024,Sep-24
20,card,32.82,Latte,Night,Sat,Sep,6,9,21-09-2024,33:58.2,1536,2024,Sep-24
20,card,32.82,Latte,Night,Sat,Sep,6,9,21-09-2024,35:30.2,1537,2024,Sep-24
22,card,27.92,Americano with Milk,Night,Sat,Sep,6,9,21-09-2024,18:46.1,1538,2024,Sep-24
22,card,23.02,Americano,Night,Sat,Sep,6,9,21-09-2024,19:50.1,1539,2024,Sep-24
22,card,23.02,Americano,Night,Sat,Sep,6,9,21-09-2024,20:48.4,1540,2024,Sep-24
8,card,23.02,Americano,Morning,Sun,Sep,7,9,22-09-2024,32:54.2,1541,2024,Sep-24
10,card,27.92,Americano with Milk,Morning,Sun,Sep,7,9,22-09-2024,12:09.8,1542,2024,Sep-24
10,card,32.82,Latte,Morning,Sun,Sep,7,9,22-09-2024,13:08.6,1543,2024,Sep-24
11,card,23.02,Cortado,Morning,Sun,Sep,7,9,22-09-2024,06:26.3,1544,2024,Sep-24
11,card,23.02,Cortado,Morning,Sun,Sep,7,9,22-09-2024,07:36.4,1545,2024,Sep-24
11,card,27.92,Americano with Milk,Morning,Sun,Sep,7,9,22-09-2024,51:59.9,1546,2024,Sep-24
11,card,23.02,Americano,Morning,Sun,Sep,7,9,22-09-2024,55:12.9,1547,2024,Sep-24
12,card,27.92,Americano with Milk,Afternoon,Sun,Sep,7,9,22-09-2024,07:20.8,1548,2024,Sep-24
13,card,27.92,Americano with Milk,Afternoon,Sun,Sep,7,9,22-09-2024,28:14.7,1549,2024,Sep-24
13,card,27.92,Americano with Milk,Afternoon,Sun,Sep,7,9,22-09-2024,29:35.9,1550,2024,Sep-24
13,card,27.92,Americano with Milk,Afternoon,Sun,Sep,7,9,22-09-2024,33:34.6,1551,2024,Sep-24
15,card,32.82,Latte,Afternoon,Sun,Sep,7,9,22-09-2024,34:10.1,1552,2024,Sep-24
15,card,27.92,Americano with Milk,Afternoon,Sun,Sep,7,9,22-09-2024,35:24.2,1553,2024,Sep-24
16,card,32.82,Cocoa,Afternoon,Sun,Sep,7,9,22-09-2024,25:03.5,1554,2024,Sep-24
20,card,32.82,Latte,Night,Sun,Sep,7,9,22-09-2024,19:10.1,1555,2024,Sep-24
20,card,32.82,Cappuccino,Night,Sun,Sep,7,9,22-09-2024,20:35.6,1556,2024,Sep-24
20,card,27.92,Americano with Milk,Night,Sun,Sep,7,9,22-09-2024,46:26.2,1557,2024,Sep-24
20,card,27.92,Americano with Milk,Night,Sun,Sep,7,9,22-09-2024,47:35.1,1558,2024,Sep-24
21,card,27.92,Americano with Milk,Night,Sun,Sep,7,9,22-09-2024,07:04.8,1559,2024,Sep-24
21,card,27.92,Americano with Milk,Night,Sun,Sep,7,9,22-09-2024,08:14.8,1560,2024,Sep-24
21,card,32.82,Hot Chocolate,Night,Sun,Sep,7,9,22-09-2024,54:04.1,1561,2024,Sep-24
21,card,32.82,Hot Chocolate,Night,Sun,Sep,7,9,22-09-2024,54:54.5,1562,2024,Sep-24
22,card,23.02,Americano,Night,Sun,Sep,7,9,22-09-2024,37:02.4,1563,2024,Sep-24
22,card,27.92,Americano with Milk,Night,Sun,Sep,7,9,22-09-2024,37:58.4,1564,2024,Sep-24
9,card,27.92,Americano with Milk,Morning,Mon,Sep,1,9,23-09-2024,03:37.0,1565,2024,Sep-24
10,card,23.02,Cortado,Morning,Mon,Sep,1,9,23-09-2024,04:17.3,1566,2024,Sep-24
12,card,23.02,Americano,Afternoon,Mon,Sep,1,9,23-09-2024,11:04.4,1567,2024,Sep-24
14,card,27.92,Americano with Milk,Afternoon,Mon,Sep,1,9,23-09-2024,08:51.9,1568,2024,Sep-24
17,card,32.82,Cappuccino,Night,Mon,Sep,1,9,23-09-2024,27:47.6,1569,2024,Sep-24
18,card,23.02,Americano,Night,Mon,Sep,1,9,23-09-2024,48:30.4,1570,2024,Sep-24
19,card,32.82,Latte,Night,Mon,Sep,1,9,23-09-2024,47:21.9,1571,2024,Sep-24
20,card,32.82,Cappuccino,Night,Mon,Sep,1,9,23-09-2024,09:45.9,1572,2024,Sep-24
22,card,27.92,Americano with Milk,Night,Mon,Sep,1,9,23-09-2024,13:30.5,1573,2024,Sep-24
22,card,27.92,Americano with Milk,Night,Mon,Sep,1,9,23-09-2024,15:15.0,1574,2024,Sep-24
8,card,27.92,Americano with Milk,Morning,Tue,Sep,2,9,24-09-2024,33:32.6,1575,2024,Sep-24
12,card,32.82,Latte,Afternoon,Tue,Sep,2,9,24-09-2024,23:57.0,1576,2024,Sep-24
12,card,32.82,Latte,Afternoon,Tue,Sep,2,9,24-09-2024,24:54.8,1577,2024,Sep-24
12,card,32.82,Latte,Afternoon,Tue,Sep,2,9,24-09-2024,46:44.4,1578,2024,Sep-24
12,card,32.82,Latte,Afternoon,Tue,Sep,2,9,24-09-2024,47:49.4,1579,2024,Sep-24
14,card,32.82,Latte,Afternoon,Tue,Sep,2,9,24-09-2024,11:39.3,1580,2024,Sep-24
14,card,23.02,Cortado,Afternoon,Tue,Sep,2,9,24-09-2024,31:28.7,1581,2024,Sep-24
15,card,32.82,Cappuccino,Afternoon,Tue,Sep,2,9,24-09-2024,37:23.7,1582,2024,Sep-24
16,card,32.82,Latte,Afternoon,Tue,Sep,2,9,24-09-2024,38:48.3,1583,2024,Sep-24
18,card,23.02,Americano,Night,Tue,Sep,2,9,24-09-2024,43:02.9,1584,2024,Sep-24
18,card,23.02,Americano,Night,Tue,Sep,2,9,24-09-2024,43:54.1,1585,2024,Sep-24
20,card,32.82,Hot Chocolate,Night,Tue,Sep,2,9,24-09-2024,15:50.4,1586,2024,Sep-24
21,card,32.82,Latte,Night,Tue,Sep,2,9,24-09-2024,05:14.2,1587,2024,Sep-24
21,card,27.92,Americano with Milk,Night,Tue,Sep,2,9,24-09-2024,06:32.4,1588,2024,Sep-24
21,card,27.92,Americano with Milk,Night,Tue,Sep,2,9,24-09-2024,07:35.0,1589,2024,Sep-24
7,card,32.82,Cappuccino,Morning,Wed,Sep,3,9,25-09-2024,51:21.1,1590,2024,Sep-24
11,card,23.02,Cortado,Morning,Wed,Sep,3,9,25-09-2024,35:32.5,1591,2024,Sep-24
11,card,27.92,Americano with Milk,Morning,Wed,Sep,3,9,25-09-2024,51:15.2,1592,2024,Sep-24
11,card,32.82,Latte,Morning,Wed,Sep,3,9,25-09-2024,52:53.4,1593,2024,Sep-24
13,card,27.92,Americano with Milk,Afternoon,Wed,Sep,3,9,25-09-2024,54:51.5,1594,2024,Sep-24
13,card,27.92,Americano with Milk,Afternoon,Wed,Sep,3,9,25-09-2024,55:59.3,1595,2024,Sep-24
17,card,27.92,Americano with Milk,Night,Wed,Sep,3,9,25-09-2024,36:37.2,1596,2024,Sep-24
17,card,27.92,Americano with Milk,Night,Wed,Sep,3,9,25-09-2024,37:31.8,1597,2024,Sep-24
21,card,23.02,Americano,Night,Wed,Sep,3,9,25-09-2024,34:41.3,1598,2024,Sep-24
22,card,27.92,Americano with Milk,Night,Wed,Sep,3,9,25-09-2024,18:51.8,1599,2024,Sep-24
8,card,32.82,Latte,Morning,Thu,Sep,4,9,26-09-2024,43:35.0,1600,2024,Sep-24
10,card,27.92,Americano with Milk,Morning,Thu,Sep,4,9,26-09-2024,37:06.5,1601,2024,Sep-24
10,card,18.12,Espresso,Morning,Thu,Sep,4,9,26-09-2024,55:52.4,1602,2024,Sep-24
11,card,32.82,Cappuccino,Morning,Thu,Sep,4,9,26-09-2024,34:48.6,1603,2024,Sep-24
12,card,32.82,Latte,Afternoon,Thu,Sep,4,9,26-09-2024,48:01.4,1604,2024,Sep-24
18,card,32.82,Latte,Night,Thu,Sep,4,9,26-09-2024,21:55.7,1605,2024,Sep-24
22,card,32.82,Latte,Night,Thu,Sep,4,9,26-09-2024,45:15.1,1606,2024,Sep-24
22,card,23.02,Cortado,Night,Thu,Sep,4,9,26-09-2024,46:17.6,1607,2024,Sep-24
22,card,27.92,Americano with Milk,Night,Thu,Sep,4,9,26-09-2024,47:24.9,1608,2024,Sep-24
9,card,27.92,Americano with Milk,Morning,Fri,Sep,5,9,27-09-2024,29:45.6,1609,2024,Sep-24
9,card,23.02,Cortado,Morning,Fri,Sep,5,9,27-09-2024,33:44.0,1610,2024,Sep-24
9,card,32.82,Cappuccino,Morning,Fri,Sep,5,9,27-09-2024,41:04.7,1611,2024,Sep-24
10,card,27.92,Americano with Milk,Morning,Fri,Sep,5,9,27-09-2024,46:56.6,1612,2024,Sep-24
11,card,27.92,Americano with Milk,Morning,Fri,Sep,5,9,27-09-2024,35:00.3,1613,2024,Sep-24
13,card,32.82,Cappuccino,Afternoon,Fri,Sep,5,9,27-09-2024,20:31.1,1614,2024,Sep-24
13,card,32.82,Cappuccino,Afternoon,Fri,Sep,5,9,27-09-2024,25:05.3,1615,2024,Sep-24
13,card,23.02,Americano,Afternoon,Fri,Sep,5,9,27-09-2024,28:33.1,1616,2024,Sep-24
13,card,27.92,Americano with Milk,Afternoon,Fri,Sep,5,9,27-09-2024,33:52.5,1617,2024,Sep-24
18,card,32.82,Latte,Night,Fri,Sep,5,9,27-09-2024,07:43.7,1618,2024,Sep-24
18,card,32.82,Latte,Night,Fri,Sep,5,9,27-09-2024,08:58.2,1619,2024,Sep-24
18,card,32.82,Cappuccino,Night,Fri,Sep,5,9,27-09-2024,37:45.9,1620,2024,Sep-24
18,card,32.82,Cappuccino,Night,Fri,Sep,5,9,27-09-2024,40:53.8,1621,2024,Sep-24
20,card,32.82,Cappuccino,Night,Fri,Sep,5,9,27-09-2024,18:13.3,1622,2024,Sep-24
20,card,32.82,Cappuccino,Night,Fri,Sep,5,9,27-09-2024,19:14.3,1623,2024,Sep-24
20,card,27.92,Americano with Milk,Night,Fri,Sep,5,9,27-09-2024,58:15.0,1624,2024,Sep-24
8,card,27.92,Americano with Milk,Morning,Sat,Sep,6,9,28-09-2024,06:45.5,1625,2024,Sep-24
9,card,27.92,Americano with Milk,Morning,Sat,Sep,6,9,28-09-2024,31:14.8,1626,2024,Sep-24
14,card,35.76,Latte,Afternoon,Sat,Sep,6,9,28-09-2024,25:47.3,1627,2024,Sep-24
16,card,35.76,Latte,Afternoon,Sat,Sep,6,9,28-09-2024,57:20.1,1628,2024,Sep-24
17,card,30.86,Americano with Milk,Night,Sat,Sep,6,9,28-09-2024,26:16.7,1629,2024,Sep-24
20,card,35.76,Latte,Night,Sat,Sep,6,9,28-09-2024,34:31.1,1630,2024,Sep-24
20,card,35.76,Latte,Night,Sat,Sep,6,9,28-09-2024,38:36.5,1631,2024,Sep-24
22,card,35.76,Cappuccino,Night,Sat,Sep,6,9,28-09-2024,16:36.8,1632,2024,Sep-24
22,card,35.76,Cocoa,Night,Sat,Sep,6,9,28-09-2024,17:29.6,1633,2024,Sep-24
22,card,25.96,Cortado,Night,Sat,Sep,6,9,28-09-2024,18:16.1,1634,2024,Sep-24
22,card,35.76,Hot Chocolate,Night,Sat,Sep,6,9,28-09-2024,19:13.0,1635,2024,Sep-24
10,card,25.96,Americano,Morning,Sun,Sep,7,9,29-09-2024,48:45.0,1636,2024,Sep-24
10,card,35.76,Cappuccino,Morning,Sun,Sep,7,9,29-09-2024,50:05.3,1637,2024,Sep-24
10,card,35.76,Cappuccino,Morning,Sun,Sep,7,9,29-09-2024,51:03.3,1638,2024,Sep-24
10,card,35.76,Cappuccino,Morning,Sun,Sep,7,9,29-09-2024,52:23.0,1639,2024,Sep-24
10,card,30.86,Americano with Milk,Morning,Sun,Sep,7,9,29-09-2024,53:42.3,1640,2024,Sep-24
12,card,35.76,Latte,Afternoon,Sun,Sep,7,9,29-09-2024,35:43.4,1641,2024,Sep-24
12,card,25.96,Cortado,Afternoon,Sun,Sep,7,9,29-09-2024,50:58.4,1642,2024,Sep-24
12,card,35.76,Latte,Afternoon,Sun,Sep,7,9,29-09-2024,54:15.4,1643,2024,Sep-24
12,card,35.76,Latte,Afternoon,Sun,Sep,7,9,29-09-2024,55:21.6,1644,2024,Sep-24
18,card,35.76,Cappuccino,Night,Sun,Sep,7,9,29-09-2024,02:27.3,1645,2024,Sep-24
22,card,35.76,Latte,Night,Sun,Sep,7,9,29-09-2024,31:02.8,1646,2024,Sep-24
8,card,25.96,Cortado,Morning,Mon,Sep,1,9,30-09-2024,08:47.5,1647,2024,Sep-24
8,card,25.96,Cortado,Morning,Mon,Sep,1,9,30-09-2024,58:54.7,1648,2024,Sep-24
9,card,35.76,Hot Chocolate,Morning,Mon,Sep,1,9,30-09-2024,00:04.9,1649,2024,Sep-24
10,card,30.86,Americano with Milk,Morning,Mon,Sep,1,9,30-09-2024,01:09.2,1650,2024,Sep-24
10,card,25.96,Cortado,Morning,Mon,Sep,1,9,30-09-2024,05:18.4,1651,2024,Sep-24
11,card,30.86,Americano with Milk,Morning,Mon,Sep,1,9,30-09-2024,32:54.6,1652,2024,Sep-24
16,card,30.86,Americano with Milk,Afternoon,Mon,Sep,1,9,30-09-2024,45:44.5,1653,2024,Sep-24
19,card,35.76,Latte,Night,Mon,Sep,1,9,30-09-2024,32:18.2,1654,2024,Sep-24
19,card,30.86,Americano with Milk,Night,Mon,Sep,1,9,30-09-2024,53:14.1,1655,2024,Sep-24
19,card,25.96,Cortado,Night,Mon,Sep,1,9,30-09-2024,54:17.6,1656,2024,Sep-24
19,card,35.76,Latte,Night,Mon,Sep,1,9,30-09-2024,59:19.0,1657,2024,Sep-24
20,card,30.86,Americano with Milk,Night,Mon,Sep,1,9,30-09-2024,00:42.1,1658,2024,Sep-24
20,card,30.86,Americano with Milk,Night,Mon,Sep,1,9,30-09-2024,01:42.2,1659,2024,Sep-24
21,card,30.86,Americano with Milk,Night,Mon,Sep,1,9,30-09-2024,41:07.5,1660,2024,Sep-24
7,card,35.76,Latte,Morning,Tue,Oct,2,10,01-10-2024,47:08.4,1661,2024,Oct-24
9,card,30.86,Americano with Milk,Morning,Tue,Oct,2,10,01-10-2024,48:30.8,1662,2024,Oct-24
10,card,30.86,Americano with Milk,Morning,Tue,Oct,2,10,01-10-2024,02:26.8,1663,2024,Oct-24
10,card,30.86,Americano with Milk,Morning,Tue,Oct,2,10,01-10-2024,03:47.1,1664,2024,Oct-24
11,card,30.86,Americano with Milk,Morning,Tue,Oct,2,10,01-10-2024,55:31.9,1665,2024,Oct-24
12,card,30.86,Americano with Milk,Afternoon,Tue,Oct,2,10,01-10-2024,12:48.4,1666,2024,Oct-24
12,card,30.86,Americano with Milk,Afternoon,Tue,Oct,2,10,01-10-2024,14:23.4,1667,2024,Oct-24
14,card,25.96,Americano,Afternoon,Tue,Oct,2,10,01-10-2024,17:35.0,1668,2024,Oct-24
14,card,30.86,Americano with Milk,Afternoon,Tue,Oct,2,10,01-10-2024,18:52.6,1669,2024,Oct-24
16,card,35.76,Hot Chocolate,Afternoon,Tue,Oct,2,10,01-10-2024,08:39.0,1670,2024,Oct-24
16,card,25.96,Americano,Afternoon,Tue,Oct,2,10,01-10-2024,41:54.5,1671,2024,Oct-24
18,card,35.76,Latte,Night,Tue,Oct,2,10,01-10-2024,08:26.5,1672,2024,Oct-24
18,card,35.76,Latte,Night,Tue,Oct,2,10,01-10-2024,23:11.5,1673,2024,Oct-24
18,card,35.76,Hot Chocolate,Night,Tue,Oct,2,10,01-10-2024,24:14.3,1674,2024,Oct-24
20,card,35.76,Hot Chocolate,Night,Tue,Oct,2,10,01-10-2024,03:22.1,1675,2024,Oct-24
7,card,35.76,Latte,Morning,Wed,Oct,3,10,02-10-2024,57:18.8,1676,2024,Oct-24
8,card,25.96,Cortado,Morning,Wed,Oct,3,10,02-10-2024,42:44.6,1677,2024,Oct-24
9,card,30.86,Americano with Milk,Morning,Wed,Oct,3,10,02-10-2024,19:17.1,1678,2024,Oct-24
10,card,35.76,Latte,Morning,Wed,Oct,3,10,02-10-2024,22:01.5,1679,2024,Oct-24
10,card,30.86,Americano with Milk,Morning,Wed,Oct,3,10,02-10-2024,23:55.3,1680,2024,Oct-24
11,card,35.76,Cappuccino,Morning,Wed,Oct,3,10,02-10-2024,28:53.9,1681,2024,Oct-24
15,card,35.76,Cappuccino,Afternoon,Wed,Oct,3,10,02-10-2024,13:42.1,1682,2024,Oct-24
18,card,35.76,Hot Chocolate,Night,Wed,Oct,3,10,02-10-2024,31:07.2,1683,2024,Oct-24
22,card,35.76,Hot Chocolate,Night,Wed,Oct,3,10,02-10-2024,18:55.4,1684,2024,Oct-24
22,card,35.76,Hot Chocolate,Night,Wed,Oct,3,10,02-10-2024,19:40.7,1685,2024,Oct-24
22,card,35.76,Hot Chocolate,Night,Wed,Oct,3,10,02-10-2024,20:23.7,1686,2024,Oct-24
13,card,35.76,Cocoa,Afternoon,Thu,Oct,4,10,03-10-2024,47:35.9,1687,2024,Oct-24
15,card,30.86,Americano with Milk,Afternoon,Thu,Oct,4,10,03-10-2024,12:05.2,1688,2024,Oct-24
20,card,25.96,Cortado,Night,Thu,Oct,4,10,03-10-2024,12:57.8,1689,2024,Oct-24
20,card,35.76,Hot Chocolate,Night,Thu,Oct,4,10,03-10-2024,14:04.8,1690,2024,Oct-24
21,card,35.76,Hot Chocolate,Night,Thu,Oct,4,10,03-10-2024,21:06.3,1691,2024,Oct-24
21,card,35.76,Hot Chocolate,Night,Thu,Oct,4,10,03-10-2024,21:46.8,1692,2024,Oct-24
21,card,35.76,Cappuccino,Night,Thu,Oct,4,10,03-10-2024,29:03.4,1693,2024,Oct-24
21,card,35.76,Hot Chocolate,Night,Thu,Oct,4,10,03-10-2024,31:00.5,1694,2024,Oct-24
8,card,25.96,Americano,Morning,Fri,Oct,5,10,04-10-2024,44:00.9,1695,2024,Oct-24
8,card,25.96,Americano,Morning,Fri,Oct,5,10,04-10-2024,45:39.0,1696,2024,Oct-24
9,card,30.86,Americano with Milk,Morning,Fri,Oct,5,10,04-10-2024,30:22.0,1697,2024,Oct-24
9,card,25.96,Americano,Morning,Fri,Oct,5,10,04-10-2024,31:27.1,1698,2024,Oct-24
9,card,25.96,Cortado,Morning,Fri,Oct,5,10,04-10-2024,53:58.6,1699,2024,Oct-24
9,card,25.96,Cortado,Morning,Fri,Oct,5,10,04-10-2024,55:04.6,1700,2024,Oct-24
17,card,35.76,Latte,Night,Fri,Oct,5,10,04-10-2024,35:14.8,1701,2024,Oct-24
17,card,35.76,Hot Chocolate,Night,Fri,Oct,5,10,04-10-2024,42:22.2,1702,2024,Oct-24
17,card,35.76,Cocoa,Night,Fri,Oct,5,10,04-10-2024,44:36.4,1703,2024,Oct-24
9,card,25.96,Cortado,Morning,Sat,Oct,6,10,05-10-2024,00:46.9,1704,2024,Oct-24
9,card,25.96,Cortado,Morning,Sat,Oct,6,10,05-10-2024,01:42.7,1705,2024,Oct-24
9,card,35.76,Cocoa,Morning,Sat,Oct,6,10,05-10-2024,35:44.9,1706,2024,Oct-24
13,card,35.76,Cappuccino,Afternoon,Sat,Oct,6,10,05-10-2024,12:13.3,1707,2024,Oct-24
20,card,25.96,Americano,Night,Sat,Oct,6,10,05-10-2024,08:38.1,1708,2024,Oct-24
20,card,25.96,Americano,Night,Sat,Oct,6,10,05-10-2024,09:33.6,1709,2024,Oct-24
8,card,25.96,Cortado,Morning,Sun,Oct,7,10,06-10-2024,22:56.7,1710,2024,Oct-24
10,card,35.76,Cappuccino,Morning,Sun,Oct,7,10,06-10-2024,05:43.6,1711,2024,Oct-24
10,card,25.96,Cortado,Morning,Sun,Oct,7,10,06-10-2024,06:47.1,1712,2024,Oct-24
11,card,35.76,Latte,Morning,Sun,Oct,7,10,06-10-2024,55:28.8,1713,2024,Oct-24
12,card,35.76,Latte,Afternoon,Sun,Oct,7,10,06-10-2024,09:03.9,1714,2024,Oct-24
12,card,35.76,Cappuccino,Afternoon,Sun,Oct,7,10,06-10-2024,10:17.3,1715,2024,Oct-24
12,card,30.86,Americano with Milk,Afternoon,Sun,Oct,7,10,06-10-2024,11:43.4,1716,2024,Oct-24
13,card,25.96,Americano,Afternoon,Sun,Oct,7,10,06-10-2024,46:03.7,1717,2024,Oct-24
13,card,35.76,Cappuccino,Afternoon,Sun,Oct,7,10,06-10-2024,47:02.0,1718,2024,Oct-24
13,card,30.86,Americano with Milk,Afternoon,Sun,Oct,7,10,06-10-2024,50:00.1,1719,2024,Oct-24
13,card,35.76,Latte,Afternoon,Sun,Oct,7,10,06-10-2024,51:04.3,1720,2024,Oct-24
13,card,35.76,Cappuccino,Afternoon,Sun,Oct,7,10,06-10-2024,51:56.3,1721,2024,Oct-24
16,card,35.76,Cappuccino,Afternoon,Sun,Oct,7,10,06-10-2024,31:33.6,1722,2024,Oct-24
16,card,21.06,Espresso,Afternoon,Sun,Oct,7,10,06-10-2024,35:45.6,1723,2024,Oct-24
18,card,30.86,Americano with Milk,Night,Sun,Oct,7,10,06-10-2024,17:45.0,1724,2024,Oct-24
18,card,35.76,Hot Chocolate,Night,Sun,Oct,7,10,06-10-2024,35:16.5,1725,2024,Oct-24
21,card,35.76,Hot Chocolate,Night,Sun,Oct,7,10,06-10-2024,09:12.9,1726,2024,Oct-24
21,card,35.76,Hot Chocolate,Night,Sun,Oct,7,10,06-10-2024,10:00.5,1727,2024,Oct-24
21,card,35.76,Hot Chocolate,Night,Sun,Oct,7,10,06-10-2024,10:45.3,1728,2024,Oct-24
21,card,35.76,Latte,Night,Sun,Oct,7,10,06-10-2024,16:48.9,1729,2024,Oct-24
8,card,35.76,Latte,Morning,Mon,Oct,1,10,07-10-2024,33:36.4,1730,2024,Oct-24
8,card,35.76,Latte,Morning,Mon,Oct,1,10,07-10-2024,49:36.5,1731,2024,Oct-24
8,card,30.86,Americano with Milk,Morning,Mon,Oct,1,10,07-10-2024,50:41.7,1732,2024,Oct-24
9,card,35.76,Cocoa,Morning,Mon,Oct,1,10,07-10-2024,05:28.1,1733,2024,Oct-24
9,card,35.76,Latte,Morning,Mon,Oct,1,10,07-10-2024,09:58.3,1734,2024,Oct-24
12,card,30.86,Americano with Milk,Afternoon,Mon,Oct,1,10,07-10-2024,17:56.7,1735,2024,Oct-24
14,card,25.96,Americano,Afternoon,Mon,Oct,1,10,07-10-2024,31:45.3,1736,2024,Oct-24
14,card,25.96,Americano,Afternoon,Mon,Oct,1,10,07-10-2024,32:38.8,1737,2024,Oct-24
17,card,35.76,Latte,Night,Mon,Oct,1,10,07-10-2024,48:55.0,1738,2024,Oct-24
21,card,35.76,Hot Chocolate,Night,Mon,Oct,1,10,07-10-2024,14:42.1,1739,2024,Oct-24
21,card,35.76,Hot Chocolate,Night,Mon,Oct,1,10,07-10-2024,15:20.1,1740,2024,Oct-24
21,card,35.76,Latte,Night,Mon,Oct,1,10,07-10-2024,40:48.5,1741,2024,Oct-24
8,card,35.76,Latte,Morning,Tue,Oct,2,10,08-10-2024,11:50.9,1742,2024,Oct-24
9,card,30.86,Americano with Milk,Morning,Tue,Oct,2,10,08-10-2024,05:14.0,1743,2024,Oct-24
10,card,25.96,Americano,Morning,Tue,Oct,2,10,08-10-2024,22:31.4,1744,2024,Oct-24
10,card,35.76,Latte,Morning,Tue,Oct,2,10,08-10-2024,27:08.8,1745,2024,Oct-24
11,card,35.76,Latte,Morning,Tue,Oct,2,10,08-10-2024,30:10.3,1746,2024,Oct-24
12,card,25.96,Americano,Afternoon,Tue,Oct,2,10,08-10-2024,48:04.5,1747,2024,Oct-24
12,card,25.96,Americano,Afternoon,Tue,Oct,2,10,08-10-2024,49:04.6,1748,2024,Oct-24
13,card,35.76,Latte,Afternoon,Tue,Oct,2,10,08-10-2024,04:00.9,1749,2024,Oct-24
13,card,35.76,Latte,Afternoon,Tue,Oct,2,10,08-10-2024,04:59.4,1750,2024,Oct-24
14,card,35.76,Latte,Afternoon,Tue,Oct,2,10,08-10-2024,42:52.4,1751,2024,Oct-24
15,card,35.76,Latte,Afternoon,Tue,Oct,2,10,08-10-2024,13:41.2,1752,2024,Oct-24
15,card,25.96,Americano,Afternoon,Tue,Oct,2,10,08-10-2024,19:52.1,1753,2024,Oct-24
15,card,30.86,Americano with Milk,Afternoon,Tue,Oct,2,10,08-10-2024,50:43.1,1754,2024,Oct-24
20,card,35.76,Hot Chocolate,Night,Tue,Oct,2,10,08-10-2024,40:40.5,1755,2024,Oct-24
20,card,35.76,Cappuccino,Night,Tue,Oct,2,10,08-10-2024,41:33.5,1756,2024,Oct-24
20,card,35.76,Latte,Night,Tue,Oct,2,10,08-10-2024,51:08.7,1757,2024,Oct-24
21,card,30.86,Americano with Milk,Night,Tue,Oct,2,10,08-10-2024,24:32.0,1758,2024,Oct-24
21,card,30.86,Americano with Milk,Night,Tue,Oct,2,10,08-10-2024,21:25:32,1759,2024,Oct-24
7,card,35.76,Latte,Morning,Wed,Oct,3,10,09-10-2024,54:42.6,1760,2024,Oct-24
8,card,30.86,Americano with Milk,Morning,Wed,Oct,3,10,09-10-2024,25:57.5,1761,2024,Oct-24
9,card,30.86,Americano with Milk,Morning,Wed,Oct,3,10,09-10-2024,43:21.0,1762,2024,Oct-24
9,card,35.76,Latte,Morning,Wed,Oct,3,10,09-10-2024,59:40.0,1763,2024,Oct-24
10,card,21.06,Espresso,Morning,Wed,Oct,3,10,09-10-2024,37:56.9,1764,2024,Oct-24
11,card,25.96,Americano,Morning,Wed,Oct,3,10,09-10-2024,18:02.1,1765,2024,Oct-24
13,card,35.76,Latte,Afternoon,Wed,Oct,3,10,09-10-2024,03:08.5,1766,2024,Oct-24
13,card,30.86,Americano with Milk,Afternoon,Wed,Oct,3,10,09-10-2024,52:34.7,1767,2024,Oct-24
17,card,35.76,Cappuccino,Night,Wed,Oct,3,10,09-10-2024,26:44.4,1768,2024,Oct-24
17,card,25.96,Americano,Night,Wed,Oct,3,10,09-10-2024,27:48.9,1769,2024,Oct-24
17,card,21.06,Espresso,Night,Wed,Oct,3,10,09-10-2024,49:59.6,1770,2024,Oct-24
20,card,35.76,Cappuccino,Night,Wed,Oct,3,10,09-10-2024,49:12.5,1771,2024,Oct-24
8,card,25.96,Americano,Morning,Thu,Oct,4,10,10-10-2024,48:06.9,1772,2024,Oct-24
9,card,30.86,Americano with Milk,Morning,Thu,Oct,4,10,10-10-2024,23:20.1,1773,2024,Oct-24
9,card,35.76,Hot Chocolate,Morning,Thu,Oct,4,10,10-10-2024,51:44.2,1774,2024,Oct-24
10,card,35.76,Latte,Morning,Thu,Oct,4,10,10-10-2024,05:09.5,1775,2024,Oct-24
10,card,25.96,Cortado,Morning,Thu,Oct,4,10,10-10-2024,42:43.0,1776,2024,Oct-24
10,card,25.96,Cortado,Morning,Thu,Oct,4,10,10-10-2024,43:30.0,1777,2024,Oct-24
10,card,35.76,Latte,Morning,Thu,Oct,4,10,10-10-2024,55:32.6,1778,2024,Oct-24
11,card,35.76,Latte,Morning,Thu,Oct,4,10,10-10-2024,04:19.3,1779,2024,Oct-24
15,card,35.76,Cappuccino,Afternoon,Thu,Oct,4,10,10-10-2024,05:42.9,1780,2024,Oct-24
17,card,35.76,Latte,Night,Thu,Oct,4,10,10-10-2024,40:44.4,1781,2024,Oct-24
18,card,25.96,Americano,Night,Thu,Oct,4,10,10-10-2024,18:32.7,1782,2024,Oct-24
18,card,30.86,Americano with Milk,Night,Thu,Oct,4,10,10-10-2024,56:30.7,1783,2024,Oct-24
18,card,35.76,Latte,Night,Thu,Oct,4,10,10-10-2024,57:35.2,1784,2024,Oct-24
22,card,35.76,Hot Chocolate,Night,Thu,Oct,4,10,10-10-2024,33:17.0,1785,2024,Oct-24
22,card,35.76,Hot Chocolate,Night,Thu,Oct,4,10,10-10-2024,33:59.7,1786,2024,Oct-24
7,card,30.86,Americano with Milk,Morning,Fri,Oct,5,10,11-10-2024,54:51.6,1787,2024,Oct-24
8,card,35.76,Latte,Morning,Fri,Oct,5,10,11-10-2024,00:50.9,1788,2024,Oct-24
8,card,25.96,Cortado,Morning,Fri,Oct,5,10,11-10-2024,12:20.3,1789,2024,Oct-24
8,card,35.76,Latte,Morning,Fri,Oct,5,10,11-10-2024,28:18.9,1790,2024,Oct-24
8,card,35.76,Cocoa,Morning,Fri,Oct,5,10,11-10-2024,29:22.4,1791,2024,Oct-24
8,card,35.76,Cocoa,Morning,Fri,Oct,5,10,11-10-2024,55:43.8,1792,2024,Oct-24
8,card,30.86,Americano with Milk,Morning,Fri,Oct,5,10,11-10-2024,56:58.8,1793,2024,Oct-24
8,card,35.76,Hot Chocolate,Morning,Fri,Oct,5,10,11-10-2024,58:09.1,1794,2024,Oct-24
9,card,30.86,Americano with Milk,Morning,Fri,Oct,5,10,11-10-2024,31:42.3,1795,2024,Oct-24
9,card,25.96,Cortado,Morning,Fri,Oct,5,10,11-10-2024,38:46.9,1796,2024,Oct-24
10,card,25.96,Americano,Morning,Fri,Oct,5,10,11-10-2024,00:40.4,1797,2024,Oct-24
10,card,25.96,Americano,Morning,Fri,Oct,5,10,11-10-2024,01:54.9,1798,2024,Oct-24
10,card,30.86,Americano with Milk,Morning,Fri,Oct,5,10,11-10-2024,30:36.0,1799,2024,Oct-24
13,card,35.76,Latte,Afternoon,Fri,Oct,5,10,11-10-2024,05:01.4,1800,2024,Oct-24
13,card,25.96,Americano,Afternoon,Fri,Oct,5,10,11-10-2024,29:02.5,1801,2024,Oct-24
13,card,25.96,Americano,Afternoon,Fri,Oct,5,10,11-10-2024,30:09.0,1802,2024,Oct-24
14,card,35.76,Cocoa,Afternoon,Fri,Oct,5,10,11-10-2024,33:40.5,1803,2024,Oct-24
14,card,25.96,Americano,Afternoon,Fri,Oct,5,10,11-10-2024,35:29.3,1804,2024,Oct-24
14,card,35.76,Cappuccino,Afternoon,Fri,Oct,5,10,11-10-2024,50:08.8,1805,2024,Oct-24
17,card,35.76,Latte,Night,Fri,Oct,5,10,11-10-2024,12:07.3,1806,2024,Oct-24
17,card,35.76,Hot Chocolate,Night,Fri,Oct,5,10,11-10-2024,13:21.6,1807,2024,Oct-24
17,card,35.76,Hot Chocolate,Night,Fri,Oct,5,10,11-10-2024,26:11.2,1808,2024,Oct-24
21,card,35.76,Latte,Night,Fri,Oct,5,10,11-10-2024,48:37.7,1809,2024,Oct-24
21,card,30.86,Americano with Milk,Night,Fri,Oct,5,10,11-10-2024,53:53.6,1810,2024,Oct-24
22,card,35.76,Hot Chocolate,Night,Fri,Oct,5,10,11-10-2024,36:27.6,1811,2024,Oct-24
22,card,35.76,Hot Chocolate,Night,Fri,Oct,5,10,11-10-2024,37:26.7,1812,2024,Oct-24
8,card,25.96,Cortado,Morning,Sat,Oct,6,10,12-10-2024,28:15.5,1813,2024,Oct-24
10,card,25.96,Cortado,Morning,Sat,Oct,6,10,12-10-2024,31:38.9,1814,2024,Oct-24
10,card,25.96,Cortado,Morning,Sat,Oct,6,10,12-10-2024,32:55.5,1815,2024,Oct-24
11,card,35.76,Latte,Morning,Sat,Oct,6,10,12-10-2024,52:15.5,1816,2024,Oct-24
11,card,30.86,Americano with Milk,Morning,Sat,Oct,6,10,12-10-2024,53:41.1,1817,2024,Oct-24
13,card,35.76,Cappuccino,Afternoon,Sat,Oct,6,10,12-10-2024,18:47.1,1818,2024,Oct-24
20,card,35.76,Latte,Night,Sat,Oct,6,10,12-10-2024,10:53.9,1819,2024,Oct-24
9,card,25.96,Cortado,Morning,Sun,Oct,7,10,13-10-2024,54:55.2,1820,2024,Oct-24
12,card,30.86,Americano with Milk,Afternoon,Sun,Oct,7,10,13-10-2024,20:46.6,1821,2024,Oct-24
13,card,25.96,Cortado,Afternoon,Sun,Oct,7,10,13-10-2024,32:29.5,1822,2024,Oct-24
13,card,21.06,Espresso,Afternoon,Sun,Oct,7,10,13-10-2024,33:29.4,1823,2024,Oct-24
13,card,25.96,Cortado,Afternoon,Sun,Oct,7,10,13-10-2024,34:25.9,1824,2024,Oct-24
17,card,35.76,Latte,Night,Sun,Oct,7,10,13-10-2024,53:20.7,1825,2024,Oct-24
17,card,35.76,Latte,Night,Sun,Oct,7,10,13-10-2024,54:22.4,1826,2024,Oct-24
18,card,35.76,Cappuccino,Night,Sun,Oct,7,10,13-10-2024,22:58.8,1827,2024,Oct-24
20,card,35.76,Cappuccino,Night,Sun,Oct,7,10,13-10-2024,43:04.9,1828,2024,Oct-24
8,card,30.86,Americano with Milk,Morning,Mon,Oct,1,10,14-10-2024,26:54.6,1829,2024,Oct-24
9,card,35.76,Cocoa,Morning,Mon,Oct,1,10,14-10-2024,49:54.6,1830,2024,Oct-24
10,card,25.96,Cortado,Morning,Mon,Oct,1,10,14-10-2024,27:51.1,1831,2024,Oct-24
10,card,35.76,Latte,Morning,Mon,Oct,1,10,14-10-2024,38:06.8,1832,2024,Oct-24
10,card,35.76,Latte,Morning,Mon,Oct,1,10,14-10-2024,39:13.7,1833,2024,Oct-24
11,card,35.76,Cappuccino,Morning,Mon,Oct,1,10,14-10-2024,23:50.6,1834,2024,Oct-24
11,card,25.96,Americano,Morning,Mon,Oct,1,10,14-10-2024,25:37.3,1835,2024,Oct-24
11,card,25.96,Americano,Morning,Mon,Oct,1,10,14-10-2024,26:45.2,1836,2024,Oct-24
14,card,35.76,Latte,Afternoon,Mon,Oct,1,10,14-10-2024,36:07.1,1837,2024,Oct-24
14,card,35.76,Latte,Afternoon,Mon,Oct,1,10,14-10-2024,49:51.5,1838,2024,Oct-24
16,card,25.96,Americano,Afternoon,Mon,Oct,1,10,14-10-2024,37:47.5,1839,2024,Oct-24
18,card,35.76,Latte,Night,Mon,Oct,1,10,14-10-2024,19:19.2,1840,2024,Oct-24
18,card,35.76,Cappuccino,Night,Mon,Oct,1,10,14-10-2024,20:20.6,1841,2024,Oct-24
22,card,35.76,Latte,Night,Mon,Oct,1,10,14-10-2024,08:53.7,1842,2024,Oct-24
22,card,35.76,Latte,Night,Mon,Oct,1,10,14-10-2024,10:23.7,1843,2024,Oct-24
22,card,35.76,Latte,Night,Mon,Oct,1,10,14-10-2024,21:53.9,1844,2024,Oct-24
8,card,25.96,Cortado,Morning,Tue,Oct,2,10,15-10-2024,14:28.7,1845,2024,Oct-24
8,card,21.06,Espresso,Morning,Tue,Oct,2,10,15-10-2024,34:17.9,1846,2024,Oct-24
11,card,35.76,Hot Chocolate,Morning,Tue,Oct,2,10,15-10-2024,13:22.0,1847,2024,Oct-24
11,card,35.76,Latte,Morning,Tue,Oct,2,10,15-10-2024,15:20.6,1848,2024,Oct-24
11,card,35.76,Hot Chocolate,Morning,Tue,Oct,2,10,15-10-2024,16:27.5,1849,2024,Oct-24
13,card,35.76,Latte,Afternoon,Tue,Oct,2,10,15-10-2024,00:43.2,1850,2024,Oct-24
13,card,30.86,Americano with Milk,Afternoon,Tue,Oct,2,10,15-10-2024,15:44.8,1851,2024,Oct-24
15,card,35.76,Latte,Afternoon,Tue,Oct,2,10,15-10-2024,32:11.3,1852,2024,Oct-24
15,card,25.96,Americano,Afternoon,Tue,Oct,2,10,15-10-2024,54:16.5,1853,2024,Oct-24
15,card,21.06,Espresso,Afternoon,Tue,Oct,2,10,15-10-2024,55:19.0,1854,2024,Oct-24
17,card,35.76,Hot Chocolate,Night,Tue,Oct,2,10,15-10-2024,04:11.3,1855,2024,Oct-24
19,card,25.96,Americano,Night,Tue,Oct,2,10,15-10-2024,22:21.4,1856,2024,Oct-24
19,card,35.76,Cocoa,Night,Tue,Oct,2,10,15-10-2024,23:17.4,1857,2024,Oct-24
20,card,35.76,Latte,Night,Tue,Oct,2,10,15-10-2024,11:14.9,1858,2024,Oct-24
20,card,35.76,Latte,Night,Tue,Oct,2,10,15-10-2024,12:28.6,1859,2024,Oct-24
21,card,35.76,Hot Chocolate,Night,Tue,Oct,2,10,15-10-2024,18:08.4,1860,2024,Oct-24
21,card,35.76,Hot Chocolate,Night,Tue,Oct,2,10,15-10-2024,35:19.9,1861,2024,Oct-24
22,card,35.76,Latte,Night,Tue,Oct,2,10,15-10-2024,15:19.7,1862,2024,Oct-24
8,card,30.86,Americano with Milk,Morning,Wed,Oct,3,10,16-10-2024,21:26.0,1863,2024,Oct-24
8,card,35.76,Hot Chocolate,Morning,Wed,Oct,3,10,16-10-2024,36:23.6,1864,2024,Oct-24
9,card,35.76,Latte,Morning,Wed,Oct,3,10,16-10-2024,25:51.2,1865,2024,Oct-24
10,card,30.86,Americano with Milk,Morning,Wed,Oct,3,10,16-10-2024,15:47.9,1866,2024,Oct-24
10,card,30.86,Americano with Milk,Morning,Wed,Oct,3,10,16-10-2024,16:53.7,1867,2024,Oct-24
10,card,30.86,Americano with Milk,Morning,Wed,Oct,3,10,16-10-2024,45:25.0,1868,2024,Oct-24
11,card,25.96,Americano,Morning,Wed,Oct,3,10,16-10-2024,49:44.6,1869,2024,Oct-24
12,card,30.86,Americano with Milk,Afternoon,Wed,Oct,3,10,16-10-2024,29:44.3,1870,2024,Oct-24
13,card,25.96,Americano,Afternoon,Wed,Oct,3,10,16-10-2024,20:10.5,1871,2024,Oct-24
16,card,35.76,Latte,Afternoon,Wed,Oct,3,10,16-10-2024,45:29.5,1872,2024,Oct-24
17,card,30.86,Americano with Milk,Night,Wed,Oct,3,10,16-10-2024,43:20.7,1873,2024,Oct-24
19,card,30.86,Americano with Milk,Night,Wed,Oct,3,10,16-10-2024,37:42.4,1874,2024,Oct-24
19,card,30.86,Americano with Milk,Night,Wed,Oct,3,10,16-10-2024,38:36.6,1875,2024,Oct-24
21,card,35.76,Hot Chocolate,Night,Wed,Oct,3,10,16-10-2024,20:28.5,1876,2024,Oct-24
7,card,35.76,Latte,Morning,Thu,Oct,4,10,17-10-2024,47:00.9,1877,2024,Oct-24
7,card,35.76,Latte,Morning,Thu,Oct,4,10,17-10-2024,58:06.8,1878,2024,Oct-24
9,card,30.86,Americano with Milk,Morning,Thu,Oct,4,10,17-10-2024,24:27.2,1879,2024,Oct-24
10,card,35.76,Latte,Morning,Thu,Oct,4,10,17-10-2024,26:37.8,1880,2024,Oct-24
10,card,35.76,Hot Chocolate,Morning,Thu,Oct,4,10,17-10-2024,44:54.2,1881,2024,Oct-24
11,card,30.86,Americano with Milk,Morning,Thu,Oct,4,10,17-10-2024,59:26.9,1882,2024,Oct-24
13,card,35.76,Latte,Afternoon,Thu,Oct,4,10,17-10-2024,57:24.9,1883,2024,Oct-24
14,card,25.96,Americano,Afternoon,Thu,Oct,4,10,17-10-2024,34:42.6,1884,2024,Oct-24
16,card,35.76,Hot Chocolate,Afternoon,Thu,Oct,4,10,17-10-2024,37:12.6,1885,2024,Oct-24
16,card,35.76,Hot Chocolate,Afternoon,Thu,Oct,4,10,17-10-2024,38:18.0,1886,2024,Oct-24
16,card,35.76,Latte,Afternoon,Thu,Oct,4,10,17-10-2024,39:09.6,1887,2024,Oct-24
16,card,35.76,Hot Chocolate,Afternoon,Thu,Oct,4,10,17-10-2024,48:35.9,1888,2024,Oct-24
16,card,35.76,Hot Chocolate,Afternoon,Thu,Oct,4,10,17-10-2024,49:33.2,1889,2024,Oct-24
17,card,35.76,Cappuccino,Night,Thu,Oct,4,10,17-10-2024,08:27.8,1890,2024,Oct-24
17,card,35.76,Hot Chocolate,Night,Thu,Oct,4,10,17-10-2024,09:30.3,1891,2024,Oct-24
19,card,35.76,Latte,Night,Thu,Oct,4,10,17-10-2024,43:12.2,1892,2024,Oct-24
20,card,30.86,Americano with Milk,Night,Thu,Oct,4,10,17-10-2024,11:36.4,1893,2024,Oct-24
21,card,35.76,Latte,Night,Thu,Oct,4,10,17-10-2024,46:12.9,1894,2024,Oct-24
21,card,35.76,Latte,Night,Thu,Oct,4,10,17-10-2024,47:20.5,1895,2024,Oct-24
21,card,35.76,Latte,Night,Thu,Oct,4,10,17-10-2024,48:31.7,1896,2024,Oct-24
21,card,35.76,Hot Chocolate,Night,Thu,Oct,4,10,17-10-2024,49:54.6,1897,2024,Oct-24
8,card,35.76,Cocoa,Morning,Fri,Oct,5,10,18-10-2024,41:59.5,1898,2024,Oct-24
8,card,35.76,Cocoa,Morning,Fri,Oct,5,10,18-10-2024,42:59.2,1899,2024,Oct-24
9,card,35.76,Cocoa,Morning,Fri,Oct,5,10,18-10-2024,32:41.5,1900,2024,Oct-24
9,card,35.76,Cocoa,Morning,Fri,Oct,5,10,18-10-2024,34:08.0,1901,2024,Oct-24
9,card,35.76,Cappuccino,Morning,Fri,Oct,5,10,18-10-2024,55:20.2,1902,2024,Oct-24
11,card,35.76,Cappuccino,Morning,Fri,Oct,5,10,18-10-2024,54:58.8,1903,2024,Oct-24
14,card,35.76,Latte,Afternoon,Fri,Oct,5,10,18-10-2024,51:04.1,1904,2024,Oct-24
14,card,35.76,Cappuccino,Afternoon,Fri,Oct,5,10,18-10-2024,52:15.3,1905,2024,Oct-24
15,card,25.96,Americano,Afternoon,Fri,Oct,5,10,18-10-2024,39:20.0,1906,2024,Oct-24
16,card,35.76,Latte,Afternoon,Fri,Oct,5,10,18-10-2024,09:57.9,1907,2024,Oct-24
17,card,35.76,Hot Chocolate,Night,Fri,Oct,5,10,18-10-2024,45:39.0,1908,2024,Oct-24
21,card,35.76,Cocoa,Night,Fri,Oct,5,10,18-10-2024,14:40.2,1909,2024,Oct-24
21,card,35.76,Cocoa,Night,Fri,Oct,5,10,18-10-2024,15:22.5,1910,2024,Oct-24
21,card,30.86,Americano with Milk,Night,Fri,Oct,5,10,18-10-2024,52:23.4,1911,2024,Oct-24
22,card,35.76,Latte,Night,Fri,Oct,5,10,18-10-2024,03:27.0,1912,2024,Oct-24
8,card,30.86,Americano with Milk,Morning,Sat,Oct,6,10,19-10-2024,34:13.7,1913,2024,Oct-24
13,card,35.76,Latte,Afternoon,Sat,Oct,6,10,19-10-2024,22:06.1,1914,2024,Oct-24
14,card,35.76,Cappuccino,Afternoon,Sat,Oct,6,10,19-10-2024,10:32.6,1915,2024,Oct-24
15,card,35.76,Hot Chocolate,Afternoon,Sat,Oct,6,10,19-10-2024,56:55.2,1916,2024,Oct-24
15,card,35.76,Latte,Afternoon,Sat,Oct,6,10,19-10-2024,59:24.1,1917,2024,Oct-24
16,card,35.76,Latte,Afternoon,Sat,Oct,6,10,19-10-2024,02:45.8,1918,2024,Oct-24
16,card,35.76,Latte,Afternoon,Sat,Oct,6,10,19-10-2024,17:42.5,1919,2024,Oct-24
21,card,35.76,Cocoa,Night,Sat,Oct,6,10,19-10-2024,46:45.5,1920,2024,Oct-24
22,card,35.76,Cappuccino,Night,Sat,Oct,6,10,19-10-2024,46:37.7,1921,2024,Oct-24
8,card,35.76,Latte,Morning,Sun,Oct,7,10,20-10-2024,40:44.0,1922,2024,Oct-24
8,card,35.76,Cocoa,Morning,Sun,Oct,7,10,20-10-2024,41:50.5,1923,2024,Oct-24
11,card,35.76,Latte,Morning,Sun,Oct,7,10,20-10-2024,16:51.8,1924,2024,Oct-24
14,card,35.76,Hot Chocolate,Afternoon,Sun,Oct,7,10,20-10-2024,28:46.0,1925,2024,Oct-24
14,card,25.96,Cortado,Afternoon,Sun,Oct,7,10,20-10-2024,29:43.5,1926,2024,Oct-24
15,card,30.86,Americano with Milk,Afternoon,Sun,Oct,7,10,20-10-2024,52:45.1,1927,2024,Oct-24
16,card,35.76,Latte,Afternoon,Sun,Oct,7,10,20-10-2024,45:09.8,1928,2024,Oct-24
16,card,35.76,Latte,Afternoon,Sun,Oct,7,10,20-10-2024,46:04.8,1929,2024,Oct-24
17,card,35.76,Latte,Night,Sun,Oct,7,10,20-10-2024,27:05.8,1930,2024,Oct-24
18,card,35.76,Cocoa,Night,Sun,Oct,7,10,20-10-2024,34:16.4,1931,2024,Oct-24
18,card,35.76,Cocoa,Night,Sun,Oct,7,10,20-10-2024,35:08.2,1932,2024,Oct-24
21,card,35.76,Hot Chocolate,Night,Sun,Oct,7,10,20-10-2024,14:18.0,1933,2024,Oct-24
21,card,25.96,Cortado,Night,Sun,Oct,7,10,20-10-2024,15:17.8,1934,2024,Oct-24
21,card,35.76,Cocoa,Night,Sun,Oct,7,10,20-10-2024,17:26.9,1935,2024,Oct-24
21,card,35.76,Latte,Night,Sun,Oct,7,10,20-10-2024,25:00.1,1936,2024,Oct-24
22,card,35.76,Cappuccino,Night,Sun,Oct,7,10,20-10-2024,17:29.0,1937,2024,Oct-24
7,card,35.76,Latte,Morning,Mon,Oct,1,10,21-10-2024,48:43.1,1938,2024,Oct-24
8,card,35.76,Latte,Morning,Mon,Oct,1,10,21-10-2024,19:56.4,1939,2024,Oct-24
9,card,30.86,Americano with Milk,Morning,Mon,Oct,1,10,21-10-2024,04:54.4,1940,2024,Oct-24
9,card,35.76,Latte,Morning,Mon,Oct,1,10,21-10-2024,34:25.5,1941,2024,Oct-24
10,card,25.96,Americano,Morning,Mon,Oct,1,10,21-10-2024,25:09.3,1942,2024,Oct-24
10,card,25.96,Cortado,Morning,Mon,Oct,1,10,21-10-2024,41:44.7,1943,2024,Oct-24
10,card,25.96,Cortado,Morning,Mon,Oct,1,10,21-10-2024,42:35.6,1944,2024,Oct-24
11,card,21.06,Espresso,Morning,Mon,Oct,1,10,21-10-2024,27:41.7,1945,2024,Oct-24
12,card,35.76,Cappuccino,Afternoon,Mon,Oct,1,10,21-10-2024,40:24.3,1946,2024,Oct-24
14,card,35.76,Latte,Afternoon,Mon,Oct,1,10,21-10-2024,42:56.0,1947,2024,Oct-24
14,card,35.76,Latte,Afternoon,Mon,Oct,1,10,21-10-2024,43:58.0,1948,2024,Oct-24
15,card,30.86,Americano with Milk,Afternoon,Mon,Oct,1,10,21-10-2024,27:02.4,1949,2024,Oct-24
15,card,25.96,Cortado,Afternoon,Mon,Oct,1,10,21-10-2024,39:04.7,1950,2024,Oct-24
16,card,35.76,Cocoa,Afternoon,Mon,Oct,1,10,21-10-2024,42:57.5,1951,2024,Oct-24
16,card,35.76,Latte,Afternoon,Mon,Oct,1,10,21-10-2024,55:22.5,1952,2024,Oct-24
19,card,35.76,Hot Chocolate,Night,Mon,Oct,1,10,21-10-2024,21:13.4,1953,2024,Oct-24
21,card,35.76,Latte,Night,Mon,Oct,1,10,21-10-2024,05:36.1,1954,2024,Oct-24
22,card,35.76,Cocoa,Night,Mon,Oct,1,10,21-10-2024,30:44.5,1955,2024,Oct-24
22,card,35.76,Hot Chocolate,Night,Mon,Oct,1,10,21-10-2024,31:34.0,1956,2024,Oct-24
7,card,35.76,Latte,Morning,Tue,Oct,2,10,22-10-2024,32:59.5,1957,2024,Oct-24
7,card,35.76,Cappuccino,Morning,Tue,Oct,2,10,22-10-2024,34:00.0,1958,2024,Oct-24
8,card,30.86,Americano with Milk,Morning,Tue,Oct,2,10,22-10-2024,25:32.2,1959,2024,Oct-24
9,card,25.96,Cortado,Morning,Tue,Oct,2,10,22-10-2024,17:50.4,1960,2024,Oct-24
10,card,21.06,Espresso,Morning,Tue,Oct,2,10,22-10-2024,51:32.3,1961,2024,Oct-24
10,card,25.96,Cortado,Morning,Tue,Oct,2,10,22-10-2024,52:17.1,1962,2024,Oct-24
18,card,25.96,Americano,Night,Tue,Oct,2,10,22-10-2024,07:02.6,1963,2024,Oct-24
19,card,35.76,Hot Chocolate,Night,Tue,Oct,2,10,22-10-2024,46:39.2,1964,2024,Oct-24
19,card,35.76,Latte,Night,Tue,Oct,2,10,22-10-2024,47:50.5,1965,2024,Oct-24
7,card,35.76,Latte,Morning,Wed,Oct,3,10,23-10-2024,58:06.8,1966,2024,Oct-24
8,card,30.86,Americano with Milk,Morning,Wed,Oct,3,10,23-10-2024,45:14.8,1967,2024,Oct-24
10,card,25.96,Cortado,Morning,Wed,Oct,3,10,23-10-2024,24:57.8,1968,2024,Oct-24
12,card,30.86,Americano with Milk,Afternoon,Wed,Oct,3,10,23-10-2024,31:05.4,1969,2024,Oct-24
16,card,30.86,Americano with Milk,Afternoon,Wed,Oct,3,10,23-10-2024,20:02.3,1970,2024,Oct-24
16,card,30.86,Americano with Milk,Afternoon,Wed,Oct,3,10,23-10-2024,21:09.0,1971,2024,Oct-24
16,card,35.76,Cappuccino,Afternoon,Wed,Oct,3,10,23-10-2024,42:30.2,1972,2024,Oct-24
17,card,21.06,Espresso,Night,Wed,Oct,3,10,23-10-2024,02:46.3,1973,2024,Oct-24
18,card,35.76,Cocoa,Night,Wed,Oct,3,10,23-10-2024,58:58.5,1974,2024,Oct-24
19,card,35.76,Cappuccino,Night,Wed,Oct,3,10,23-10-2024,00:43.0,1975,2024,Oct-24
21,card,30.86,Americano with Milk,Night,Wed,Oct,3,10,23-10-2024,57:20.7,1976,2024,Oct-24
21,card,35.76,Hot Chocolate,Night,Wed,Oct,3,10,23-10-2024,58:23.7,1977,2024,Oct-24
22,card,35.76,Latte,Night,Wed,Oct,3,10,23-10-2024,23:38.3,1978,2024,Oct-24
12,card,25.96,Americano,Afternoon,Thu,Oct,4,10,24-10-2024,07:46.6,1979,2024,Oct-24
13,card,35.76,Cappuccino,Afternoon,Thu,Oct,4,10,24-10-2024,23:59.6,1980,2024,Oct-24
14,card,35.76,Cappuccino,Afternoon,Thu,Oct,4,10,24-10-2024,09:46.7,1981,2024,Oct-24
14,card,35.76,Hot Chocolate,Afternoon,Thu,Oct,4,10,24-10-2024,49:01.9,1982,2024,Oct-24
14,card,35.76,Latte,Afternoon,Thu,Oct,4,10,24-10-2024,49:49.3,1983,2024,Oct-24
15,card,35.76,Latte,Afternoon,Thu,Oct,4,10,24-10-2024,47:32.8,1984,2024,Oct-24
15,card,35.76,Latte,Afternoon,Thu,Oct,4,10,24-10-2024,48:29.9,1985,2024,Oct-24
18,card,25.96,Americano,Night,Thu,Oct,4,10,24-10-2024,53:47.3,1986,2024,Oct-24
18,card,25.96,Americano,Night,Thu,Oct,4,10,24-10-2024,55:07.6,1987,2024,Oct-24
19,card,35.76,Latte,Night,Thu,Oct,4,10,24-10-2024,50:18.7,1988,2024,Oct-24
20,card,25.96,Americano,Night,Thu,Oct,4,10,24-10-2024,44:11.5,1989,2024,Oct-24
21,card,35.76,Hot Chocolate,Night,Thu,Oct,4,10,24-10-2024,14:44.9,1990,2024,Oct-24
21,card,35.76,Hot Chocolate,Night,Thu,Oct,4,10,24-10-2024,15:29.1,1991,2024,Oct-24
21,card,35.76,Hot Chocolate,Night,Thu,Oct,4,10,24-10-2024,56:20.1,1992,2024,Oct-24
21,card,35.76,Cappuccino,Night,Thu,Oct,4,10,24-10-2024,57:10.0,1993,2024,Oct-24
7,card,35.76,Cappuccino,Morning,Fri,Oct,5,10,25-10-2024,38:11.1,1994,2024,Oct-24
7,card,21.06,Espresso,Morning,Fri,Oct,5,10,25-10-2024,45:22.9,1995,2024,Oct-24
8,card,35.76,Cocoa,Morning,Fri,Oct,5,10,25-10-2024,10:04.8,1996,2024,Oct-24
8,card,35.76,Latte,Morning,Fri,Oct,5,10,25-10-2024,10:54.6,1997,2024,Oct-24
8,card,35.76,Cocoa,Morning,Fri,Oct,5,10,25-10-2024,18:49.8,1998,2024,Oct-24
10,card,25.96,Americano,Morning,Fri,Oct,5,10,25-10-2024,03:28.3,1999,2024,Oct-24
10,card,25.96,Americano,Morning,Fri,Oct,5,10,25-10-2024,05:21.0,2000,2024,Oct-24
10,card,30.86,Americano with Milk,Morning,Fri,Oct,5,10,25-10-2024,51:01.3,2001,2024,Oct-24
11,card,35.76,Cocoa,Morning,Fri,Oct,5,10,25-10-2024,49:42.9,2002,2024,Oct-24
11,card,35.76,Cocoa,Morning,Fri,Oct,5,10,25-10-2024,50:30.4,2003,2024,Oct-24
12,card,25.96,Cortado,Afternoon,Fri,Oct,5,10,25-10-2024,06:50.2,2004,2024,Oct-24
12,card,35.76,Latte,Afternoon,Fri,Oct,5,10,25-10-2024,40:37.5,2005,2024,Oct-24
14,card,35.76,Cappuccino,Afternoon,Fri,Oct,5,10,25-10-2024,23:16.6,2006,2024,Oct-24
22,card,35.76,Hot Chocolate,Night,Fri,Oct,5,10,25-10-2024,19:24.0,2007,2024,Oct-24
22,card,21.06,Espresso,Night,Fri,Oct,5,10,25-10-2024,22:31.7,2008,2024,Oct-24
7,card,35.76,Cappuccino,Morning,Sat,Oct,6,10,26-10-2024,49:59.2,2009,2024,Oct-24
8,card,25.96,Cortado,Morning,Sat,Oct,6,10,26-10-2024,41:44.5,2010,2024,Oct-24
8,card,35.76,Cappuccino,Morning,Sat,Oct,6,10,26-10-2024,52:59.6,2011,2024,Oct-24
10,card,25.96,Americano,Morning,Sat,Oct,6,10,26-10-2024,24:38.3,2012,2024,Oct-24
12,card,35.76,Cocoa,Afternoon,Sat,Oct,6,10,26-10-2024,18:09.3,2013,2024,Oct-24
13,card,35.76,Latte,Afternoon,Sat,Oct,6,10,26-10-2024,03:31.0,2014,2024,Oct-24
14,card,35.76,Latte,Afternoon,Sat,Oct,6,10,26-10-2024,34:58.7,2015,2024,Oct-24
14,card,30.86,Americano with Milk,Afternoon,Sat,Oct,6,10,26-10-2024,36:14.9,2016,2024,Oct-24
15,card,25.96,Cortado,Afternoon,Sat,Oct,6,10,26-10-2024,05:22.1,2017,2024,Oct-24
15,card,25.96,Cortado,Afternoon,Sat,Oct,6,10,26-10-2024,06:19.1,2018,2024,Oct-24
15,card,35.76,Latte,Afternoon,Sat,Oct,6,10,26-10-2024,38:28.7,2019,2024,Oct-24
15,card,35.76,Latte,Afternoon,Sat,Oct,6,10,26-10-2024,39:29.6,2020,2024,Oct-24
15,card,30.86,Americano with Milk,Afternoon,Sat,Oct,6,10,26-10-2024,52:01.7,2021,2024,Oct-24
15,card,30.86,Americano with Milk,Afternoon,Sat,Oct,6,10,26-10-2024,53:21.5,2022,2024,Oct-24
19,card,35.76,Cappuccino,Night,Sat,Oct,6,10,26-10-2024,19:21.3,2023,2024,Oct-24
20,card,30.86,Americano with Milk,Night,Sat,Oct,6,10,26-10-2024,34:46.7,2024,2024,Oct-24
11,card,30.86,Americano with Milk,Morning,Sun,Oct,7,10,27-10-2024,01:56.9,2025,2024,Oct-24
12,card,35.76,Latte,Afternoon,Sun,Oct,7,10,27-10-2024,53:26.0,2026,2024,Oct-24
12,card,30.86,Americano with Milk,Afternoon,Sun,Oct,7,10,27-10-2024,54:27.5,2027,2024,Oct-24
13,card,35.76,Cappuccino,Afternoon,Sun,Oct,7,10,27-10-2024,43:46.6,2028,2024,Oct-24
16,card,35.76,Latte,Afternoon,Sun,Oct,7,10,27-10-2024,17:06.2,2029,2024,Oct-24
7,card,35.76,Cappuccino,Morning,Mon,Oct,1,10,28-10-2024,46:28.2,2030,2024,Oct-24
8,card,25.96,Americano,Morning,Mon,Oct,1,10,28-10-2024,01:12.3,2031,2024,Oct-24
8,card,35.76,Latte,Morning,Mon,Oct,1,10,28-10-2024,35:02.9,2032,2024,Oct-24
9,card,30.86,Americano with Milk,Morning,Mon,Oct,1,10,28-10-2024,15:42.8,2033,2024,Oct-24
11,card,35.76,Latte,Morning,Mon,Oct,1,10,28-10-2024,42:36.5,2034,2024,Oct-24
11,card,35.76,Latte,Morning,Mon,Oct,1,10,28-10-2024,43:43.3,2035,2024,Oct-24
12,card,35.76,Hot Chocolate,Afternoon,Mon,Oct,1,10,28-10-2024,01:36.1,2036,2024,Oct-24
12,card,30.86,Americano with Milk,Afternoon,Mon,Oct,1,10,28-10-2024,02:34.8,2037,2024,Oct-24
12,card,35.76,Cappuccino,Afternoon,Mon,Oct,1,10,28-10-2024,21:30.4,2038,2024,Oct-24
14,card,30.86,Americano with Milk,Afternoon,Mon,Oct,1,10,28-10-2024,10:54.6,2039,2024,Oct-24
14,card,30.86,Americano with Milk,Afternoon,Mon,Oct,1,10,28-10-2024,11:56.3,2040,2024,Oct-24
14,card,30.86,Americano with Milk,Afternoon,Mon,Oct,1,10,28-10-2024,30:59.6,2041,2024,Oct-24
16,card,35.76,Latte,Afternoon,Mon,Oct,1,10,28-10-2024,01:20.5,2042,2024,Oct-24
17,card,35.76,Cocoa,Night,Mon,Oct,1,10,28-10-2024,55:18.1,2043,2024,Oct-24
17,card,35.76,Cocoa,Night,Mon,Oct,1,10,28-10-2024,56:02.4,2044,2024,Oct-24
19,card,35.76,Cappuccino,Night,Mon,Oct,1,10,28-10-2024,10:25.3,2045,2024,Oct-24
21,card,30.86,Americano with Milk,Night,Mon,Oct,1,10,28-10-2024,20:03.6,2046,2024,Oct-24
22,card,30.86,Americano with Milk,Night,Mon,Oct,1,10,28-10-2024,05:50.8,2047,2024,Oct-24
8,card,35.76,Latte,Morning,Tue,Oct,2,10,29-10-2024,40:52.4,2048,2024,Oct-24
8,card,35.76,Latte,Morning,Tue,Oct,2,10,29-10-2024,47:05.6,2049,2024,Oct-24
9,card,35.76,Latte,Morning,Tue,Oct,2,10,29-10-2024,31:57.7,2050,2024,Oct-24
11,card,30.86,Americano with Milk,Morning,Tue,Oct,2,10,29-10-2024,59:46.7,2051,2024,Oct-24
12,card,21.06,Espresso,Afternoon,Tue,Oct,2,10,29-10-2024,21:36.8,2052,2024,Oct-24
14,card,25.96,Cortado,Afternoon,Tue,Oct,2,10,29-10-2024,15:43.8,2053,2024,Oct-24
14,card,25.96,Cortado,Afternoon,Tue,Oct,2,10,29-10-2024,17:00.7,2054,2024,Oct-24
14,card,35.76,Cappuccino,Afternoon,Tue,Oct,2,10,29-10-2024,37:36.0,2055,2024,Oct-24
16,card,35.76,Hot Chocolate,Afternoon,Tue,Oct,2,10,29-10-2024,09:33.7,2056,2024,Oct-24
16,card,35.76,Cocoa,Afternoon,Tue,Oct,2,10,29-10-2024,10:56.8,2057,2024,Oct-24
16,card,35.76,Cocoa,Afternoon,Tue,Oct,2,10,29-10-2024,17:33.4,2058,2024,Oct-24
18,card,30.86,Americano with Milk,Night,Tue,Oct,2,10,29-10-2024,02:04.4,2059,2024,Oct-24
18,card,30.86,Americano with Milk,Night,Tue,Oct,2,10,29-10-2024,02:57.4,2060,2024,Oct-24
19,card,30.86,Americano with Milk,Night,Tue,Oct,2,10,29-10-2024,02:05.4,2061,2024,Oct-24
19,card,35.76,Cappuccino,Night,Tue,Oct,2,10,29-10-2024,05:44.4,2062,2024,Oct-24
19,card,35.76,Hot Chocolate,Night,Tue,Oct,2,10,29-10-2024,51:12.9,2063,2024,Oct-24
19,card,35.76,Latte,Night,Tue,Oct,2,10,29-10-2024,54:02.4,2064,2024,Oct-24
20,card,35.76,Latte,Night,Tue,Oct,2,10,29-10-2024,07:35.7,2065,2024,Oct-24
7,card,35.76,Latte,Morning,Wed,Oct,3,10,30-10-2024,52:05.5,2066,2024,Oct-24
8,card,30.86,Americano with Milk,Morning,Wed,Oct,3,10,30-10-2024,46:26.8,2067,2024,Oct-24
8,card,30.86,Americano with Milk,Morning,Wed,Oct,3,10,30-10-2024,47:29.3,2068,2024,Oct-24
9,card,35.76,Latte,Morning,Wed,Oct,3,10,30-10-2024,11:29.4,2069,2024,Oct-24
10,card,35.76,Latte,Morning,Wed,Oct,3,10,30-10-2024,31:53.2,2070,2024,Oct-24
10,card,35.76,Latte,Morning,Wed,Oct,3,10,30-10-2024,33:07.7,2071,2024,Oct-24
12,card,35.76,Latte,Afternoon,Wed,Oct,3,10,30-10-2024,08:45.9,2072,2024,Oct-24
12,card,25.96,Americano,Afternoon,Wed,Oct,3,10,30-10-2024,09:46.8,2073,2024,Oct-24
12,card,30.86,Americano with Milk,Afternoon,Wed,Oct,3,10,30-10-2024,10:58.4,2074,2024,Oct-24
12,card,25.96,Americano,Afternoon,Wed,Oct,3,10,30-10-2024,37:00.8,2075,2024,Oct-24
15,card,35.76,Latte,Afternoon,Wed,Oct,3,10,30-10-2024,05:15.2,2076,2024,Oct-24
15,card,35.76,Latte,Afternoon,Wed,Oct,3,10,30-10-2024,07:03.0,2077,2024,Oct-24
16,card,30.86,Americano with Milk,Afternoon,Wed,Oct,3,10,30-10-2024,04:48.4,2078,2024,Oct-24
18,card,35.76,Hot Chocolate,Night,Wed,Oct,3,10,30-10-2024,08:12.5,2079,2024,Oct-24
19,card,30.86,Americano with Milk,Night,Wed,Oct,3,10,30-10-2024,18:31.5,2080,2024,Oct-24
19,card,30.86,Americano with Milk,Night,Wed,Oct,3,10,30-10-2024,43:21.2,2081,2024,Oct-24
7,card,35.76,Latte,Morning,Thu,Oct,4,10,31-10-2024,54:17.3,2082,2024,Oct-24
8,card,35.76,Latte,Morning,Thu,Oct,4,10,31-10-2024,38:53.9,2083,2024,Oct-24
9,card,30.86,Americano with Milk,Morning,Thu,Oct,4,10,31-10-2024,18:19.1,2084,2024,Oct-24
15,card,35.76,Latte,Afternoon,Thu,Oct,4,10,31-10-2024,59:26.7,2085,2024,Oct-24
16,card,30.86,Americano with Milk,Afternoon,Thu,Oct,4,10,31-10-2024,00:31.0,2086,2024,Oct-24
8,card,35.76,Cocoa,Morning,Fri,Nov,5,11,01-11-2024,24:03.4,2087,2024,Nov-24
8,card,25.96,Americano,Morning,Fri,Nov,5,11,01-11-2024,30:57.6,2088,2024,Nov-24
10,card,35.76,Latte,Morning,Fri,Nov,5,11,01-11-2024,54:50.4,2089,2024,Nov-24
12,card,35.76,Cocoa,Afternoon,Fri,Nov,5,11,01-11-2024,41:26.5,2090,2024,Nov-24
12,card,35.76,Cocoa,Afternoon,Fri,Nov,5,11,01-11-2024,42:18.4,2091,2024,Nov-24
15,card,25.96,Cortado,Afternoon,Fri,Nov,5,11,01-11-2024,55:42.4,2092,2024,Nov-24
22,card,30.86,Americano with Milk,Night,Fri,Nov,5,11,01-11-2024,41:55.9,2093,2024,Nov-24
8,card,25.96,Cortado,Morning,Sat,Nov,6,11,02-11-2024,19:44.3,2094,2024,Nov-24
10,card,35.76,Cocoa,Morning,Sat,Nov,6,11,02-11-2024,25:46.0,2095,2024,Nov-24
10,card,30.86,Americano with Milk,Morning,Sat,Nov,6,11,02-11-2024,33:09.6,2096,2024,Nov-24
14,card,30.86,Americano with Milk,Afternoon,Sat,Nov,6,11,02-11-2024,54:14.6,2097,2024,Nov-24
16,card,35.76,Hot Chocolate,Afternoon,Sat,Nov,6,11,02-11-2024,24:15.9,2098,2024,Nov-24
16,card,35.76,Latte,Afternoon,Sat,Nov,6,11,02-11-2024,25:57.0,2099,2024,Nov-24
16,card,35.76,Latte,Afternoon,Sat,Nov,6,11,02-11-2024,37:05.0,2100,2024,Nov-24
18,card,30.86,Americano with Milk,Night,Sat,Nov,6,11,02-11-2024,18:27.2,2101,2024,Nov-24
18,card,25.96,Americano,Night,Sat,Nov,6,11,02-11-2024,58:23.5,2102,2024,Nov-24
8,card,25.96,Cortado,Morning,Sun,Nov,7,11,03-11-2024,23:00.4,2103,2024,Nov-24
9,card,30.86,Americano with Milk,Morning,Sun,Nov,7,11,03-11-2024,47:06.0,2104,2024,Nov-24
9,card,30.86,Americano with Milk,Morning,Sun,Nov,7,11,03-11-2024,48:12.0,2105,2024,Nov-24
13,card,35.76,Latte,Afternoon,Sun,Nov,7,11,03-11-2024,13:51.4,2106,2024,Nov-24
13,card,30.86,Americano with Milk,Afternoon,Sun,Nov,7,11,03-11-2024,14:56.7,2107,2024,Nov-24
13,card,35.76,Cocoa,Afternoon,Sun,Nov,7,11,03-11-2024,18:24.7,2108,2024,Nov-24
13,card,25.96,Americano,Afternoon,Sun,Nov,7,11,03-11-2024,44:18.5,2109,2024,Nov-24
13,card,30.86,Americano with Milk,Afternoon,Sun,Nov,7,11,03-11-2024,59:01.1,2110,2024,Nov-24
16,card,35.76,Hot Chocolate,Afternoon,Sun,Nov,7,11,03-11-2024,15:17.7,2111,2024,Nov-24
16,card,35.76,Hot Chocolate,Afternoon,Sun,Nov,7,11,03-11-2024,16:43.5,2112,2024,Nov-24
16,card,25.96,Americano,Afternoon,Sun,Nov,7,11,03-11-2024,20:37.1,2113,2024,Nov-24
16,card,25.96,Americano,Afternoon,Sun,Nov,7,11,03-11-2024,21:46.1,2114,2024,Nov-24
20,card,35.76,Cocoa,Night,Sun,Nov,7,11,03-11-2024,26:14.6,2115,2024,Nov-24
7,card,35.76,Latte,Morning,Mon,Nov,1,11,04-11-2024,43:36.9,2116,2024,Nov-24
8,card,35.76,Latte,Morning,Mon,Nov,1,11,04-11-2024,37:33.3,2117,2024,Nov-24
8,card,30.86,Americano with Milk,Morning,Mon,Nov,1,11,04-11-2024,38:58.9,2118,2024,Nov-24
12,card,25.96,Americano,Afternoon,Mon,Nov,1,11,04-11-2024,33:35.8,2119,2024,Nov-24
12,card,30.86,Americano with Milk,Afternoon,Mon,Nov,1,11,04-11-2024,35:06.1,2120,2024,Nov-24
14,card,35.76,Cocoa,Afternoon,Mon,Nov,1,11,04-11-2024,44:38.1,2121,2024,Nov-24
14,card,35.76,Cocoa,Afternoon,Mon,Nov,1,11,04-11-2024,45:20.0,2122,2024,Nov-24
7,card,35.76,Cocoa,Morning,Tue,Nov,2,11,05-11-2024,49:31.6,2123,2024,Nov-24
9,card,30.86,Americano with Milk,Morning,Tue,Nov,2,11,05-11-2024,05:41.8,2124,2024,Nov-24
9,card,35.76,Cappuccino,Morning,Tue,Nov,2,11,05-11-2024,12:12.3,2125,2024,Nov-24
9,card,30.86,Americano with Milk,Morning,Tue,Nov,2,11,05-11-2024,13:40.4,2126,2024,Nov-24
10,card,30.86,Americano with Milk,Morning,Tue,Nov,2,11,05-11-2024,41:44.3,2127,2024,Nov-24
11,card,35.76,Cocoa,Morning,Tue,Nov,2,11,05-11-2024,47:29.9,2128,2024,Nov-24
11,card,35.76,Latte,Morning,Tue,Nov,2,11,05-11-2024,48:22.5,2129,2024,Nov-24
14,card,35.76,Latte,Afternoon,Tue,Nov,2,11,05-11-2024,36:37.9,2130,2024,Nov-24
14,card,35.76,Latte,Afternoon,Tue,Nov,2,11,05-11-2024,41:48.0,2131,2024,Nov-24
18,card,35.76,Cappuccino,Night,Tue,Nov,2,11,05-11-2024,52:56.3,2132,2024,Nov-24
18,card,35.76,Cappuccino,Night,Tue,Nov,2,11,05-11-2024,54:10.7,2133,2024,Nov-24
18,card,35.76,Cappuccino,Night,Tue,Nov,2,11,05-11-2024,55:18.6,2134,2024,Nov-24
21,card,35.76,Cocoa,Night,Tue,Nov,2,11,05-11-2024,40:44.7,2135,2024,Nov-24
21,card,35.76,Cocoa,Night,Tue,Nov,2,11,05-11-2024,42:02.8,2136,2024,Nov-24
21,card,35.76,Hot Chocolate,Night,Tue,Nov,2,11,05-11-2024,54:19.6,2137,2024,Nov-24
22,card,35.76,Hot Chocolate,Night,Tue,Nov,2,11,05-11-2024,05:50.6,2138,2024,Nov-24
22,card,30.86,Americano with Milk,Night,Tue,Nov,2,11,05-11-2024,06:39.0,2139,2024,Nov-24
8,card,35.76,Latte,Morning,Wed,Nov,3,11,06-11-2024,11:25.1,2140,2024,Nov-24
11,card,21.06,Espresso,Morning,Wed,Nov,3,11,06-11-2024,45:31.2,2141,2024,Nov-24
13,card,25.96,Americano,Afternoon,Wed,Nov,3,11,06-11-2024,15:32.9,2142,2024,Nov-24
15,card,35.76,Cappuccino,Afternoon,Wed,Nov,3,11,06-11-2024,44:16.5,2143,2024,Nov-24
16,card,35.76,Latte,Afternoon,Wed,Nov,3,11,06-11-2024,00:43.8,2144,2024,Nov-24
16,card,35.76,Cappuccino,Afternoon,Wed,Nov,3,11,06-11-2024,02:05.1,2145,2024,Nov-24
18,card,35.76,Hot Chocolate,Night,Wed,Nov,3,11,06-11-2024,40:42.9,2146,2024,Nov-24
18,card,35.76,Hot Chocolate,Night,Wed,Nov,3,11,06-11-2024,41:30.7,2147,2024,Nov-24
12,card,35.76,Latte,Afternoon,Thu,Nov,4,11,07-11-2024,17:16.0,2148,2024,Nov-24
15,card,25.96,Americano,Afternoon,Thu,Nov,4,11,07-11-2024,50:10.6,2149,2024,Nov-24
16,card,25.96,Americano,Afternoon,Thu,Nov,4,11,07-11-2024,39:39.4,2150,2024,Nov-24
18,card,35.76,Cocoa,Night,Thu,Nov,4,11,07-11-2024,17:33.7,2151,2024,Nov-24
19,card,35.76,Hot Chocolate,Night,Thu,Nov,4,11,07-11-2024,20:14.8,2152,2024,Nov-24
19,card,35.76,Latte,Night,Thu,Nov,4,11,07-11-2024,21:38.0,2153,2024,Nov-24
20,card,35.76,Latte,Night,Thu,Nov,4,11,07-11-2024,02:30.7,2154,2024,Nov-24
9,card,30.86,Americano with Milk,Morning,Fri,Nov,5,11,08-11-2024,05:42.1,2155,2024,Nov-24
9,card,25.96,Americano,Morning,Fri,Nov,5,11,08-11-2024,47:30.9,2156,2024,Nov-24
9,card,25.96,Americano,Morning,Fri,Nov,5,11,08-11-2024,48:59.7,2157,2024,Nov-24
11,card,35.76,Cappuccino,Morning,Fri,Nov,5,11,08-11-2024,47:11.4,2158,2024,Nov-24
13,card,35.76,Latte,Afternoon,Fri,Nov,5,11,08-11-2024,25:13.4,2159,2024,Nov-24
13,card,35.76,Latte,Afternoon,Fri,Nov,5,11,08-11-2024,26:17.6,2160,2024,Nov-24
16,card,30.86,Americano with Milk,Afternoon,Fri,Nov,5,11,08-11-2024,33:02.9,2161,2024,Nov-24
16,card,30.86,Americano with Milk,Afternoon,Fri,Nov,5,11,08-11-2024,55:28.0,2162,2024,Nov-24
20,card,35.76,Hot Chocolate,Night,Fri,Nov,5,11,08-11-2024,13:32.2,2163,2024,Nov-24
20,card,35.76,Hot Chocolate,Night,Fri,Nov,5,11,08-11-2024,14:24.3,2164,2024,Nov-24
20,card,35.76,Hot Chocolate,Night,Fri,Nov,5,11,08-11-2024,20:15:20,2165,2024,Nov-24
22,card,35.76,Latte,Night,Fri,Nov,5,11,08-11-2024,27:09.7,2166,2024,Nov-24
10,card,30.86,Americano with Milk,Morning,Sat,Nov,6,11,09-11-2024,08:18.8,2167,2024,Nov-24
11,card,25.96,Cortado,Morning,Sat,Nov,6,11,09-11-2024,02:08.0,2168,2024,Nov-24
11,card,25.96,Cortado,Morning,Sat,Nov,6,11,09-11-2024,03:00.6,2169,2024,Nov-24
11,card,35.76,Latte,Morning,Sat,Nov,6,11,09-11-2024,08:44.2,2170,2024,Nov-24
13,card,35.76,Hot Chocolate,Afternoon,Sat,Nov,6,11,09-11-2024,50:14.7,2171,2024,Nov-24
13,card,35.76,Hot Chocolate,Afternoon,Sat,Nov,6,11,09-11-2024,50:55.2,2172,2024,Nov-24
14,card,35.76,Hot Chocolate,Afternoon,Sat,Nov,6,11,09-11-2024,21:51.6,2173,2024,Nov-24
14,card,35.76,Hot Chocolate,Afternoon,Sat,Nov,6,11,09-11-2024,22:50.4,2174,2024,Nov-24
14,card,25.96,Americano,Afternoon,Sat,Nov,6,11,09-11-2024,37:33.2,2175,2024,Nov-24
15,card,30.86,Americano with Milk,Afternoon,Sat,Nov,6,11,09-11-2024,29:50.9,2176,2024,Nov-24
16,card,35.76,Latte,Afternoon,Sat,Nov,6,11,09-11-2024,15:47.8,2177,2024,Nov-24
16,card,35.76,Cocoa,Afternoon,Sat,Nov,6,11,09-11-2024,16:52.4,2178,2024,Nov-24
20,card,25.96,Americano,Night,Sat,Nov,6,11,09-11-2024,42:04.5,2179,2024,Nov-24
20,card,35.76,Latte,Night,Sat,Nov,6,11,09-11-2024,43:27.5,2180,2024,Nov-24
22,card,35.76,Cocoa,Night,Sat,Nov,6,11,09-11-2024,13:27.7,2181,2024,Nov-24
22,card,25.96,Americano,Night,Sat,Nov,6,11,09-11-2024,52:58.1,2182,2024,Nov-24
22,card,25.96,Americano,Night,Sat,Nov,6,11,09-11-2024,54:19.1,2183,2024,Nov-24
9,card,25.96,Americano,Morning,Sun,Nov,7,11,10-11-2024,46:21.8,2184,2024,Nov-24
17,card,35.76,Cocoa,Night,Sun,Nov,7,11,10-11-2024,52:47.9,2185,2024,Nov-24
18,card,35.76,Hot Chocolate,Night,Sun,Nov,7,11,10-11-2024,12:53.4,2186,2024,Nov-24
18,card,35.76,Hot Chocolate,Night,Sun,Nov,7,11,10-11-2024,14:03.6,2187,2024,Nov-24
20,card,35.76,Cappuccino,Night,Sun,Nov,7,11,10-11-2024,38:08.1,2188,2024,Nov-24
20,card,35.76,Cappuccino,Night,Sun,Nov,7,11,10-11-2024,39:06.8,2189,2024,Nov-24
7,card,35.76,Cappuccino,Morning,Mon,Nov,1,11,11-11-2024,48:26.8,2190,2024,Nov-24
9,card,30.86,Americano with Milk,Morning,Mon,Nov,1,11,11-11-2024,52:25.8,2191,2024,Nov-24
10,card,25.96,Cortado,Morning,Mon,Nov,1,11,11-11-2024,19:09.5,2192,2024,Nov-24
16,card,35.76,Cappuccino,Afternoon,Mon,Nov,1,11,11-11-2024,16:18:44,2193,2024,Nov-24
16,card,35.76,Hot Chocolate,Afternoon,Mon,Nov,1,11,11-11-2024,19:52.7,2194,2024,Nov-24
17,card,35.76,Cappuccino,Night,Mon,Nov,1,11,11-11-2024,33:32.1,2195,2024,Nov-24
19,card,35.76,Latte,Night,Mon,Nov,1,11,11-11-2024,00:46.9,2196,2024,Nov-24
19,card,35.76,Hot Chocolate,Night,Mon,Nov,1,11,11-11-2024,04:15.5,2197,2024,Nov-24
21,card,35.76,Latte,Night,Mon,Nov,1,11,11-11-2024,08:31.7,2198,2024,Nov-24
21,card,35.76,Latte,Night,Mon,Nov,1,11,11-11-2024,09:47.0,2199,2024,Nov-24
10,card,35.76,Latte,Morning,Tue,Nov,2,11,12-11-2024,03:08.6,2200,2024,Nov-24
13,card,35.76,Latte,Afternoon,Tue,Nov,2,11,12-11-2024,15:45.4,2201,2024,Nov-24
14,card,35.76,Latte,Afternoon,Tue,Nov,2,11,12-11-2024,39:14.9,2202,2024,Nov-24
16,card,35.76,Hot Chocolate,Afternoon,Tue,Nov,2,11,12-11-2024,47:14.4,2203,2024,Nov-24
16,card,35.76,Hot Chocolate,Afternoon,Tue,Nov,2,11,12-11-2024,48:04.9,2204,2024,Nov-24
16,card,35.76,Cocoa,Afternoon,Tue,Nov,2,11,12-11-2024,49:03.9,2205,2024,Nov-24
18,card,35.76,Cappuccino,Night,Tue,Nov,2,11,12-11-2024,45:14.3,2206,2024,Nov-24
20,card,35.76,Latte,Night,Tue,Nov,2,11,12-11-2024,07:57.8,2207,2024,Nov-24
20,card,35.76,Cocoa,Night,Tue,Nov,2,11,12-11-2024,09:21.8,2208,2024,Nov-24
8,card,30.86,Americano with Milk,Morning,Wed,Nov,3,11,13-11-2024,09:10.9,2209,2024,Nov-24
10,card,35.76,Latte,Morning,Wed,Nov,3,11,13-11-2024,37:43.3,2210,2024,Nov-24
13,card,30.86,Americano with Milk,Afternoon,Wed,Nov,3,11,13-11-2024,19:54.6,2211,2024,Nov-24
13,card,30.86,Americano with Milk,Afternoon,Wed,Nov,3,11,13-11-2024,20:58.5,2212,2024,Nov-24
14,card,30.86,Americano with Milk,Afternoon,Wed,Nov,3,11,13-11-2024,17:30.2,2213,2024,Nov-24
14,card,35.76,Latte,Afternoon,Wed,Nov,3,11,13-11-2024,46:58.4,2214,2024,Nov-24
9,card,35.76,Latte,Morning,Thu,Nov,4,11,14-11-2024,36:27.8,2215,2024,Nov-24
10,card,25.96,Americano,Morning,Thu,Nov,4,11,14-11-2024,06:42.7,2216,2024,Nov-24
12,card,21.06,Espresso,Afternoon,Thu,Nov,4,11,14-11-2024,48:50.5,2217,2024,Nov-24
15,card,35.76,Cappuccino,Afternoon,Thu,Nov,4,11,14-11-2024,03:45.4,2218,2024,Nov-24
15,card,35.76,Latte,Afternoon,Thu,Nov,4,11,14-11-2024,04:56.7,2219,2024,Nov-24
15,card,35.76,Cappuccino,Afternoon,Thu,Nov,4,11,14-11-2024,05:49.8,2220,2024,Nov-24
16,card,30.86,Americano with Milk,Afternoon,Thu,Nov,4,11,14-11-2024,13:08.3,2221,2024,Nov-24
16,card,35.76,Cappuccino,Afternoon,Thu,Nov,4,11,14-11-2024,14:21.6,2222,2024,Nov-24
19,card,35.76,Hot Chocolate,Night,Thu,Nov,4,11,14-11-2024,43:26.5,2223,2024,Nov-24
19,card,35.76,Hot Chocolate,Night,Thu,Nov,4,11,14-11-2024,46:37.1,2224,2024,Nov-24
20,card,35.76,Cocoa,Night,Thu,Nov,4,11,14-11-2024,31:30.0,2225,2024,Nov-24
20,card,35.76,Hot Chocolate,Night,Thu,Nov,4,11,14-11-2024,32:30.6,2226,2024,Nov-24
21,card,35.76,Latte,Night,Thu,Nov,4,11,14-11-2024,24:31.6,2227,2024,Nov-24
22,card,35.76,Latte,Night,Thu,Nov,4,11,14-11-2024,40:42.3,2228,2024,Nov-24
8,card,30.86,Americano with Milk,Morning,Fri,Nov,5,11,15-11-2024,45:51.1,2229,2024,Nov-24
11,card,30.86,Americano with Milk,Morning,Fri,Nov,5,11,15-11-2024,05:53.0,2230,2024,Nov-24
12,card,35.76,Cocoa,Afternoon,Fri,Nov,5,11,15-11-2024,09:00.5,2231,2024,Nov-24
12,card,35.76,Cocoa,Afternoon,Fri,Nov,5,11,15-11-2024,14:18.6,2232,2024,Nov-24
13,card,35.76,Latte,Afternoon,Fri,Nov,5,11,15-11-2024,57:33.9,2233,2024,Nov-24
15,card,25.96,Americano,Afternoon,Fri,Nov,5,11,15-11-2024,19:50.6,2234,2024,Nov-24
17,card,30.86,Americano with Milk,Night,Fri,Nov,5,11,15-11-2024,35:41.1,2235,2024,Nov-24
17,card,35.76,Latte,Night,Fri,Nov,5,11,15-11-2024,55:01.5,2236,2024,Nov-24
18,card,35.76,Hot Chocolate,Night,Fri,Nov,5,11,15-11-2024,12:44.9,2237,2024,Nov-24
18,card,30.86,Americano with Milk,Night,Fri,Nov,5,11,15-11-2024,42:21.9,2238,2024,Nov-24
18,card,30.86,Americano with Milk,Night,Fri,Nov,5,11,15-11-2024,43:21.2,2239,2024,Nov-24
10,card,25.96,Cortado,Morning,Sat,Nov,6,11,16-11-2024,21:34.9,2240,2024,Nov-24
10,card,25.96,Cortado,Morning,Sat,Nov,6,11,16-11-2024,45:51.4,2241,2024,Nov-24
11,card,35.76,Hot Chocolate,Morning,Sat,Nov,6,11,16-11-2024,02:00.7,2242,2024,Nov-24
11,card,35.76,Latte,Morning,Sat,Nov,6,11,16-11-2024,03:06.6,2243,2024,Nov-24
11,card,25.96,Americano,Morning,Sat,Nov,6,11,16-11-2024,39:25.0,2244,2024,Nov-24
12,card,35.76,Cappuccino,Afternoon,Sat,Nov,6,11,16-11-2024,30:15.0,2245,2024,Nov-24
12,card,30.86,Americano with Milk,Afternoon,Sat,Nov,6,11,16-11-2024,31:50.6,2246,2024,Nov-24
12,card,35.76,Latte,Afternoon,Sat,Nov,6,11,16-11-2024,48:35.8,2247,2024,Nov-24
12,card,35.76,Latte,Afternoon,Sat,Nov,6,11,16-11-2024,49:35.1,2248,2024,Nov-24
13,card,30.86,Americano with Milk,Afternoon,Sat,Nov,6,11,16-11-2024,16:55.5,2249,2024,Nov-24
13,card,35.76,Latte,Afternoon,Sat,Nov,6,11,16-11-2024,18:00.5,2250,2024,Nov-24
13,card,35.76,Latte,Afternoon,Sat,Nov,6,11,16-11-2024,19:09.0,2251,2024,Nov-24
14,card,30.86,Americano with Milk,Afternoon,Sat,Nov,6,11,16-11-2024,25:47.4,2252,2024,Nov-24
10,card,30.86,Americano with Milk,Morning,Sun,Nov,7,11,17-11-2024,29:37.0,2253,2024,Nov-24
13,card,30.86,Americano with Milk,Afternoon,Sun,Nov,7,11,17-11-2024,35:19.7,2254,2024,Nov-24
14,card,25.96,Americano,Afternoon,Sun,Nov,7,11,17-11-2024,18:41.8,2255,2024,Nov-24
14,card,30.86,Americano with Milk,Afternoon,Sun,Nov,7,11,17-11-2024,33:40.2,2256,2024,Nov-24
16,card,35.76,Latte,Afternoon,Sun,Nov,7,11,17-11-2024,27:26.2,2257,2024,Nov-24
16,card,35.76,Latte,Afternoon,Sun,Nov,7,11,17-11-2024,28:35.8,2258,2024,Nov-24
18,card,35.76,Hot Chocolate,Night,Sun,Nov,7,11,17-11-2024,10:06.6,2259,2024,Nov-24
19,card,35.76,Hot Chocolate,Night,Sun,Nov,7,11,17-11-2024,17:34.3,2260,2024,Nov-24
19,card,35.76,Hot Chocolate,Night,Sun,Nov,7,11,17-11-2024,18:27.5,2261,2024,Nov-24
7,card,30.86,Americano with Milk,Morning,Mon,Nov,1,11,18-11-2024,52:19.6,2262,2024,Nov-24
7,card,30.86,Americano with Milk,Morning,Mon,Nov,1,11,18-11-2024,53:16.4,2263,2024,Nov-24
7,card,35.76,Latte,Morning,Mon,Nov,1,11,18-11-2024,57:22.2,2264,2024,Nov-24
16,card,35.76,Latte,Afternoon,Mon,Nov,1,11,18-11-2024,44:49.1,2265,2024,Nov-24
16,card,35.76,Latte,Afternoon,Mon,Nov,1,11,18-11-2024,46:52.9,2266,2024,Nov-24
18,card,35.76,Latte,Night,Mon,Nov,1,11,18-11-2024,50:54.1,2267,2024,Nov-24
7,card,35.76,Cocoa,Morning,Tue,Nov,2,11,19-11-2024,49:00.6,2268,2024,Nov-24
7,card,30.86,Americano with Milk,Morning,Tue,Nov,2,11,19-11-2024,51:13.7,2269,2024,Nov-24
7,card,35.76,Latte,Morning,Tue,Nov,2,11,19-11-2024,52:13.4,2270,2024,Nov-24
7,card,21.06,Espresso,Morning,Tue,Nov,2,11,19-11-2024,53:38.4,2271,2024,Nov-24
7,card,35.76,Latte,Morning,Tue,Nov,2,11,19-11-2024,54:46.9,2272,2024,Nov-24
10,card,30.86,Americano with Milk,Morning,Tue,Nov,2,11,19-11-2024,29:23.4,2273,2024,Nov-24
11,card,35.76,Latte,Morning,Tue,Nov,2,11,19-11-2024,07:09.0,2274,2024,Nov-24
16,card,35.76,Cocoa,Afternoon,Tue,Nov,2,11,19-11-2024,22:40.5,2275,2024,Nov-24
16,card,35.76,Cocoa,Afternoon,Tue,Nov,2,11,19-11-2024,23:59.4,2276,2024,Nov-24
16,card,35.76,Cappuccino,Afternoon,Tue,Nov,2,11,19-11-2024,41:03.7,2277,2024,Nov-24
16,card,35.76,Cappuccino,Afternoon,Tue,Nov,2,11,19-11-2024,47:41.2,2278,2024,Nov-24
13,card,30.86,Americano with Milk,Afternoon,Wed,Nov,3,11,20-11-2024,29:38.7,2279,2024,Nov-24
16,card,35.76,Latte,Afternoon,Wed,Nov,3,11,20-11-2024,34:50.1,2280,2024,Nov-24
17,card,35.76,Cappuccino,Night,Wed,Nov,3,11,20-11-2024,49:51.7,2281,2024,Nov-24
17,card,35.76,Hot Chocolate,Night,Wed,Nov,3,11,20-11-2024,50:49.8,2282,2024,Nov-24
11,card,25.96,Cortado,Morning,Thu,Nov,4,11,21-11-2024,06:11.0,2283,2024,Nov-24
12,card,35.76,Latte,Afternoon,Thu,Nov,4,11,21-11-2024,33:36.1,2284,2024,Nov-24
12,card,35.76,Cocoa,Afternoon,Thu,Nov,4,11,21-11-2024,59:45.3,2285,2024,Nov-24
13,card,35.76,Cocoa,Afternoon,Thu,Nov,4,11,21-11-2024,00:47.4,2286,2024,Nov-24
16,card,35.76,Latte,Afternoon,Thu,Nov,4,11,21-11-2024,14:13.6,2287,2024,Nov-24
17,card,30.86,Americano with Milk,Night,Thu,Nov,4,11,21-11-2024,35:27.4,2288,2024,Nov-24
17,card,25.96,Cortado,Night,Thu,Nov,4,11,21-11-2024,39:23.0,2289,2024,Nov-24
19,card,35.76,Hot Chocolate,Night,Thu,Nov,4,11,21-11-2024,01:02.9,2290,2024,Nov-24
7,card,35.76,Latte,Morning,Fri,Nov,5,11,22-11-2024,50:36.3,2291,2024,Nov-24
10,card,35.76,Cappuccino,Morning,Fri,Nov,5,11,22-11-2024,03:42.5,2292,2024,Nov-24
11,card,35.76,Latte,Morning,Fri,Nov,5,11,22-11-2024,02:32.4,2293,2024,Nov-24
11,card,35.76,Cocoa,Morning,Fri,Nov,5,11,22-11-2024,24:26.4,2294,2024,Nov-24
16,card,35.76,Hot Chocolate,Afternoon,Fri,Nov,5,11,22-11-2024,33:05.3,2295,2024,Nov-24
16,card,35.76,Latte,Afternoon,Fri,Nov,5,11,22-11-2024,33:49.9,2296,2024,Nov-24
9,card,25.96,Cortado,Morning,Sat,Nov,6,11,23-11-2024,10:46.3,2297,2024,Nov-24
9,card,25.96,Cortado,Morning,Sat,Nov,6,11,23-11-2024,11:49.0,2298,2024,Nov-24
10,card,35.76,Latte,Morning,Sat,Nov,6,11,23-11-2024,05:15.8,2299,2024,Nov-24
11,card,35.76,Cappuccino,Morning,Sat,Nov,6,11,23-11-2024,02:59.6,2300,2024,Nov-24
11,card,25.96,Americano,Morning,Sat,Nov,6,11,23-11-2024,09:28.0,2301,2024,Nov-24
11,card,25.96,Americano,Morning,Sat,Nov,6,11,23-11-2024,10:25.8,2302,2024,Nov-24
11,card,35.76,Hot Chocolate,Morning,Sat,Nov,6,11,23-11-2024,41:27.5,2303,2024,Nov-24
22,card,35.76,Latte,Night,Sat,Nov,6,11,23-11-2024,37:04.2,2304,2024,Nov-24
8,card,35.76,Latte,Morning,Sun,Nov,7,11,24-11-2024,17:07.5,2305,2024,Nov-24
7,card,35.76,Cappuccino,Morning,Mon,Nov,1,11,25-11-2024,49:18.0,2306,2024,Nov-24
7,card,35.76,Latte,Morning,Mon,Nov,1,11,25-11-2024,54:23.5,2307,2024,Nov-24
9,card,30.86,Americano with Milk,Morning,Mon,Nov,1,11,25-11-2024,12:21.0,2308,2024,Nov-24
10,card,25.96,Cortado,Morning,Mon,Nov,1,11,25-11-2024,38:08.0,2309,2024,Nov-24
12,card,35.76,Latte,Afternoon,Mon,Nov,1,11,25-11-2024,50:58.2,2310,2024,Nov-24
12,card,35.76,Latte,Afternoon,Mon,Nov,1,11,25-11-2024,52:41.1,2311,2024,Nov-24
16,card,35.76,Hot Chocolate,Afternoon,Mon,Nov,1,11,25-11-2024,30:56.5,2312,2024,Nov-24
19,card,30.86,Americano with Milk,Night,Mon,Nov,1,11,25-11-2024,01:59.1,2313,2024,Nov-24
19,card,35.76,Hot Chocolate,Night,Mon,Nov,1,11,25-11-2024,37:58.5,2314,2024,Nov-24
21,card,35.76,Hot Chocolate,Night,Mon,Nov,1,11,25-11-2024,42:15.2,2315,2024,Nov-24
21,card,35.76,Cappuccino,Night,Mon,Nov,1,11,25-11-2024,43:00.5,2316,2024,Nov-24
7,card,35.76,Latte,Morning,Tue,Nov,2,11,26-11-2024,54:37.9,2317,2024,Nov-24
11,card,35.76,Cocoa,Morning,Tue,Nov,2,11,26-11-2024,02:56.3,2318,2024,Nov-24
11,card,25.96,Americano,Morning,Tue,Nov,2,11,26-11-2024,03:47.3,2319,2024,Nov-24
11,card,35.76,Cocoa,Morning,Tue,Nov,2,11,26-11-2024,06:09.1,2320,2024,Nov-24
11,card,35.76,Cocoa,Morning,Tue,Nov,2,11,26-11-2024,07:10.0,2321,2024,Nov-24
16,card,35.76,Latte,Afternoon,Tue,Nov,2,11,26-11-2024,03:54.3,2322,2024,Nov-24
16,card,35.76,Latte,Afternoon,Tue,Nov,2,11,26-11-2024,05:00.6,2323,2024,Nov-24
17,card,25.96,Americano,Night,Tue,Nov,2,11,26-11-2024,11:37.7,2324,2024,Nov-24
17,card,30.86,Americano with Milk,Night,Tue,Nov,2,11,26-11-2024,12:34.4,2325,2024,Nov-24
19,card,35.76,Cocoa,Night,Tue,Nov,2,11,26-11-2024,47:24.7,2326,2024,Nov-24
8,card,35.76,Cappuccino,Morning,Thu,Nov,4,11,28-11-2024,41:16.9,2327,2024,Nov-24
9,card,30.86,Americano with Milk,Morning,Thu,Nov,4,11,28-11-2024,14:00.9,2328,2024,Nov-24
20,card,30.86,Americano with Milk,Night,Thu,Nov,4,11,28-11-2024,24:42.0,2329,2024,Nov-24
20,card,35.76,Latte,Night,Thu,Nov,4,11,28-11-2024,25:45.5,2330,2024,Nov-24
20,card,35.76,Latte,Night,Thu,Nov,4,11,28-11-2024,54:59.7,2331,2024,Nov-24
22,card,35.76,Cappuccino,Night,Thu,Nov,4,11,28-11-2024,00:15.7,2332,2024,Nov-24
7,card,35.76,Cocoa,Morning,Fri,Nov,5,11,29-11-2024,53:15.8,2333,2024,Nov-24
7,card,35.76,Latte,Morning,Fri,Nov,5,11,29-11-2024,57:42.2,2334,2024,Nov-24
9,card,30.86,Americano with Milk,Morning,Fri,Nov,5,11,29-11-2024,07:31.5,2335,2024,Nov-24
9,card,30.86,Americano with Milk,Morning,Fri,Nov,5,11,29-11-2024,08:30.2,2336,2024,Nov-24
15,card,30.86,Americano with Milk,Afternoon,Fri,Nov,5,11,29-11-2024,18:06.9,2337,2024,Nov-24
15,card,35.76,Latte,Afternoon,Fri,Nov,5,11,29-11-2024,19:20.3,2338,2024,Nov-24
20,card,35.76,Cocoa,Night,Fri,Nov,5,11,29-11-2024,57:54.7,2339,2024,Nov-24
12,card,35.76,Cocoa,Afternoon,Sat,Nov,6,11,30-11-2024,58:12.1,2340,2024,Nov-24
14,card,25.96,Americano,Afternoon,Sat,Nov,6,11,30-11-2024,04:55.8,2341,2024,Nov-24
14,card,35.76,Hot Chocolate,Afternoon,Sat,Nov,6,11,30-11-2024,05:58.1,2342,2024,Nov-24
14,card,35.76,Cocoa,Afternoon,Sat,Nov,6,11,30-11-2024,16:52.0,2343,2024,Nov-24
15,card,30.86,Americano with Milk,Afternoon,Sat,Nov,6,11,30-11-2024,33:44.3,2344,2024,Nov-24
22,card,30.86,Americano with Milk,Night,Sat,Nov,6,11,30-11-2024,03:48.5,2345,2024,Nov-24
10,card,30.86,Americano with Milk,Morning,Sun,Dec,7,12,01-12-2024,15:31.7,2346,2024,Dec-24
10,card,30.86,Americano with Milk,Morning,Sun,Dec,7,12,01-12-2024,16:31.9,2347,2024,Dec-24
10,card,30.86,Americano with Milk,Morning,Sun,Dec,7,12,01-12-2024,22:46.6,2348,2024,Dec-24
14,card,30.86,Americano with Milk,Afternoon,Sun,Dec,7,12,01-12-2024,34:22.9,2349,2024,Dec-24
15,card,35.76,Cocoa,Afternoon,Sun,Dec,7,12,01-12-2024,09:12.7,2350,2024,Dec-24
15,card,35.76,Cocoa,Afternoon,Sun,Dec,7,12,01-12-2024,09:57.0,2351,2024,Dec-24
15,card,35.76,Cappuccino,Afternoon,Sun,Dec,7,12,01-12-2024,43:02.3,2352,2024,Dec-24
15,card,35.76,Latte,Afternoon,Sun,Dec,7,12,01-12-2024,56:31.2,2353,2024,Dec-24
15,card,35.76,Latte,Afternoon,Sun,Dec,7,12,01-12-2024,57:49.4,2354,2024,Dec-24
16,card,35.76,Latte,Afternoon,Sun,Dec,7,12,01-12-2024,32:59.5,2355,2024,Dec-24
16,card,35.76,Latte,Afternoon,Sun,Dec,7,12,01-12-2024,34:30.0,2356,2024,Dec-24
17,card,30.86,Americano with Milk,Night,Sun,Dec,7,12,01-12-2024,10:23.6,2357,2024,Dec-24
17,card,30.86,Americano with Milk,Night,Sun,Dec,7,12,01-12-2024,11:32.0,2358,2024,Dec-24
18,card,30.86,Americano with Milk,Night,Sun,Dec,7,12,01-12-2024,38:28.7,2359,2024,Dec-24
7,card,35.76,Latte,Morning,Mon,Dec,1,12,02-12-2024,50:36.6,2360,2024,Dec-24
7,card,25.96,Americano,Morning,Mon,Dec,1,12,02-12-2024,51:59.4,2361,2024,Dec-24
8,card,30.86,Americano with Milk,Morning,Mon,Dec,1,12,02-12-2024,21:29.6,2362,2024,Dec-24
8,card,35.76,Cocoa,Morning,Mon,Dec,1,12,02-12-2024,53:14.5,2363,2024,Dec-24
11,card,25.96,Cortado,Morning,Mon,Dec,1,12,02-12-2024,04:25.2,2364,2024,Dec-24
15,card,21.06,Espresso,Afternoon,Mon,Dec,1,12,02-12-2024,28:23.9,2365,2024,Dec-24
16,card,35.76,Cappuccino,Afternoon,Mon,Dec,1,12,02-12-2024,12:23.9,2366,2024,Dec-24
17,card,25.96,Americano,Night,Mon,Dec,1,12,02-12-2024,34:21.7,2367,2024,Dec-24
18,card,35.76,Cappuccino,Night,Mon,Dec,1,12,02-12-2024,00:32.3,2368,2024,Dec-24
8,card,35.76,Latte,Morning,Tue,Dec,2,12,03-12-2024,11:19.1,2369,2024,Dec-24
9,card,30.86,Americano with Milk,Morning,Tue,Dec,2,12,03-12-2024,23:30.6,2370,2024,Dec-24
9,card,30.86,Americano with Milk,Morning,Tue,Dec,2,12,03-12-2024,24:27.1,2371,2024,Dec-24
11,card,25.96,Americano,Morning,Tue,Dec,2,12,03-12-2024,17:58.4,2372,2024,Dec-24
11,card,30.86,Americano with Milk,Morning,Tue,Dec,2,12,03-12-2024,42:07.6,2373,2024,Dec-24
11,card,30.86,Americano with Milk,Morning,Tue,Dec,2,12,03-12-2024,43:15.6,2374,2024,Dec-24
11,card,30.86,Americano with Milk,Morning,Tue,Dec,2,12,03-12-2024,45:54.4,2375,2024,Dec-24
20,card,35.76,Cocoa,Night,Tue,Dec,2,12,03-12-2024,50:55.8,2376,2024,Dec-24
21,card,35.76,Latte,Night,Tue,Dec,2,12,03-12-2024,33:16.9,2377,2024,Dec-24
21,card,35.76,Cappuccino,Night,Tue,Dec,2,12,03-12-2024,34:13.1,2378,2024,Dec-24
21,card,35.76,Hot Chocolate,Night,Tue,Dec,2,12,03-12-2024,35:18.9,2379,2024,Dec-24
22,card,30.86,Americano with Milk,Night,Tue,Dec,2,12,03-12-2024,19:13.8,2380,2024,Dec-24
22,card,35.76,Cappuccino,Night,Tue,Dec,2,12,03-12-2024,21:42.1,2381,2024,Dec-24
8,card,25.96,Cortado,Morning,Wed,Dec,3,12,04-12-2024,32:47.9,2382,2024,Dec-24
8,card,35.76,Latte,Morning,Wed,Dec,3,12,04-12-2024,50:30.3,2383,2024,Dec-24
8,card,35.76,Latte,Morning,Wed,Dec,3,12,04-12-2024,52:15.0,2384,2024,Dec-24
9,card,25.96,Americano,Morning,Wed,Dec,3,12,04-12-2024,04:14.1,2385,2024,Dec-24
10,card,30.86,Americano with Milk,Morning,Wed,Dec,3,12,04-12-2024,23:01.4,2386,2024,Dec-24
10,card,30.86,Americano with Milk,Morning,Wed,Dec,3,12,04-12-2024,24:08.0,2387,2024,Dec-24
10,card,30.86,Americano with Milk,Morning,Wed,Dec,3,12,04-12-2024,26:57.8,2388,2024,Dec-24
10,card,35.76,Hot Chocolate,Morning,Wed,Dec,3,12,04-12-2024,29:47.6,2389,2024,Dec-24
11,card,30.86,Americano with Milk,Morning,Wed,Dec,3,12,04-12-2024,45:57.7,2390,2024,Dec-24
14,card,35.76,Hot Chocolate,Afternoon,Wed,Dec,3,12,04-12-2024,33:54.7,2391,2024,Dec-24
8,card,25.96,Americano,Morning,Thu,Dec,4,12,05-12-2024,53:48.3,2392,2024,Dec-24
9,card,25.96,Cortado,Morning,Thu,Dec,4,12,05-12-2024,20:28.8,2393,2024,Dec-24
10,card,30.86,Americano with Milk,Morning,Thu,Dec,4,12,05-12-2024,02:51.3,2394,2024,Dec-24
10,card,30.86,Americano with Milk,Morning,Thu,Dec,4,12,05-12-2024,05:05.5,2395,2024,Dec-24
11,card,35.76,Latte,Morning,Thu,Dec,4,12,05-12-2024,31:58.3,2396,2024,Dec-24
11,card,25.96,Americano,Morning,Thu,Dec,4,12,05-12-2024,50:44.6,2397,2024,Dec-24
14,card,35.76,Cappuccino,Afternoon,Thu,Dec,4,12,05-12-2024,30:58.3,2398,2024,Dec-24
15,card,35.76,Latte,Afternoon,Thu,Dec,4,12,05-12-2024,21:19.5,2399,2024,Dec-24
16,card,35.76,Latte,Afternoon,Thu,Dec,4,12,05-12-2024,02:10.0,2400,2024,Dec-24
11,card,35.76,Latte,Morning,Fri,Dec,5,12,06-12-2024,42:18.5,2401,2024,Dec-24
16,card,35.76,Hot Chocolate,Afternoon,Fri,Dec,5,12,06-12-2024,31:58.0,2402,2024,Dec-24
22,card,35.76,Latte,Night,Fri,Dec,5,12,06-12-2024,30:33.3,2403,2024,Dec-24
22,card,35.76,Hot Chocolate,Night,Fri,Dec,5,12,06-12-2024,31:30.0,2404,2024,Dec-24
11,card,30.86,Americano with Milk,Morning,Sat,Dec,6,12,07-12-2024,17:10.1,2405,2024,Dec-24
14,card,25.96,Americano,Afternoon,Sat,Dec,6,12,07-12-2024,16:42.9,2406,2024,Dec-24
15,card,35.76,Latte,Afternoon,Sat,Dec,6,12,07-12-2024,44:04.9,2407,2024,Dec-24
19,card,35.76,Cappuccino,Night,Sat,Dec,6,12,07-12-2024,11:13.5,2408,2024,Dec-24
22,card,30.86,Americano with Milk,Night,Sat,Dec,6,12,07-12-2024,00:10.0,2409,2024,Dec-24
22,card,25.96,Americano,Night,Sat,Dec,6,12,07-12-2024,28:17.1,2410,2024,Dec-24
8,card,25.96,Cortado,Morning,Sun,Dec,7,12,08-12-2024,29:25.3,2411,2024,Dec-24
10,card,35.76,Latte,Morning,Sun,Dec,7,12,08-12-2024,42:38.2,2412,2024,Dec-24
10,card,35.76,Cappuccino,Morning,Sun,Dec,7,12,08-12-2024,43:42.7,2413,2024,Dec-24
12,card,25.96,Cortado,Afternoon,Sun,Dec,7,12,08-12-2024,51:40.9,2414,2024,Dec-24
13,card,30.86,Americano with Milk,Afternoon,Sun,Dec,7,12,08-12-2024,02:36.2,2415,2024,Dec-24
13,card,30.86,Americano with Milk,Afternoon,Sun,Dec,7,12,08-12-2024,03:38.7,2416,2024,Dec-24
17,card,35.76,Cappuccino,Night,Sun,Dec,7,12,08-12-2024,26:29.3,2417,2024,Dec-24
18,card,21.06,Espresso,Night,Sun,Dec,7,12,08-12-2024,41:48.8,2418,2024,Dec-24
20,card,35.76,Cappuccino,Night,Sun,Dec,7,12,08-12-2024,47:18.9,2419,2024,Dec-24
21,card,30.86,Americano with Milk,Night,Sun,Dec,7,12,08-12-2024,28:30.1,2420,2024,Dec-24
21,card,30.86,Americano with Milk,Night,Sun,Dec,7,12,08-12-2024,41:23.5,2421,2024,Dec-24
8,card,35.76,Cappuccino,Morning,Mon,Dec,1,12,09-12-2024,32:40.8,2422,2024,Dec-24
9,card,25.96,Americano,Morning,Mon,Dec,1,12,09-12-2024,12:25.2,2423,2024,Dec-24
9,card,30.86,Americano with Milk,Morning,Mon,Dec,1,12,09-12-2024,33:57.4,2424,2024,Dec-24
13,card,25.96,Cortado,Afternoon,Mon,Dec,1,12,09-12-2024,00:54.9,2425,2024,Dec-24
21,card,35.76,Cocoa,Night,Mon,Dec,1,12,09-12-2024,21:51.3,2426,2024,Dec-24
12,card,25.96,Cortado,Afternoon,Tue,Dec,2,12,10-12-2024,25:49.8,2427,2024,Dec-24
18,card,35.76,Hot Chocolate,Night,Tue,Dec,2,12,10-12-2024,21:57.8,2428,2024,Dec-24
7,card,35.76,Latte,Morning,Wed,Dec,3,12,11-12-2024,49:46.0,2429,2024,Dec-24
10,card,25.96,Cortado,Morning,Wed,Dec,3,12,11-12-2024,45:47.9,2430,2024,Dec-24
12,card,35.76,Hot Chocolate,Afternoon,Wed,Dec,3,12,11-12-2024,13:06.3,2431,2024,Dec-24
12,card,21.06,Espresso,Afternoon,Wed,Dec,3,12,11-12-2024,56:47.8,2432,2024,Dec-24
17,card,35.76,Cocoa,Night,Wed,Dec,3,12,11-12-2024,59:25.5,2433,2024,Dec-24
21,card,35.76,Latte,Night,Wed,Dec,3,12,11-12-2024,01:07.6,2434,2024,Dec-24
21,card,35.76,Latte,Night,Wed,Dec,3,12,11-12-2024,18:17.2,2435,2024,Dec-24
7,card,30.86,Americano with Milk,Morning,Thu,Dec,4,12,12-12-2024,58:31.2,2436,2024,Dec-24
12,card,25.96,Americano,Afternoon,Thu,Dec,4,12,12-12-2024,49:23.7,2437,2024,Dec-24
16,card,21.06,Espresso,Afternoon,Thu,Dec,4,12,12-12-2024,55:02.1,2438,2024,Dec-24
16,card,21.06,Espresso,Afternoon,Thu,Dec,4,12,12-12-2024,55:49.1,2439,2024,Dec-24
16,card,25.96,Americano,Afternoon,Thu,Dec,4,12,12-12-2024,57:01.1,2440,2024,Dec-24
19,card,35.76,Cocoa,Night,Thu,Dec,4,12,12-12-2024,50:00.9,2441,2024,Dec-24
19,card,35.76,Cocoa,Night,Thu,Dec,4,12,12-12-2024,50:57.7,2442,2024,Dec-24
12,card,25.96,Americano,Afternoon,Fri,Dec,5,12,13-12-2024,27:25.5,2443,2024,Dec-24
12,card,25.96,Americano,Afternoon,Fri,Dec,5,12,13-12-2024,53:05.6,2444,2024,Dec-24
12,card,35.76,Hot Chocolate,Afternoon,Fri,Dec,5,12,13-12-2024,54:40.2,2445,2024,Dec-24
14,card,35.76,Hot Chocolate,Afternoon,Fri,Dec,5,12,13-12-2024,01:58.1,2446,2024,Dec-24
16,card,35.76,Cocoa,Afternoon,Fri,Dec,5,12,13-12-2024,23:23.9,2447,2024,Dec-24
19,card,35.76,Cappuccino,Night,Fri,Dec,5,12,13-12-2024,19:03.8,2448,2024,Dec-24
19,card,35.76,Cappuccino,Night,Fri,Dec,5,12,13-12-2024,20:10.1,2449,2024,Dec-24
21,card,35.76,Latte,Night,Fri,Dec,5,12,13-12-2024,35:42.0,2450,2024,Dec-24
8,card,30.86,Americano with Milk,Morning,Sat,Dec,6,12,14-12-2024,27:32.1,2451,2024,Dec-24
9,card,35.76,Cocoa,Morning,Sat,Dec,6,12,14-12-2024,03:05.6,2452,2024,Dec-24
11,card,35.76,Cappuccino,Morning,Sat,Dec,6,12,14-12-2024,41:57.8,2453,2024,Dec-24
13,card,25.96,Americano,Afternoon,Sat,Dec,6,12,14-12-2024,19:07.0,2454,2024,Dec-24
13,card,35.76,Latte,Afternoon,Sat,Dec,6,12,14-12-2024,20:08.6,2455,2024,Dec-24
16,card,35.76,Cocoa,Afternoon,Sat,Dec,6,12,14-12-2024,10:30.0,2456,2024,Dec-24
16,card,25.96,Americano,Afternoon,Sat,Dec,6,12,14-12-2024,29:58.9,2457,2024,Dec-24
16,card,25.96,Americano,Afternoon,Sat,Dec,6,12,14-12-2024,30:49.8,2458,2024,Dec-24
17,card,25.96,Americano,Night,Sat,Dec,6,12,14-12-2024,00:15.9,2459,2024,Dec-24
17,card,25.96,Americano,Night,Sat,Dec,6,12,14-12-2024,01:29.2,2460,2024,Dec-24
18,card,30.86,Americano with Milk,Night,Sat,Dec,6,12,14-12-2024,23:44.2,2461,2024,Dec-24
11,card,35.76,Latte,Morning,Sun,Dec,7,12,15-12-2024,09:24.8,2462,2024,Dec-24
11,card,35.76,Cocoa,Morning,Sun,Dec,7,12,15-12-2024,10:25.7,2463,2024,Dec-24
17,card,35.76,Hot Chocolate,Night,Sun,Dec,7,12,15-12-2024,58:05.4,2464,2024,Dec-24
7,card,35.76,Latte,Morning,Mon,Dec,1,12,16-12-2024,52:18.4,2465,2024,Dec-24
8,card,35.76,Hot Chocolate,Morning,Mon,Dec,1,12,16-12-2024,03:31.1,2466,2024,Dec-24
8,card,35.76,Cocoa,Morning,Mon,Dec,1,12,16-12-2024,46:53.8,2467,2024,Dec-24
12,card,30.86,Americano with Milk,Afternoon,Mon,Dec,1,12,16-12-2024,19:08.1,2468,2024,Dec-24
13,card,35.76,Latte,Afternoon,Mon,Dec,1,12,16-12-2024,08:52.6,2469,2024,Dec-24
14,card,35.76,Hot Chocolate,Afternoon,Mon,Dec,1,12,16-12-2024,13:18.1,2470,2024,Dec-24
18,card,35.76,Latte,Night,Mon,Dec,1,12,16-12-2024,23:07.0,2471,2024,Dec-24
18,card,30.86,Americano with Milk,Night,Mon,Dec,1,12,16-12-2024,24:01.4,2472,2024,Dec-24
8,card,25.96,Cortado,Morning,Tue,Dec,2,12,17-12-2024,48:18.2,2473,2024,Dec-24
8,card,35.76,Cappuccino,Morning,Tue,Dec,2,12,17-12-2024,52:32.6,2474,2024,Dec-24
10,card,30.86,Americano with Milk,Morning,Tue,Dec,2,12,17-12-2024,49:05.5,2475,2024,Dec-24
16,card,25.96,Americano,Afternoon,Tue,Dec,2,12,17-12-2024,22:35.1,2476,2024,Dec-24
16,card,35.76,Cocoa,Afternoon,Tue,Dec,2,12,17-12-2024,23:36.6,2477,2024,Dec-24
17,card,35.76,Cappuccino,Night,Tue,Dec,2,12,17-12-2024,14:22.1,2478,2024,Dec-24
18,card,35.76,Cocoa,Night,Tue,Dec,2,12,17-12-2024,54:57.3,2479,2024,Dec-24
9,card,35.76,Latte,Morning,Wed,Dec,3,12,18-12-2024,30:28.3,2480,2024,Dec-24
10,card,30.86,Americano with Milk,Morning,Wed,Dec,3,12,18-12-2024,01:21.5,2481,2024,Dec-24
10,card,35.76,Latte,Morning,Wed,Dec,3,12,18-12-2024,03:02.1,2482,2024,Dec-24
10,card,35.76,Cappuccino,Morning,Wed,Dec,3,12,18-12-2024,04:03.4,2483,2024,Dec-24
10,card,35.76,Hot Chocolate,Morning,Thu,Dec,4,12,19-12-2024,12:11.2,2484,2024,Dec-24
11,card,30.86,Americano with Milk,Morning,Thu,Dec,4,12,19-12-2024,25:43.9,2485,2024,Dec-24
12,card,21.06,Espresso,Afternoon,Thu,Dec,4,12,19-12-2024,10:52.3,2486,2024,Dec-24
13,card,35.76,Hot Chocolate,Afternoon,Thu,Dec,4,12,19-12-2024,38:56.8,2487,2024,Dec-24
19,card,35.76,Cappuccino,Night,Thu,Dec,4,12,19-12-2024,00:56.3,2488,2024,Dec-24
19,card,35.76,Cappuccino,Night,Thu,Dec,4,12,19-12-2024,10:40.6,2489,2024,Dec-24
19,card,30.86,Americano with Milk,Night,Thu,Dec,4,12,19-12-2024,48:18.0,2490,2024,Dec-24
19,card,35.76,Hot Chocolate,Night,Thu,Dec,4,12,19-12-2024,49:42.6,2491,2024,Dec-24
21,card,35.76,Latte,Night,Thu,Dec,4,12,19-12-2024,08:11.8,2492,2024,Dec-24
21,card,35.76,Cappuccino,Night,Thu,Dec,4,12,19-12-2024,09:15.7,2493,2024,Dec-24
8,card,25.96,Cortado,Morning,Fri,Dec,5,12,20-12-2024,14:52.0,2494,2024,Dec-24
9,card,30.86,Americano with Milk,Morning,Fri,Dec,5,12,20-12-2024,39:29.9,2495,2024,Dec-24
10,card,35.76,Cappuccino,Morning,Fri,Dec,5,12,20-12-2024,12:42.8,2496,2024,Dec-24
10,card,25.96,Cortado,Morning,Fri,Dec,5,12,20-12-2024,55:29.1,2497,2024,Dec-24
12,card,21.06,Espresso,Afternoon,Fri,Dec,5,12,20-12-2024,21:17.2,2498,2024,Dec-24
12,card,30.86,Americano with Milk,Afternoon,Fri,Dec,5,12,20-12-2024,22:49.4,2499,2024,Dec-24
14,card,25.96,Cortado,Afternoon,Fri,Dec,5,12,20-12-2024,58:20.3,2500,2024,Dec-24
18,card,35.76,Cappuccino,Night,Fri,Dec,5,12,20-12-2024,28:22.2,2501,2024,Dec-24
18,card,35.76,Cappuccino,Night,Fri,Dec,5,12,20-12-2024,57:13.3,2502,2024,Dec-24
10,card,35.76,Cappuccino,Morning,Sat,Dec,6,12,21-12-2024,19:23.9,2503,2024,Dec-24
10,card,35.76,Latte,Morning,Sat,Dec,6,12,21-12-2024,20:41.1,2504,2024,Dec-24
10,card,25.96,Americano,Morning,Sat,Dec,6,12,21-12-2024,32:02.8,2505,2024,Dec-24
15,card,35.76,Hot Chocolate,Afternoon,Sat,Dec,6,12,21-12-2024,33:03.6,2506,2024,Dec-24
15,card,35.76,Latte,Afternoon,Sat,Dec,6,12,21-12-2024,33:49.6,2507,2024,Dec-24
15,card,30.86,Americano with Milk,Afternoon,Sat,Dec,6,12,21-12-2024,35:29.4,2508,2024,Dec-24
15,card,35.76,Latte,Afternoon,Sat,Dec,6,12,21-12-2024,58:07.0,2509,2024,Dec-24
17,card,35.76,Cocoa,Night,Sat,Dec,6,12,21-12-2024,47:27.9,2510,2024,Dec-24
18,card,35.76,Hot Chocolate,Night,Sat,Dec,6,12,21-12-2024,02:36.9,2511,2024,Dec-24
18,card,25.96,Cortado,Night,Sat,Dec,6,12,21-12-2024,08:17.2,2512,2024,Dec-24
19,card,30.86,Americano with Milk,Night,Sat,Dec,6,12,21-12-2024,48:13.5,2513,2024,Dec-24
19,card,25.96,Cortado,Night,Sat,Dec,6,12,21-12-2024,49:45.8,2514,2024,Dec-24
21,card,25.96,Cortado,Night,Sat,Dec,6,12,21-12-2024,49:47.3,2515,2024,Dec-24
21,card,35.76,Latte,Night,Sat,Dec,6,12,21-12-2024,58:48.8,2516,2024,Dec-24
22,card,25.96,Cortado,Night,Sat,Dec,6,12,21-12-2024,16:14.1,2517,2024,Dec-24
10,card,35.76,Cappuccino,Morning,Sun,Dec,7,12,22-12-2024,42:56.1,2518,2024,Dec-24
18,card,35.76,Cappuccino,Night,Sun,Dec,7,12,22-12-2024,55:44.5,2519,2024,Dec-24
19,card,35.76,Hot Chocolate,Night,Sun,Dec,7,12,22-12-2024,35:45.8,2520,2024,Dec-24
19,card,35.76,Hot Chocolate,Night,Sun,Dec,7,12,22-12-2024,36:29.9,2521,2024,Dec-24
20,card,35.76,Hot Chocolate,Night,Sun,Dec,7,12,22-12-2024,26:36.7,2522,2024,Dec-24
21,card,35.76,Cocoa,Night,Sun,Dec,7,12,22-12-2024,55:18.8,2523,2024,Dec-24
21,card,25.96,Cortado,Night,Sun,Dec,7,12,22-12-2024,56:56.3,2524,2024,Dec-24
9,card,25.96,Cortado,Morning,Mon,Dec,1,12,23-12-2024,03:21.0,2525,2024,Dec-24
9,card,30.86,Americano with Milk,Morning,Mon,Dec,1,12,23-12-2024,22:17.9,2526,2024,Dec-24
10,card,30.86,Americano with Milk,Morning,Mon,Dec,1,12,23-12-2024,42:03.4,2527,2024,Dec-24
11,card,35.76,Cappuccino,Morning,Mon,Dec,1,12,23-12-2024,35:54.4,2528,2024,Dec-24
14,card,35.76,Latte,Afternoon,Mon,Dec,1,12,23-12-2024,05:31.7,2529,2024,Dec-24
15,card,30.86,Americano with Milk,Afternoon,Mon,Dec,1,12,23-12-2024,00:23.7,2530,2024,Dec-24
16,card,35.76,Latte,Afternoon,Mon,Dec,1,12,23-12-2024,14:50.4,2531,2024,Dec-24
17,card,25.96,Cortado,Night,Mon,Dec,1,12,23-12-2024,21:20.5,2532,2024,Dec-24
17,card,35.76,Latte,Night,Mon,Dec,1,12,23-12-2024,22:40.3,2533,2024,Dec-24
20,card,25.96,Cortado,Night,Mon,Dec,1,12,23-12-2024,46:07.2,2534,2024,Dec-24
15,card,30.86,Americano with Milk,Afternoon,Tue,Dec,2,12,24-12-2024,10:43.4,2535,2024,Dec-24
16,card,35.76,Hot Chocolate,Afternoon,Tue,Dec,2,12,24-12-2024,08:38.1,2536,2024,Dec-24
17,card,25.96,Cortado,Night,Tue,Dec,2,12,24-12-2024,55:28.6,2537,2024,Dec-24
19,card,35.76,Hot Chocolate,Night,Tue,Dec,2,12,24-12-2024,10:36.3,2538,2024,Dec-24
19,card,35.76,Latte,Night,Tue,Dec,2,12,24-12-2024,11:36.9,2539,2024,Dec-24
19,card,21.06,Espresso,Night,Tue,Dec,2,12,24-12-2024,12:35.0,2540,2024,Dec-24
19,card,35.76,Cappuccino,Night,Tue,Dec,2,12,24-12-2024,36:02.3,2541,2024,Dec-24
10,card,35.76,Latte,Morning,Wed,Dec,3,12,25-12-2024,43:56.8,2542,2024,Dec-24
10,card,35.76,Latte,Morning,Wed,Dec,3,12,25-12-2024,45:02.4,2543,2024,Dec-24
12,card,30.86,Americano with Milk,Afternoon,Wed,Dec,3,12,25-12-2024,35:03.3,2544,2024,Dec-24
12,card,25.96,Americano,Afternoon,Wed,Dec,3,12,25-12-2024,36:00.1,2545,2024,Dec-24
13,card,30.86,Americano with Milk,Afternoon,Wed,Dec,3,12,25-12-2024,17:11.4,2546,2024,Dec-24
13,card,25.96,Americano,Afternoon,Wed,Dec,3,12,25-12-2024,32:47.5,2547,2024,Dec-24
20,card,35.76,Cappuccino,Night,Wed,Dec,3,12,25-12-2024,02:40.3,2548,2024,Dec-24
21,card,35.76,Cocoa,Night,Wed,Dec,3,12,25-12-2024,18:49.8,2549,2024,Dec-24
21,card,35.76,Cocoa,Night,Wed,Dec,3,12,25-12-2024,19:42.1,2550,2024,Dec-24
21,card,35.76,Latte,Night,Wed,Dec,3,12,25-12-2024,57:30.3,2551,2024,Dec-24
22,card,35.76,Cappuccino,Night,Wed,Dec,3,12,25-12-2024,51:02.9,2552,2024,Dec-24
22,card,30.86,Americano with Milk,Night,Wed,Dec,3,12,25-12-2024,53:06.4,2553,2024,Dec-24
13,card,35.76,Cappuccino,Afternoon,Thu,Dec,4,12,26-12-2024,12:37.9,2554,2024,Dec-24
15,card,21.06,Espresso,Afternoon,Thu,Dec,4,12,26-12-2024,04:34.5,2555,2024,Dec-24
7,card,25.96,Americano,Morning,Fri,Dec,5,12,27-12-2024,50:20.7,2556,2024,Dec-24
8,card,25.96,Cortado,Morning,Fri,Dec,5,12,27-12-2024,57:38.9,2557,2024,Dec-24
9,card,25.96,Cortado,Morning,Fri,Dec,5,12,27-12-2024,09:55.2,2558,2024,Dec-24
10,card,30.86,Americano with Milk,Morning,Fri,Dec,5,12,27-12-2024,12:53.4,2559,2024,Dec-24
17,card,35.76,Latte,Night,Fri,Dec,5,12,27-12-2024,12:04.6,2560,2024,Dec-24
19,card,25.96,Americano,Night,Fri,Dec,5,12,27-12-2024,47:27.9,2561,2024,Dec-24
19,card,30.86,Americano with Milk,Night,Fri,Dec,5,12,27-12-2024,48:21.6,2562,2024,Dec-24
22,card,35.76,Cocoa,Night,Fri,Dec,5,12,27-12-2024,54:32.9,2563,2024,Dec-24
9,card,25.96,Cortado,Morning,Sat,Dec,6,12,28-12-2024,00:23.5,2564,2024,Dec-24
9,card,25.96,Cortado,Morning,Sat,Dec,6,12,28-12-2024,50:37.9,2565,2024,Dec-24
10,card,30.86,Americano with Milk,Morning,Sat,Dec,6,12,28-12-2024,18:44.2,2566,2024,Dec-24
10,card,35.76,Latte,Morning,Sat,Dec,6,12,28-12-2024,52:03.1,2567,2024,Dec-24
14,card,35.76,Cappuccino,Afternoon,Sat,Dec,6,12,28-12-2024,10:01.3,2568,2024,Dec-24
14,card,35.76,Hot Chocolate,Afternoon,Sat,Dec,6,12,28-12-2024,13:17.4,2569,2024,Dec-24
17,card,35.76,Latte,Night,Sat,Dec,6,12,28-12-2024,23:40.3,2570,2024,Dec-24
22,card,35.76,Cappuccino,Night,Sat,Dec,6,12,28-12-2024,11:01.8,2571,2024,Dec-24
13,card,25.96,Cortado,Afternoon,Sun,Dec,7,12,29-12-2024,46:16.4,2572,2024,Dec-24
15,card,21.06,Espresso,Afternoon,Sun,Dec,7,12,29-12-2024,04:26.6,2573,2024,Dec-24
15,card,25.96,Americano,Afternoon,Sun,Dec,7,12,29-12-2024,05:16.3,2574,2024,Dec-24
17,card,25.96,Cortado,Night,Sun,Dec,7,12,29-12-2024,30:04.5,2575,2024,Dec-24
17,card,21.06,Espresso,Night,Sun,Dec,7,12,29-12-2024,31:46.7,2576,2024,Dec-24
19,card,25.96,Cortado,Night,Sun,Dec,7,12,29-12-2024,47:43.7,2577,2024,Dec-24
20,card,35.76,Hot Chocolate,Night,Sun,Dec,7,12,29-12-2024,25:54.2,2578,2024,Dec-24
21,card,35.76,Latte,Night,Sun,Dec,7,12,29-12-2024,17:19.3,2579,2024,Dec-24
9,card,25.96,Cortado,Morning,Mon,Dec,1,12,30-12-2024,02:44.3,2580,2024,Dec-24
9,card,30.86,Americano with Milk,Morning,Mon,Dec,1,12,30-12-2024,44:12.0,2581,2024,Dec-24
13,card,35.76,Latte,Afternoon,Mon,Dec,1,12,30-12-2024,52:31.4,2582,2024,Dec-24
13,card,35.76,Hot Chocolate,Afternoon,Mon,Dec,1,12,30-12-2024,53:39.3,2583,2024,Dec-24
15,card,35.76,Latte,Afternoon,Mon,Dec,1,12,30-12-2024,12:45.0,2584,2024,Dec-24
15,card,30.86,Americano with Milk,Afternoon,Mon,Dec,1,12,30-12-2024,13:38.7,2585,2024,Dec-24
16,card,30.86,Americano with Milk,Afternoon,Mon,Dec,1,12,30-12-2024,29:53.9,2586,2024,Dec-24
16,card,25.96,Americano,Afternoon,Mon,Dec,1,12,30-12-2024,31:28.7,2587,2024,Dec-24
16,card,35.76,Cappuccino,Afternoon,Mon,Dec,1,12,30-12-2024,36:45.6,2588,2024,Dec-24
8,card,25.96,Cortado,Morning,Tue,Dec,2,12,31-12-2024,52:28.7,2589,2024,Dec-24
9,card,35.76,Cappuccino,Morning,Tue,Dec,2,12,31-12-2024,36:50.0,2590,2024,Dec-24
9,card,25.96,Cortado,Morning,Tue,Dec,2,12,31-12-2024,39:41.5,2591,2024,Dec-24
9,card,35.76,Cocoa,Morning,Tue,Dec,2,12,31-12-2024,45:28.5,2592,2024,Dec-24
10,card,30.86,Americano with Milk,Morning,Tue,Dec,2,12,31-12-2024,26:53.0,2593,2024,Dec-24
10,card,30.86,Americano with Milk,Morning,Tue,Dec,2,12,31-12-2024,29:28.2,2594,2024,Dec-24
11,card,35.76,Cappuccino,Morning,Tue,Dec,2,12,31-12-2024,11:30.8,2595,2024,Dec-24
11,card,30.86,Americano with Milk,Morning,Tue,Dec,2,12,31-12-2024,12:42.1,2596,2024,Dec-24
15,card,21.06,Espresso,Afternoon,Tue,Dec,2,12,31-12-2024,42:14.1,2597,2024,Dec-24
15,card,25.96,Americano,Afternoon,Tue,Dec,2,12,31-12-2024,43:13.3,2598,2024,Dec-24
16,card,35.76,Cappuccino,Afternoon,Tue,Dec,2,12,31-12-2024,07:18.9,2599,2024,Dec-24
17,card,35.76,Latte,Night,Tue,Dec,2,12,31-12-2024,10:17.5,2600,2024,Dec-24
17,card,30.86,Americano with Milk,Night,Tue,Dec,2,12,31-12-2024,30:52.8,2601,2024,Dec-24
17,card,35.76,Cappuccino,Night,Tue,Dec,2,12,31-12-2024,31:48.5,2602,2024,Dec-24
19,card,35.76,Latte,Night,Tue,Dec,2,12,31-12-2024,07:25.4,2603,2024,Dec-24
19,card,35.76,Hot Chocolate,Night,Tue,Dec,2,12,31-12-2024,08:38.9,2604,2024,Dec-24
9,card,30.86,Americano with Milk,Morning,Thu,Jan,4,1,02-01-2025,58:05.3,2605,2025,Jan-25
13,card,35.76,Cocoa,Afternoon,Thu,Jan,4,1,02-01-2025,29:40.1,2606,2025,Jan-25
13,card,35.76,Cocoa,Afternoon,Thu,Jan,4,1,02-01-2025,30:38.7,2607,2025,Jan-25
14,card,25.96,Cortado,Afternoon,Thu,Jan,4,1,02-01-2025,41:10.6,2608,2025,Jan-25
14,card,25.96,Cortado,Afternoon,Thu,Jan,4,1,02-01-2025,42:45.8,2609,2025,Jan-25
16,card,25.96,Americano,Afternoon,Thu,Jan,4,1,02-01-2025,22:32.4,2610,2025,Jan-25
16,card,35.76,Hot Chocolate,Afternoon,Thu,Jan,4,1,02-01-2025,34:59.5,2611,2025,Jan-25
16,card,30.86,Americano with Milk,Afternoon,Thu,Jan,4,1,02-01-2025,35:44.3,2612,2025,Jan-25
17,card,35.76,Cappuccino,Night,Thu,Jan,4,1,02-01-2025,43:10.2,2613,2025,Jan-25
9,card,25.96,Cortado,Morning,Fri,Jan,5,1,03-01-2025,03:22.7,2614,2025,Jan-25
10,card,30.86,Americano with Milk,Morning,Fri,Jan,5,1,03-01-2025,10:30.8,2615,2025,Jan-25
16,card,30.86,Americano with Milk,Afternoon,Fri,Jan,5,1,03-01-2025,58:09.4,2616,2025,Jan-25
22,card,35.76,Cappuccino,Night,Fri,Jan,5,1,03-01-2025,13:28.6,2617,2025,Jan-25
22,card,25.96,Americano,Night,Fri,Jan,5,1,03-01-2025,18:20.4,2618,2025,Jan-25
22,card,25.96,Americano,Night,Fri,Jan,5,1,03-01-2025,19:14.4,2619,2025,Jan-25
22,card,35.76,Latte,Night,Fri,Jan,5,1,03-01-2025,21:26.0,2620,2025,Jan-25
8,card,25.96,Cortado,Morning,Sat,Jan,6,1,04-01-2025,58:26.5,2621,2025,Jan-25
9,card,25.96,Americano,Morning,Sat,Jan,6,1,04-01-2025,59:27.8,2622,2025,Jan-25
13,card,35.76,Cappuccino,Afternoon,Sat,Jan,6,1,04-01-2025,40:00.3,2623,2025,Jan-25
15,card,35.76,Cocoa,Afternoon,Sat,Jan,6,1,04-01-2025,59:33.2,2624,2025,Jan-25
16,card,30.86,Americano with Milk,Afternoon,Sat,Jan,6,1,04-01-2025,12:55.2,2625,2025,Jan-25
16,card,35.76,Cappuccino,Afternoon,Sat,Jan,6,1,04-01-2025,14:10.2,2626,2025,Jan-25
16,card,35.76,Cappuccino,Afternoon,Sat,Jan,6,1,04-01-2025,16:11.2,2627,2025,Jan-25
16,card,25.96,Cortado,Afternoon,Sat,Jan,6,1,04-01-2025,18:04.1,2628,2025,Jan-25
18,card,25.96,Americano,Night,Sat,Jan,6,1,04-01-2025,11:39.3,2629,2025,Jan-25
22,card,35.76,Latte,Night,Sat,Jan,6,1,04-01-2025,23:30.7,2630,2025,Jan-25
9,card,30.86,Americano with Milk,Morning,Sun,Jan,7,1,05-01-2025,45:57.8,2631,2025,Jan-25
10,card,35.76,Latte,Morning,Sun,Jan,7,1,05-01-2025,53:00.8,2632,2025,Jan-25
22,card,30.86,Americano with Milk,Night,Sun,Jan,7,1,05-01-2025,07:16.5,2633,2025,Jan-25
19,card,25.96,Americano,Night,Mon,Jan,1,1,06-01-2025,58:50.7,2634,2025,Jan-25
13,card,35.76,Cappuccino,Afternoon,Tue,Jan,2,1,07-01-2025,29:02.8,2635,2025,Jan-25
22,card,35.76,Cocoa,Night,Tue,Jan,2,1,07-01-2025,32:45.1,2636,2025,Jan-25
22,card,35.76,Cocoa,Night,Tue,Jan,2,1,07-01-2025,33:58.9,2637,2025,Jan-25
7,card,30.86,Americano with Milk,Morning,Wed,Jan,3,1,08-01-2025,30:02.0,2638,2025,Jan-25
9,card,35.76,Latte,Morning,Wed,Jan,3,1,08-01-2025,11:15.1,2639,2025,Jan-25
10,card,25.96,Cortado,Morning,Wed,Jan,3,1,08-01-2025,30:28.7,2640,2025,Jan-25
17,card,35.76,Cappuccino,Night,Wed,Jan,3,1,08-01-2025,22:51.6,2641,2025,Jan-25
8,card,25.96,Americano,Morning,Thu,Jan,4,1,09-01-2025,07:07.6,2642,2025,Jan-25
8,card,35.76,Latte,Morning,Thu,Jan,4,1,09-01-2025,56:34.7,2643,2025,Jan-25
9,card,30.86,Americano with Milk,Morning,Thu,Jan,4,1,09-01-2025,02:31.8,2644,2025,Jan-25
14,card,21.06,Espresso,Afternoon,Thu,Jan,4,1,09-01-2025,27:23.7,2645,2025,Jan-25
15,card,35.76,Latte,Afternoon,Thu,Jan,4,1,09-01-2025,36:58.7,2646,2025,Jan-25
15,card,30.86,Americano with Milk,Afternoon,Thu,Jan,4,1,09-01-2025,48:10.0,2647,2025,Jan-25
15,card,25.96,Cortado,Afternoon,Thu,Jan,4,1,09-01-2025,49:11.8,2648,2025,Jan-25
20,card,30.86,Americano with Milk,Night,Thu,Jan,4,1,09-01-2025,30:29.1,2649,2025,Jan-25
22,card,35.76,Latte,Night,Thu,Jan,4,1,09-01-2025,10:20.7,2650,2025,Jan-25
8,card,30.86,Americano with Milk,Morning,Fri,Jan,5,1,10-01-2025,49:20.8,2651,2025,Jan-25
9,card,30.86,Americano with Milk,Morning,Fri,Jan,5,1,10-01-2025,16:36.5,2652,2025,Jan-25
17,card,35.76,Cappuccino,Night,Fri,Jan,5,1,10-01-2025,51:18.8,2653,2025,Jan-25
17,card,35.76,Hot Chocolate,Night,Fri,Jan,5,1,10-01-2025,55:53.4,2654,2025,Jan-25
17,card,30.86,Americano with Milk,Night,Fri,Jan,5,1,10-01-2025,59:39.2,2655,2025,Jan-25
7,card,30.86,Americano with Milk,Morning,Sat,Jan,6,1,11-01-2025,44:30.5,2656,2025,Jan-25
10,card,35.76,Hot Chocolate,Morning,Sat,Jan,6,1,11-01-2025,49:41.3,2657,2025,Jan-25
11,card,25.96,Americano,Morning,Sat,Jan,6,1,11-01-2025,13:53.9,2658,2025,Jan-25
11,card,35.76,Latte,Morning,Sat,Jan,6,1,11-01-2025,20:17.6,2659,2025,Jan-25
11,card,35.76,Latte,Morning,Sat,Jan,6,1,11-01-2025,21:25.6,2660,2025,Jan-25
12,card,35.76,Latte,Afternoon,Sat,Jan,6,1,11-01-2025,10:58.7,2661,2025,Jan-25
12,card,35.76,Latte,Afternoon,Sat,Jan,6,1,11-01-2025,13:24.8,2662,2025,Jan-25
14,card,30.86,Americano with Milk,Afternoon,Sat,Jan,6,1,11-01-2025,12:54.8,2663,2025,Jan-25
14,card,30.86,Americano with Milk,Afternoon,Sat,Jan,6,1,11-01-2025,15:38.1,2664,2025,Jan-25
14,card,35.76,Cappuccino,Afternoon,Sat,Jan,6,1,11-01-2025,16:43.9,2665,2025,Jan-25
14,card,35.76,Latte,Afternoon,Sat,Jan,6,1,11-01-2025,47:03.0,2666,2025,Jan-25
17,card,25.96,Cortado,Night,Sat,Jan,6,1,11-01-2025,19:34.0,2667,2025,Jan-25
17,card,35.76,Latte,Night,Sat,Jan,6,1,11-01-2025,20:56.8,2668,2025,Jan-25
17,card,25.96,Cortado,Night,Sat,Jan,6,1,11-01-2025,22:05.1,2669,2025,Jan-25
18,card,30.86,Americano with Milk,Night,Sat,Jan,6,1,11-01-2025,01:28.5,2670,2025,Jan-25
11,card,30.86,Americano with Milk,Morning,Sun,Jan,7,1,12-01-2025,45:32.4,2671,2025,Jan-25
11,card,25.96,Americano,Morning,Sun,Jan,7,1,12-01-2025,48:18.7,2672,2025,Jan-25
11,card,30.86,Americano with Milk,Morning,Sun,Jan,7,1,12-01-2025,49:50.3,2673,2025,Jan-25
16,card,35.76,Hot Chocolate,Afternoon,Sun,Jan,7,1,12-01-2025,15:58.8,2674,2025,Jan-25
20,card,30.86,Americano with Milk,Night,Sun,Jan,7,1,12-01-2025,56:04.3,2675,2025,Jan-25
8,card,30.86,Americano with Milk,Morning,Mon,Jan,1,1,13-01-2025,08:20.3,2676,2025,Jan-25
9,card,30.86,Americano with Milk,Morning,Mon,Jan,1,1,13-01-2025,17:19.6,2677,2025,Jan-25
13,card,25.96,Cortado,Afternoon,Mon,Jan,1,1,13-01-2025,02:56.6,2678,2025,Jan-25
13,card,35.76,Latte,Afternoon,Mon,Jan,1,1,13-01-2025,50:46.6,2679,2025,Jan-25
14,card,35.76,Latte,Afternoon,Mon,Jan,1,1,13-01-2025,11:27.3,2680,2025,Jan-25
14,card,35.76,Cappuccino,Afternoon,Mon,Jan,1,1,13-01-2025,12:28.3,2681,2025,Jan-25
16,card,35.76,Latte,Afternoon,Mon,Jan,1,1,13-01-2025,25:36.3,2682,2025,Jan-25
20,card,21.06,Espresso,Night,Mon,Jan,1,1,13-01-2025,51:18.3,2683,2025,Jan-25
7,card,35.76,Latte,Morning,Tue,Jan,2,1,14-01-2025,37:42.5,2684,2025,Jan-25
9,card,25.96,Cortado,Morning,Tue,Jan,2,1,14-01-2025,53:42.8,2685,2025,Jan-25
10,card,30.86,Americano with Milk,Morning,Tue,Jan,2,1,14-01-2025,21:45.6,2686,2025,Jan-25
12,card,35.76,Latte,Afternoon,Tue,Jan,2,1,14-01-2025,49:14.4,2687,2025,Jan-25
16,card,30.86,Americano with Milk,Afternoon,Tue,Jan,2,1,14-01-2025,18:19.3,2688,2025,Jan-25
16,card,30.86,Americano with Milk,Afternoon,Tue,Jan,2,1,14-01-2025,19:26.5,2689,2025,Jan-25
19,card,35.76,Cappuccino,Night,Tue,Jan,2,1,14-01-2025,41:55.9,2690,2025,Jan-25
21,card,35.76,Latte,Night,Tue,Jan,2,1,14-01-2025,02:35.6,2691,2025,Jan-25
9,card,30.86,Americano with Milk,Morning,Wed,Jan,3,1,15-01-2025,12:04.2,2692,2025,Jan-25
11,card,25.96,Americano,Morning,Wed,Jan,3,1,15-01-2025,10:23.7,2693,2025,Jan-25
13,card,35.76,Cappuccino,Afternoon,Wed,Jan,3,1,15-01-2025,14:14.6,2694,2025,Jan-25
15,card,35.76,Latte,Afternoon,Wed,Jan,3,1,15-01-2025,35:21.9,2695,2025,Jan-25
15,card,35.76,Cappuccino,Afternoon,Wed,Jan,3,1,15-01-2025,36:47.9,2696,2025,Jan-25
15,card,35.76,Latte,Afternoon,Wed,Jan,3,1,15-01-2025,37:55.7,2697,2025,Jan-25
16,card,35.76,Latte,Afternoon,Wed,Jan,3,1,15-01-2025,55:26.0,2698,2025,Jan-25
18,card,35.76,Latte,Night,Wed,Jan,3,1,15-01-2025,06:12.4,2699,2025,Jan-25
19,card,35.76,Latte,Night,Wed,Jan,3,1,15-01-2025,51:14.1,2700,2025,Jan-25
21,card,35.76,Cappuccino,Night,Wed,Jan,3,1,15-01-2025,41:14.3,2701,2025,Jan-25
9,card,35.76,Latte,Morning,Thu,Jan,4,1,16-01-2025,32:57.7,2702,2025,Jan-25
9,card,30.86,Americano with Milk,Morning,Thu,Jan,4,1,16-01-2025,38:09.4,2703,2025,Jan-25
10,card,30.86,Americano with Milk,Morning,Thu,Jan,4,1,16-01-2025,41:40.9,2704,2025,Jan-25
12,card,25.96,Cortado,Afternoon,Thu,Jan,4,1,16-01-2025,12:16.3,2705,2025,Jan-25
15,card,35.76,Latte,Afternoon,Thu,Jan,4,1,16-01-2025,16:19.2,2706,2025,Jan-25
16,card,35.76,Latte,Afternoon,Thu,Jan,4,1,16-01-2025,35:11.0,2707,2025,Jan-25
18,card,35.76,Cappuccino,Night,Thu,Jan,4,1,16-01-2025,15:57.4,2708,2025,Jan-25
21,card,35.76,Hot Chocolate,Night,Thu,Jan,4,1,16-01-2025,15:59.7,2709,2025,Jan-25
21,card,35.76,Hot Chocolate,Night,Thu,Jan,4,1,16-01-2025,16:59.2,2710,2025,Jan-25
21,card,25.96,Cortado,Night,Thu,Jan,4,1,16-01-2025,40:12.5,2711,2025,Jan-25
7,card,35.76,Cocoa,Morning,Fri,Jan,5,1,17-01-2025,38:19.8,2712,2025,Jan-25
8,card,35.76,Latte,Morning,Fri,Jan,5,1,17-01-2025,26:20.8,2713,2025,Jan-25
8,card,35.76,Cappuccino,Morning,Fri,Jan,5,1,17-01-2025,27:48.4,2714,2025,Jan-25
8,card,30.86,Americano with Milk,Morning,Fri,Jan,5,1,17-01-2025,47:56.1,2715,2025,Jan-25
9,card,30.86,Americano with Milk,Morning,Fri,Jan,5,1,17-01-2025,27:38.4,2716,2025,Jan-25
14,card,35.76,Cocoa,Afternoon,Fri,Jan,5,1,17-01-2025,20:54.0,2717,2025,Jan-25
14,card,35.76,Cocoa,Afternoon,Fri,Jan,5,1,17-01-2025,22:02.7,2718,2025,Jan-25
17,card,35.76,Hot Chocolate,Night,Fri,Jan,5,1,17-01-2025,39:10.6,2719,2025,Jan-25
21,card,35.76,Hot Chocolate,Night,Fri,Jan,5,1,17-01-2025,22:19.0,2720,2025,Jan-25
10,card,30.86,Americano with Milk,Morning,Sat,Jan,6,1,18-01-2025,12:38.2,2721,2025,Jan-25
16,card,35.76,Hot Chocolate,Afternoon,Sat,Jan,6,1,18-01-2025,33:40.1,2722,2025,Jan-25
16,card,35.76,Latte,Afternoon,Sat,Jan,6,1,18-01-2025,35:14.2,2723,2025,Jan-25
16,card,35.76,Hot Chocolate,Afternoon,Sat,Jan,6,1,18-01-2025,36:29.0,2724,2025,Jan-25
8,card,30.86,Americano with Milk,Morning,Mon,Jan,1,1,20-01-2025,29:48.0,2725,2025,Jan-25
10,card,30.86,Americano with Milk,Morning,Mon,Jan,1,1,20-01-2025,57:25.2,2726,2025,Jan-25
11,card,25.96,Cortado,Morning,Mon,Jan,1,1,20-01-2025,40:24.0,2727,2025,Jan-25
12,card,25.96,Americano,Afternoon,Mon,Jan,1,1,20-01-2025,04:49.9,2728,2025,Jan-25
12,card,25.96,Cortado,Afternoon,Mon,Jan,1,1,20-01-2025,06:00.7,2729,2025,Jan-25
13,card,30.86,Americano with Milk,Afternoon,Mon,Jan,1,1,20-01-2025,45:14.1,2730,2025,Jan-25
20,card,35.76,Hot Chocolate,Night,Mon,Jan,1,1,20-01-2025,08:11.4,2731,2025,Jan-25
20,card,35.76,Cappuccino,Night,Mon,Jan,1,1,20-01-2025,26:24.9,2732,2025,Jan-25
20,card,35.76,Cappuccino,Night,Mon,Jan,1,1,20-01-2025,27:29.0,2733,2025,Jan-25
21,card,35.76,Latte,Night,Mon,Jan,1,1,20-01-2025,13:45.4,2734,2025,Jan-25
8,card,35.76,Cocoa,Morning,Tue,Jan,2,1,21-01-2025,05:04.3,2735,2025,Jan-25
8,card,25.96,Cortado,Morning,Tue,Jan,2,1,21-01-2025,18:19.3,2736,2025,Jan-25
8,card,30.86,Americano with Milk,Morning,Tue,Jan,2,1,21-01-2025,19:28.3,2737,2025,Jan-25
15,card,25.96,Americano,Afternoon,Tue,Jan,2,1,21-01-2025,35:16.5,2738,2025,Jan-25
18,card,35.76,Hot Chocolate,Night,Tue,Jan,2,1,21-01-2025,32:32.7,2739,2025,Jan-25
18,card,35.76,Latte,Night,Tue,Jan,2,1,21-01-2025,54:13.4,2740,2025,Jan-25
18,card,35.76,Latte,Night,Tue,Jan,2,1,21-01-2025,56:15.3,2741,2025,Jan-25
19,card,25.96,Americano,Night,Tue,Jan,2,1,21-01-2025,15:21.1,2742,2025,Jan-25
11,card,21.06,Espresso,Morning,Wed,Jan,3,1,22-01-2025,24:45.9,2743,2025,Jan-25
17,card,30.86,Americano with Milk,Night,Wed,Jan,3,1,22-01-2025,32:06.5,2744,2025,Jan-25
18,card,35.76,Cocoa,Night,Wed,Jan,3,1,22-01-2025,49:59.4,2745,2025,Jan-25
19,card,30.86,Americano with Milk,Night,Wed,Jan,3,1,22-01-2025,10:26.0,2746,2025,Jan-25
19,card,35.76,Cappuccino,Night,Wed,Jan,3,1,22-01-2025,11:23.1,2747,2025,Jan-25
19,card,35.76,Latte,Night,Wed,Jan,3,1,22-01-2025,29:15.7,2748,2025,Jan-25
20,card,30.86,Americano with Milk,Night,Wed,Jan,3,1,22-01-2025,14:30.7,2749,2025,Jan-25
13,card,35.76,Cappuccino,Afternoon,Fri,Jan,5,1,24-01-2025,42:17.0,2750,2025,Jan-25
13,card,25.96,Cortado,Afternoon,Fri,Jan,5,1,24-01-2025,43:37.6,2751,2025,Jan-25
15,card,35.76,Cocoa,Afternoon,Fri,Jan,5,1,24-01-2025,28:38.8,2752,2025,Jan-25
17,card,25.96,Americano,Night,Fri,Jan,5,1,24-01-2025,41:49.3,2753,2025,Jan-25
21,card,35.76,Cocoa,Night,Fri,Jan,5,1,24-01-2025,16:26.4,2754,2025,Jan-25
22,card,35.76,Hot Chocolate,Night,Fri,Jan,5,1,24-01-2025,31:55.6,2755,2025,Jan-25
22,card,35.76,Latte,Night,Fri,Jan,5,1,24-01-2025,32:57.9,2756,2025,Jan-25
13,card,35.76,Cappuccino,Afternoon,Sat,Jan,6,1,25-01-2025,21:04.2,2757,2025,Jan-25
14,card,35.76,Cappuccino,Afternoon,Sat,Jan,6,1,25-01-2025,38:24.6,2758,2025,Jan-25
14,card,25.96,Americano,Afternoon,Sat,Jan,6,1,25-01-2025,39:35.1,2759,2025,Jan-25
12,card,25.96,Americano,Afternoon,Sun,Jan,7,1,26-01-2025,35:23.0,2760,2025,Jan-25
12,card,21.06,Espresso,Afternoon,Sun,Jan,7,1,26-01-2025,36:34.0,2761,2025,Jan-25
8,card,25.96,Cortado,Morning,Mon,Jan,1,1,27-01-2025,07:42.4,2762,2025,Jan-25
8,card,25.96,Americano,Morning,Mon,Jan,1,1,27-01-2025,32:43.5,2763,2025,Jan-25
12,card,35.76,Cappuccino,Afternoon,Mon,Jan,1,1,27-01-2025,05:02.4,2764,2025,Jan-25
13,card,30.86,Americano with Milk,Afternoon,Mon,Jan,1,1,27-01-2025,45:08.8,2765,2025,Jan-25
15,card,30.86,Americano with Milk,Afternoon,Mon,Jan,1,1,27-01-2025,27:54.1,2766,2025,Jan-25
15,card,25.96,Cortado,Afternoon,Mon,Jan,1,1,27-01-2025,29:00.9,2767,2025,Jan-25
15,card,30.86,Americano with Milk,Afternoon,Mon,Jan,1,1,27-01-2025,30:12.7,2768,2025,Jan-25
18,card,35.76,Latte,Night,Mon,Jan,1,1,27-01-2025,55:19.3,2769,2025,Jan-25
19,card,35.76,Latte,Night,Mon,Jan,1,1,27-01-2025,02:40.3,2770,2025,Jan-25
19,card,35.76,Latte,Night,Mon,Jan,1,1,27-01-2025,03:45.5,2771,2025,Jan-25
8,card,35.76,Latte,Morning,Tue,Jan,2,1,28-01-2025,26:36.8,2772,2025,Jan-25
9,card,25.96,Americano,Morning,Tue,Jan,2,1,28-01-2025,33:17.1,2773,2025,Jan-25
11,card,30.86,Americano with Milk,Morning,Tue,Jan,2,1,28-01-2025,56:26.9,2774,2025,Jan-25
12,card,25.96,Americano,Afternoon,Tue,Jan,2,1,28-01-2025,22:01.2,2775,2025,Jan-25
16,card,35.76,Cocoa,Afternoon,Tue,Jan,2,1,28-01-2025,19:07.6,2776,2025,Jan-25
16,card,25.96,Cortado,Afternoon,Tue,Jan,2,1,28-01-2025,20:44.7,2777,2025,Jan-25
17,card,25.96,Americano,Night,Tue,Jan,2,1,28-01-2025,40:00.9,2778,2025,Jan-25
20,card,35.76,Latte,Night,Tue,Jan,2,1,28-01-2025,11:50.9,2779,2025,Jan-25
20,card,35.76,Cappuccino,Night,Tue,Jan,2,1,28-01-2025,13:45.2,2780,2025,Jan-25
9,card,25.96,Americano,Morning,Wed,Jan,3,1,29-01-2025,38:47.2,2781,2025,Jan-25
16,card,25.96,Americano,Afternoon,Wed,Jan,3,1,29-01-2025,25:36.8,2782,2025,Jan-25
19,card,30.86,Americano with Milk,Night,Wed,Jan,3,1,29-01-2025,19:08.3,2783,2025,Jan-25
19,card,21.06,Espresso,Night,Wed,Jan,3,1,29-01-2025,20:34.7,2784,2025,Jan-25
9,card,30.86,Americano with Milk,Morning,Thu,Jan,4,1,30-01-2025,18:05.5,2785,2025,Jan-25
10,card,30.86,Americano with Milk,Morning,Thu,Jan,4,1,30-01-2025,12:33.9,2786,2025,Jan-25
11,card,25.96,Cortado,Morning,Thu,Jan,4,1,30-01-2025,26:29.2,2787,2025,Jan-25
12,card,35.76,Hot Chocolate,Afternoon,Thu,Jan,4,1,30-01-2025,42:15.7,2788,2025,Jan-25
13,card,25.96,Americano,Afternoon,Thu,Jan,4,1,30-01-2025,02:00.7,2789,2025,Jan-25
14,card,30.86,Americano with Milk,Afternoon,Thu,Jan,4,1,30-01-2025,41:42.3,2790,2025,Jan-25
17,card,35.76,Hot Chocolate,Night,Thu,Jan,4,1,30-01-2025,18:48.4,2791,2025,Jan-25
18,card,30.86,Americano with Milk,Night,Thu,Jan,4,1,30-01-2025,24:06.7,2792,2025,Jan-25
18,card,25.96,Cortado,Night,Thu,Jan,4,1,30-01-2025,41:49.7,2793,2025,Jan-25
8,card,25.96,Americano,Morning,Fri,Jan,5,1,31-01-2025,40:51.4,2794,2025,Jan-25
8,card,30.86,Americano with Milk,Morning,Fri,Jan,5,1,31-01-2025,41:44.7,2795,2025,Jan-25
9,card,30.86,Americano with Milk,Morning,Fri,Jan,5,1,31-01-2025,17:14.8,2796,2025,Jan-25
9,card,35.76,Cocoa,Morning,Fri,Jan,5,1,31-01-2025,20:11.0,2797,2025,Jan-25
9,card,35.76,Cappuccino,Morning,Fri,Jan,5,1,31-01-2025,26:46.8,2798,2025,Jan-25
9,card,35.76,Cappuccino,Morning,Fri,Jan,5,1,31-01-2025,27:47.7,2799,2025,Jan-25
12,card,35.76,Latte,Afternoon,Fri,Jan,5,1,31-01-2025,31:01.2,2800,2025,Jan-25
12,card,35.76,Latte,Afternoon,Fri,Jan,5,1,31-01-2025,54:25.7,2801,2025,Jan-25
14,card,35.76,Cappuccino,Afternoon,Fri,Jan,5,1,31-01-2025,02:58.3,2802,2025,Jan-25
16,card,30.86,Americano with Milk,Afternoon,Fri,Jan,5,1,31-01-2025,48:34.0,2803,2025,Jan-25
22,card,30.86,Americano with Milk,Night,Fri,Jan,5,1,31-01-2025,35:58.8,2804,2025,Jan-25
22,card,25.96,Americano,Night,Fri,Jan,5,1,31-01-2025,37:02.0,2805,2025,Jan-25
8,card,30.86,Americano with Milk,Morning,Sat,Feb,6,2,01-02-2025,50:23.6,2806,2025,Feb-25
10,card,30.86,Americano with Milk,Morning,Sat,Feb,6,2,01-02-2025,07:22.8,2807,2025,Feb-25
13,card,25.96,Cortado,Afternoon,Sat,Feb,6,2,01-02-2025,14:46.6,2808,2025,Feb-25
13,card,25.96,Cortado,Afternoon,Sat,Feb,6,2,01-02-2025,15:29.2,2809,2025,Feb-25
14,card,35.76,Cappuccino,Afternoon,Sat,Feb,6,2,01-02-2025,35:18.9,2810,2025,Feb-25
14,card,35.76,Cappuccino,Afternoon,Sat,Feb,6,2,01-02-2025,36:16.6,2811,2025,Feb-25
15,card,35.76,Latte,Afternoon,Sat,Feb,6,2,01-02-2025,49:59.0,2812,2025,Feb-25
18,card,35.76,Cappuccino,Night,Sat,Feb,6,2,01-02-2025,57:14.4,2813,2025,Feb-25
19,card,30.86,Americano with Milk,Night,Sat,Feb,6,2,01-02-2025,53:15.5,2814,2025,Feb-25
19,card,30.86,Americano with Milk,Night,Sat,Feb,6,2,01-02-2025,54:24.1,2815,2025,Feb-25
21,card,30.86,Americano with Milk,Night,Sat,Feb,6,2,01-02-2025,37:01.8,2816,2025,Feb-25
10,card,35.76,Cappuccino,Morning,Sun,Feb,7,2,02-02-2025,56:21.9,2817,2025,Feb-25
10,card,35.76,Cappuccino,Morning,Sun,Feb,7,2,02-02-2025,57:37.8,2818,2025,Feb-25
12,card,35.76,Latte,Afternoon,Sun,Feb,7,2,02-02-2025,54:32.2,2819,2025,Feb-25
12,card,35.76,Latte,Afternoon,Sun,Feb,7,2,02-02-2025,56:04.7,2820,2025,Feb-25
14,card,30.86,Americano with Milk,Afternoon,Sun,Feb,7,2,02-02-2025,22:57.3,2821,2025,Feb-25
16,card,35.76,Latte,Afternoon,Sun,Feb,7,2,02-02-2025,45:07.9,2822,2025,Feb-25
16,card,35.76,Latte,Afternoon,Sun,Feb,7,2,02-02-2025,46:57.2,2823,2025,Feb-25
7,card,35.76,Cappuccino,Morning,Mon,Feb,1,2,03-02-2025,03:24.8,2824,2025,Feb-25
7,card,30.86,Americano with Milk,Morning,Mon,Feb,1,2,03-02-2025,04:56.6,2825,2025,Feb-25
8,card,21.06,Espresso,Morning,Mon,Feb,1,2,03-02-2025,04:03.6,2826,2025,Feb-25
8,card,30.86,Americano with Milk,Morning,Mon,Feb,1,2,03-02-2025,09:09.0,2827,2025,Feb-25
10,card,25.96,Americano,Morning,Mon,Feb,1,2,03-02-2025,15:38.6,2828,2025,Feb-25
10,card,35.76,Cappuccino,Morning,Mon,Feb,1,2,03-02-2025,22:18.4,2829,2025,Feb-25
10,card,30.86,Americano with Milk,Morning,Mon,Feb,1,2,03-02-2025,49:58.7,2830,2025,Feb-25
13,card,35.76,Cappuccino,Afternoon,Mon,Feb,1,2,03-02-2025,25:02.1,2831,2025,Feb-25
13,card,35.76,Cappuccino,Afternoon,Mon,Feb,1,2,03-02-2025,32:53.7,2832,2025,Feb-25
13,card,25.96,Americano,Afternoon,Mon,Feb,1,2,03-02-2025,51:03.3,2833,2025,Feb-25
14,card,25.96,Americano,Afternoon,Mon,Feb,1,2,03-02-2025,06:36.5,2834,2025,Feb-25
14,card,35.76,Latte,Afternoon,Mon,Feb,1,2,03-02-2025,47:02.2,2835,2025,Feb-25
14,card,35.76,Latte,Afternoon,Mon,Feb,1,2,03-02-2025,50:20.6,2836,2025,Feb-25
15,card,35.76,Latte,Afternoon,Mon,Feb,1,2,03-02-2025,01:44.6,2837,2025,Feb-25
15,card,25.96,Americano,Afternoon,Mon,Feb,1,2,03-02-2025,41:27.2,2838,2025,Feb-25
17,card,35.76,Cocoa,Night,Mon,Feb,1,2,03-02-2025,01:26.9,2839,2025,Feb-25
17,card,30.86,Americano with Milk,Night,Mon,Feb,1,2,03-02-2025,09:55.1,2840,2025,Feb-25
17,card,30.86,Americano with Milk,Night,Mon,Feb,1,2,03-02-2025,11:07.2,2841,2025,Feb-25
17,card,30.86,Americano with Milk,Night,Mon,Feb,1,2,03-02-2025,12:05.2,2842,2025,Feb-25
17,card,35.76,Hot Chocolate,Night,Mon,Feb,1,2,03-02-2025,13:21.5,2843,2025,Feb-25
17,card,35.76,Latte,Night,Mon,Feb,1,2,03-02-2025,14:18.4,2844,2025,Feb-25
17,card,35.76,Hot Chocolate,Night,Mon,Feb,1,2,03-02-2025,15:40.9,2845,2025,Feb-25
17,card,30.86,Americano with Milk,Night,Mon,Feb,1,2,03-02-2025,44:17.7,2846,2025,Feb-25
18,card,25.96,Americano,Night,Mon,Feb,1,2,03-02-2025,09:00.5,2847,2025,Feb-25
20,card,35.76,Cocoa,Night,Mon,Feb,1,2,03-02-2025,44:14.1,2848,2025,Feb-25
10,card,30.86,Americano with Milk,Morning,Tue,Feb,2,2,04-02-2025,04:56.8,2849,2025,Feb-25
10,card,25.96,Americano,Morning,Tue,Feb,2,2,04-02-2025,11:31.3,2850,2025,Feb-25
12,card,30.86,Americano with Milk,Afternoon,Tue,Feb,2,2,04-02-2025,35:58.3,2851,2025,Feb-25
13,card,25.96,Cortado,Afternoon,Tue,Feb,2,2,04-02-2025,07:39.0,2852,2025,Feb-25
14,card,25.96,Americano,Afternoon,Tue,Feb,2,2,04-02-2025,15:14.0,2853,2025,Feb-25
14,card,30.86,Americano with Milk,Afternoon,Tue,Feb,2,2,04-02-2025,17:36.5,2854,2025,Feb-25
14,card,25.96,Americano,Afternoon,Tue,Feb,2,2,04-02-2025,19:48.5,2855,2025,Feb-25
18,card,30.86,Americano with Milk,Night,Tue,Feb,2,2,04-02-2025,13:41.8,2856,2025,Feb-25
19,card,35.76,Cocoa,Night,Tue,Feb,2,2,04-02-2025,05:21.9,2857,2025,Feb-25
19,card,35.76,Cocoa,Night,Tue,Feb,2,2,04-02-2025,09:36.7,2858,2025,Feb-25
19,card,35.76,Cocoa,Night,Tue,Feb,2,2,04-02-2025,10:27.6,2859,2025,Feb-25
19,card,25.96,Cortado,Night,Tue,Feb,2,2,04-02-2025,27:27.3,2860,2025,Feb-25
8,card,30.86,Americano with Milk,Morning,Wed,Feb,3,2,05-02-2025,42:10.5,2861,2025,Feb-25
9,card,30.86,Americano with Milk,Morning,Wed,Feb,3,2,05-02-2025,10:43.7,2862,2025,Feb-25
11,card,25.96,Americano,Morning,Wed,Feb,3,2,05-02-2025,49:35.8,2863,2025,Feb-25
11,card,25.96,Americano,Morning,Wed,Feb,3,2,05-02-2025,50:41.6,2864,2025,Feb-25
11,card,25.96,Americano,Morning,Wed,Feb,3,2,05-02-2025,51:45.4,2865,2025,Feb-25
11,card,30.86,Americano with Milk,Morning,Wed,Feb,3,2,05-02-2025,58:36.4,2866,2025,Feb-25
12,card,25.96,Americano,Afternoon,Wed,Feb,3,2,05-02-2025,10:46.9,2867,2025,Feb-25
13,card,25.96,Americano,Afternoon,Wed,Feb,3,2,05-02-2025,20:46.2,2868,2025,Feb-25
13,card,21.06,Espresso,Afternoon,Wed,Feb,3,2,05-02-2025,43:42.8,2869,2025,Feb-25
13,card,21.06,Espresso,Afternoon,Wed,Feb,3,2,05-02-2025,44:29.3,2870,2025,Feb-25
14,card,35.76,Cappuccino,Afternoon,Wed,Feb,3,2,05-02-2025,57:52.7,2871,2025,Feb-25
15,card,35.76,Cappuccino,Afternoon,Wed,Feb,3,2,05-02-2025,50:58.8,2872,2025,Feb-25
16,card,35.76,Hot Chocolate,Afternoon,Wed,Feb,3,2,05-02-2025,34:20.4,2873,2025,Feb-25
16,card,35.76,Latte,Afternoon,Wed,Feb,3,2,05-02-2025,35:33.0,2874,2025,Feb-25
16,card,35.76,Latte,Afternoon,Wed,Feb,3,2,05-02-2025,36:34.2,2875,2025,Feb-25
16,card,35.76,Cocoa,Afternoon,Wed,Feb,3,2,05-02-2025,39:01.7,2876,2025,Feb-25
16,card,35.76,Hot Chocolate,Afternoon,Wed,Feb,3,2,05-02-2025,41:10.0,2877,2025,Feb-25
18,card,35.76,Cappuccino,Night,Wed,Feb,3,2,05-02-2025,18:34.4,2878,2025,Feb-25
18,card,35.76,Cappuccino,Night,Wed,Feb,3,2,05-02-2025,19:49.1,2879,2025,Feb-25
18,card,35.76,Cocoa,Night,Wed,Feb,3,2,05-02-2025,20:51.5,2880,2025,Feb-25
18,card,30.86,Americano with Milk,Night,Wed,Feb,3,2,05-02-2025,25:29.3,2881,2025,Feb-25
18,card,35.76,Cappuccino,Night,Wed,Feb,3,2,05-02-2025,45:42.1,2882,2025,Feb-25
19,card,35.76,Hot Chocolate,Night,Wed,Feb,3,2,05-02-2025,06:46.3,2883,2025,Feb-25
20,card,35.76,Cocoa,Night,Wed,Feb,3,2,05-02-2025,03:20.6,2884,2025,Feb-25
7,card,30.86,Americano with Milk,Morning,Thu,Feb,4,2,06-02-2025,16:48.6,2885,2025,Feb-25
13,card,25.96,Americano,Afternoon,Thu,Feb,4,2,06-02-2025,59:21.5,2886,2025,Feb-25
14,card,30.86,Americano with Milk,Afternoon,Thu,Feb,4,2,06-02-2025,55:31.6,2887,2025,Feb-25
14,card,35.76,Cappuccino,Afternoon,Thu,Feb,4,2,06-02-2025,59:22.4,2888,2025,Feb-25
16,card,35.76,Cocoa,Afternoon,Thu,Feb,4,2,06-02-2025,14:49.8,2889,2025,Feb-25
17,card,35.76,Cocoa,Night,Thu,Feb,4,2,06-02-2025,09:45.6,2890,2025,Feb-25
17,card,35.76,Cocoa,Night,Thu,Feb,4,2,06-02-2025,54:25.0,2891,2025,Feb-25
19,card,35.76,Cappuccino,Night,Thu,Feb,4,2,06-02-2025,53:12.7,2892,2025,Feb-25
19,card,21.06,Espresso,Night,Thu,Feb,4,2,06-02-2025,55:06.5,2893,2025,Feb-25
20,card,35.76,Cocoa,Night,Thu,Feb,4,2,06-02-2025,06:59.3,2894,2025,Feb-25
20,card,35.76,Cocoa,Night,Thu,Feb,4,2,06-02-2025,07:47.1,2895,2025,Feb-25
20,card,35.76,Latte,Night,Thu,Feb,4,2,06-02-2025,23:13.5,2896,2025,Feb-25
8,card,30.86,Americano with Milk,Morning,Fri,Feb,5,2,07-02-2025,44:50.0,2897,2025,Feb-25
9,card,30.86,Americano with Milk,Morning,Fri,Feb,5,2,07-02-2025,07:04.7,2898,2025,Feb-25
10,card,25.96,Americano,Morning,Fri,Feb,5,2,07-02-2025,49:23.2,2899,2025,Feb-25
12,card,35.76,Cocoa,Afternoon,Fri,Feb,5,2,07-02-2025,09:38.6,2900,2025,Feb-25
12,card,30.86,Americano with Milk,Afternoon,Fri,Feb,5,2,07-02-2025,51:22.4,2901,2025,Feb-25
12,card,25.96,Americano,Afternoon,Fri,Feb,5,2,07-02-2025,58:51.8,2902,2025,Feb-25
16,card,25.96,Cortado,Afternoon,Fri,Feb,5,2,07-02-2025,04:10.9,2903,2025,Feb-25
16,card,35.76,Latte,Afternoon,Fri,Feb,5,2,07-02-2025,22:13.1,2904,2025,Feb-25
16,card,35.76,Hot Chocolate,Afternoon,Fri,Feb,5,2,07-02-2025,23:14.1,2905,2025,Feb-25
16,card,35.76,Latte,Afternoon,Fri,Feb,5,2,07-02-2025,24:35.2,2906,2025,Feb-25
18,card,35.76,Cocoa,Night,Fri,Feb,5,2,07-02-2025,42:36.7,2907,2025,Feb-25
18,card,35.76,Cocoa,Night,Fri,Feb,5,2,07-02-2025,43:36.1,2908,2025,Feb-25
18,card,25.96,Cortado,Night,Fri,Feb,5,2,07-02-2025,44:30.8,2909,2025,Feb-25
18,card,35.76,Cocoa,Night,Fri,Feb,5,2,07-02-2025,45:23.1,2910,2025,Feb-25
20,card,35.76,Cocoa,Night,Fri,Feb,5,2,07-02-2025,10:59.4,2911,2025,Feb-25
20,card,25.96,Cortado,Night,Fri,Feb,5,2,07-02-2025,30:56.9,2912,2025,Feb-25
9,card,25.96,Americano,Morning,Sat,Feb,6,2,08-02-2025,01:42.9,2913,2025,Feb-25
10,card,30.86,Americano with Milk,Morning,Sat,Feb,6,2,08-02-2025,56:17.1,2914,2025,Feb-25
11,card,25.96,Cortado,Morning,Sat,Feb,6,2,08-02-2025,02:41.4,2915,2025,Feb-25
11,card,25.96,Americano,Morning,Sat,Feb,6,2,08-02-2025,39:33.9,2916,2025,Feb-25
12,card,25.96,Americano,Afternoon,Sat,Feb,6,2,08-02-2025,46:12.8,2917,2025,Feb-25
13,card,25.96,Americano,Afternoon,Sat,Feb,6,2,08-02-2025,26:47.6,2918,2025,Feb-25
15,card,25.96,Americano,Afternoon,Sat,Feb,6,2,08-02-2025,07:04.2,2919,2025,Feb-25
15,card,25.96,Americano,Afternoon,Sat,Feb,6,2,08-02-2025,08:09.2,2920,2025,Feb-25
8,card,35.76,Cocoa,Morning,Sun,Feb,7,2,09-02-2025,49:24.1,2921,2025,Feb-25
10,card,30.86,Americano with Milk,Morning,Sun,Feb,7,2,09-02-2025,31:09.2,2922,2025,Feb-25
10,card,25.96,Americano,Morning,Sun,Feb,7,2,09-02-2025,51:28.0,2923,2025,Feb-25
12,card,35.76,Latte,Afternoon,Sun,Feb,7,2,09-02-2025,05:05.0,2924,2025,Feb-25
15,card,35.76,Cocoa,Afternoon,Sun,Feb,7,2,09-02-2025,13:09.2,2925,2025,Feb-25
15,card,35.76,Latte,Afternoon,Sun,Feb,7,2,09-02-2025,14:02.3,2926,2025,Feb-25
15,card,35.76,Hot Chocolate,Afternoon,Sun,Feb,7,2,09-02-2025,15:57.9,2927,2025,Feb-25
15,card,35.76,Cocoa,Afternoon,Sun,Feb,7,2,09-02-2025,16:52.2,2928,2025,Feb-25
16,card,25.96,Cortado,Afternoon,Sun,Feb,7,2,09-02-2025,20:18.8,2929,2025,Feb-25
7,card,25.96,Americano,Morning,Mon,Feb,1,2,10-02-2025,01:46.6,2930,2025,Feb-25
8,card,25.96,Americano,Morning,Mon,Feb,1,2,10-02-2025,16:32.1,2931,2025,Feb-25
8,card,25.96,Americano,Morning,Mon,Feb,1,2,10-02-2025,24:56.4,2932,2025,Feb-25
11,card,30.86,Americano with Milk,Morning,Mon,Feb,1,2,10-02-2025,11:43.0,2933,2025,Feb-25
13,card,25.96,Americano,Afternoon,Mon,Feb,1,2,10-02-2025,08:50.2,2934,2025,Feb-25
13,card,35.76,Cocoa,Afternoon,Mon,Feb,1,2,10-02-2025,11:06.0,2935,2025,Feb-25
13,card,30.86,Americano with Milk,Afternoon,Mon,Feb,1,2,10-02-2025,26:54.7,2936,2025,Feb-25
13,card,25.96,Americano,Afternoon,Mon,Feb,1,2,10-02-2025,40:13.3,2937,2025,Feb-25
14,card,35.76,Latte,Afternoon,Mon,Feb,1,2,10-02-2025,01:52.0,2938,2025,Feb-25
14,card,25.96,Americano,Afternoon,Mon,Feb,1,2,10-02-2025,07:41.4,2939,2025,Feb-25
14,card,35.76,Cocoa,Afternoon,Mon,Feb,1,2,10-02-2025,11:46.5,2940,2025,Feb-25
14,card,35.76,Cocoa,Afternoon,Mon,Feb,1,2,10-02-2025,15:44.6,2941,2025,Feb-25
15,card,35.76,Cappuccino,Afternoon,Mon,Feb,1,2,10-02-2025,01:54.9,2942,2025,Feb-25
15,card,30.86,Americano with Milk,Afternoon,Mon,Feb,1,2,10-02-2025,14:01.2,2943,2025,Feb-25
15,card,35.76,Latte,Afternoon,Mon,Feb,1,2,10-02-2025,46:02.6,2944,2025,Feb-25
15,card,35.76,Hot Chocolate,Afternoon,Mon,Feb,1,2,10-02-2025,47:44.1,2945,2025,Feb-25
16,card,35.76,Cocoa,Afternoon,Mon,Feb,1,2,10-02-2025,20:55.0,2946,2025,Feb-25
17,card,25.96,Americano,Night,Mon,Feb,1,2,10-02-2025,12:02.4,2947,2025,Feb-25
18,card,30.86,Americano with Milk,Night,Mon,Feb,1,2,10-02-2025,27:14.6,2948,2025,Feb-25
19,card,35.76,Latte,Night,Mon,Feb,1,2,10-02-2025,14:01.5,2949,2025,Feb-25
19,card,35.76,Latte,Night,Mon,Feb,1,2,10-02-2025,14:53.5,2950,2025,Feb-25
10,card,25.96,Americano,Morning,Tue,Feb,2,2,11-02-2025,38:26.0,2951,2025,Feb-25
11,card,25.96,Americano,Morning,Tue,Feb,2,2,11-02-2025,19:15.5,2952,2025,Feb-25
11,card,30.86,Americano with Milk,Morning,Tue,Feb,2,2,11-02-2025,20:12.2,2953,2025,Feb-25
11,card,35.76,Cocoa,Morning,Tue,Feb,2,2,11-02-2025,21:08.0,2954,2025,Feb-25
15,card,35.76,Hot Chocolate,Afternoon,Tue,Feb,2,2,11-02-2025,56:49.9,2955,2025,Feb-25
16,card,30.86,Americano with Milk,Afternoon,Tue,Feb,2,2,11-02-2025,09:08.4,2956,2025,Feb-25
16,card,21.06,Espresso,Afternoon,Tue,Feb,2,2,11-02-2025,49:41.0,2957,2025,Feb-25
17,card,35.76,Latte,Night,Tue,Feb,2,2,11-02-2025,35:34.9,2958,2025,Feb-25
17,card,30.86,Americano with Milk,Night,Tue,Feb,2,2,11-02-2025,36:42.2,2959,2025,Feb-25
17,card,30.86,Americano with Milk,Night,Tue,Feb,2,2,11-02-2025,44:12.6,2960,2025,Feb-25
17,card,25.96,Americano,Night,Tue,Feb,2,2,11-02-2025,50:40.4,2961,2025,Feb-25
17,card,30.86,Americano with Milk,Night,Tue,Feb,2,2,11-02-2025,54:37.8,2962,2025,Feb-25
19,card,35.76,Latte,Night,Tue,Feb,2,2,11-02-2025,04:11.0,2963,2025,Feb-25
19,card,35.76,Cocoa,Night,Tue,Feb,2,2,11-02-2025,05:03.8,2964,2025,Feb-25
7,card,35.76,Cappuccino,Morning,Wed,Feb,3,2,12-02-2025,16:57.2,2965,2025,Feb-25
7,card,25.96,Americano,Morning,Wed,Feb,3,2,12-02-2025,35:37.6,2966,2025,Feb-25
8,card,35.76,Cocoa,Morning,Wed,Feb,3,2,12-02-2025,54:35.8,2967,2025,Feb-25
9,card,30.86,Americano with Milk,Morning,Wed,Feb,3,2,12-02-2025,19:45.9,2968,2025,Feb-25
10,card,25.96,Americano,Morning,Wed,Feb,3,2,12-02-2025,43:13.5,2969,2025,Feb-25
12,card,25.96,Americano,Afternoon,Wed,Feb,3,2,12-02-2025,43:29.1,2970,2025,Feb-25
13,card,25.96,Americano,Afternoon,Wed,Feb,3,2,12-02-2025,08:09.3,2971,2025,Feb-25
13,card,35.76,Hot Chocolate,Afternoon,Wed,Feb,3,2,12-02-2025,41:39.7,2972,2025,Feb-25
15,card,35.76,Hot Chocolate,Afternoon,Wed,Feb,3,2,12-02-2025,41:24.8,2973,2025,Feb-25
15,card,35.76,Latte,Afternoon,Wed,Feb,3,2,12-02-2025,42:16.6,2974,2025,Feb-25
15,card,35.76,Hot Chocolate,Afternoon,Wed,Feb,3,2,12-02-2025,43:34.5,2975,2025,Feb-25
16,card,25.96,Americano,Afternoon,Wed,Feb,3,2,12-02-2025,12:58.4,2976,2025,Feb-25
16,card,25.96,Americano,Afternoon,Wed,Feb,3,2,12-02-2025,26:08.5,2977,2025,Feb-25
17,card,35.76,Cappuccino,Night,Wed,Feb,3,2,12-02-2025,05:32.0,2978,2025,Feb-25
17,card,25.96,Americano,Night,Wed,Feb,3,2,12-02-2025,42:51.5,2979,2025,Feb-25
20,card,35.76,Latte,Night,Wed,Feb,3,2,12-02-2025,05:40.7,2980,2025,Feb-25
20,card,35.76,Cocoa,Night,Wed,Feb,3,2,12-02-2025,23:13.4,2981,2025,Feb-25
21,card,35.76,Cappuccino,Night,Wed,Feb,3,2,12-02-2025,17:04.3,2982,2025,Feb-25
7,card,30.86,Americano with Milk,Morning,Thu,Feb,4,2,13-02-2025,38:47.9,2983,2025,Feb-25
8,card,25.96,Americano,Morning,Thu,Feb,4,2,13-02-2025,45:57.1,2984,2025,Feb-25
9,card,21.06,Espresso,Morning,Thu,Feb,4,2,13-02-2025,17:21.0,2985,2025,Feb-25
9,card,35.76,Cocoa,Morning,Thu,Feb,4,2,13-02-2025,36:05.1,2986,2025,Feb-25
10,card,30.86,Americano with Milk,Morning,Thu,Feb,4,2,13-02-2025,29:32.7,2987,2025,Feb-25
10,card,30.86,Americano with Milk,Morning,Thu,Feb,4,2,13-02-2025,59:27.0,2988,2025,Feb-25
16,card,25.96,Americano,Afternoon,Thu,Feb,4,2,13-02-2025,30:39.2,2989,2025,Feb-25
16,card,25.96,Americano,Afternoon,Thu,Feb,4,2,13-02-2025,31:33.7,2990,2025,Feb-25
17,card,30.86,Americano with Milk,Night,Thu,Feb,4,2,13-02-2025,16:11.6,2991,2025,Feb-25
17,card,30.86,Americano with Milk,Night,Thu,Feb,4,2,13-02-2025,17:20.2,2992,2025,Feb-25
18,card,35.76,Latte,Night,Thu,Feb,4,2,13-02-2025,01:35.5,2993,2025,Feb-25
18,card,35.76,Cappuccino,Night,Thu,Feb,4,2,13-02-2025,15:08.6,2994,2025,Feb-25
19,card,35.76,Latte,Night,Thu,Feb,4,2,13-02-2025,06:30.4,2995,2025,Feb-25
11,card,25.96,Americano,Morning,Fri,Feb,5,2,14-02-2025,38:55.7,2996,2025,Feb-25
14,card,35.76,Hot Chocolate,Afternoon,Fri,Feb,5,2,14-02-2025,07:09.3,2997,2025,Feb-25
14,card,25.96,Americano,Afternoon,Fri,Feb,5,2,14-02-2025,45:59.8,2998,2025,Feb-25
14,card,21.06,Espresso,Afternoon,Fri,Feb,5,2,14-02-2025,46:45.1,2999,2025,Feb-25
14,card,30.86,Americano with Milk,Afternoon,Fri,Feb,5,2,14-02-2025,58:12.2,3000,2025,Feb-25
15,card,35.76,Cappuccino,Afternoon,Fri,Feb,5,2,14-02-2025,00:16.7,3001,2025,Feb-25
15,card,35.76,Cappuccino,Afternoon,Fri,Feb,5,2,14-02-2025,36:40.9,3002,2025,Feb-25
15,card,35.76,Latte,Afternoon,Fri,Feb,5,2,14-02-2025,38:47.5,3003,2025,Feb-25
15,card,35.76,Hot Chocolate,Afternoon,Fri,Feb,5,2,14-02-2025,53:56.5,3004,2025,Feb-25
15,card,35.76,Cappuccino,Afternoon,Fri,Feb,5,2,14-02-2025,54:57.2,3005,2025,Feb-25
17,card,25.96,Americano,Night,Fri,Feb,5,2,14-02-2025,03:16.1,3006,2025,Feb-25
17,card,35.76,Cocoa,Night,Fri,Feb,5,2,14-02-2025,04:29.5,3007,2025,Feb-25
17,card,21.06,Espresso,Night,Fri,Feb,5,2,14-02-2025,09:07.6,3008,2025,Feb-25
17,card,30.86,Americano with Milk,Night,Fri,Feb,5,2,14-02-2025,25:24.9,3009,2025,Feb-25
21,card,25.96,Americano,Night,Fri,Feb,5,2,14-02-2025,18:30.0,3010,2025,Feb-25
9,card,35.76,Cappuccino,Morning,Sat,Feb,6,2,15-02-2025,22:51.9,3011,2025,Feb-25
12,card,35.76,Cappuccino,Afternoon,Sat,Feb,6,2,15-02-2025,41:53.8,3012,2025,Feb-25
12,card,25.96,Americano,Afternoon,Sat,Feb,6,2,15-02-2025,44:26.6,3013,2025,Feb-25
13,card,30.86,Americano with Milk,Afternoon,Sat,Feb,6,2,15-02-2025,02:19.9,3014,2025,Feb-25
13,card,30.86,Americano with Milk,Afternoon,Sat,Feb,6,2,15-02-2025,32:05.7,3015,2025,Feb-25
14,card,35.76,Cappuccino,Afternoon,Sat,Feb,6,2,15-02-2025,01:51.2,3016,2025,Feb-25
14,card,25.96,Americano,Afternoon,Sat,Feb,6,2,15-02-2025,11:53.9,3017,2025,Feb-25
15,card,35.76,Hot Chocolate,Afternoon,Sat,Feb,6,2,15-02-2025,40:07.7,3018,2025,Feb-25
15,card,35.76,Hot Chocolate,Afternoon,Sat,Feb,6,2,15-02-2025,40:59.4,3019,2025,Feb-25
10,card,25.96,Americano,Morning,Sun,Feb,7,2,16-02-2025,46:43.2,3020,2025,Feb-25
10,card,25.96,Americano,Morning,Sun,Feb,7,2,16-02-2025,50:00.6,3021,2025,Feb-25
10,card,30.86,Americano with Milk,Morning,Sun,Feb,7,2,16-02-2025,51:04.0,3022,2025,Feb-25
11,card,35.76,Hot Chocolate,Morning,Sun,Feb,7,2,16-02-2025,04:47.9,3023,2025,Feb-25
11,card,25.96,Americano,Morning,Sun,Feb,7,2,16-02-2025,32:29.1,3024,2025,Feb-25
14,card,35.76,Hot Chocolate,Afternoon,Sun,Feb,7,2,16-02-2025,15:37.0,3025,2025,Feb-25
14,card,35.76,Latte,Afternoon,Sun,Feb,7,2,16-02-2025,16:41.1,3026,2025,Feb-25
17,card,35.76,Hot Chocolate,Night,Sun,Feb,7,2,16-02-2025,12:27.4,3027,2025,Feb-25
17,card,30.86,Americano with Milk,Night,Sun,Feb,7,2,16-02-2025,13:33.0,3028,2025,Feb-25
17,card,30.86,Americano with Milk,Night,Sun,Feb,7,2,16-02-2025,44:32.8,3029,2025,Feb-25
6,card,35.76,Cappuccino,Morning,Mon,Feb,1,2,17-02-2025,50:04.5,3030,2025,Feb-25
8,card,25.96,Americano,Morning,Mon,Feb,1,2,17-02-2025,53:13.8,3031,2025,Feb-25
9,card,25.96,Americano,Morning,Mon,Feb,1,2,17-02-2025,00:55.1,3032,2025,Feb-25
9,card,30.86,Americano with Milk,Morning,Mon,Feb,1,2,17-02-2025,28:06.6,3033,2025,Feb-25
9,card,35.76,Hot Chocolate,Morning,Mon,Feb,1,2,17-02-2025,56:59.2,3034,2025,Feb-25
10,card,30.86,Americano with Milk,Morning,Mon,Feb,1,2,17-02-2025,20:12.1,3035,2025,Feb-25
10,card,25.96,Americano,Morning,Mon,Feb,1,2,17-02-2025,44:48.0,3036,2025,Feb-25
11,card,30.86,Americano with Milk,Morning,Mon,Feb,1,2,17-02-2025,53:58.6,3037,2025,Feb-25
11,card,21.06,Espresso,Morning,Mon,Feb,1,2,17-02-2025,55:02.2,3038,2025,Feb-25
12,card,35.76,Cappuccino,Afternoon,Mon,Feb,1,2,17-02-2025,48:58.3,3039,2025,Feb-25
14,card,35.76,Latte,Afternoon,Mon,Feb,1,2,17-02-2025,23:01.9,3040,2025,Feb-25
15,card,30.86,Americano with Milk,Afternoon,Mon,Feb,1,2,17-02-2025,05:41.7,3041,2025,Feb-25
15,card,35.76,Latte,Afternoon,Mon,Feb,1,2,17-02-2025,33:19.6,3042,2025,Feb-25
16,card,21.06,Espresso,Afternoon,Mon,Feb,1,2,17-02-2025,19:06.4,3043,2025,Feb-25
16,card,25.96,Americano,Afternoon,Mon,Feb,1,2,17-02-2025,22:42.0,3044,2025,Feb-25
17,card,30.86,Americano with Milk,Night,Mon,Feb,1,2,17-02-2025,31:14.1,3045,2025,Feb-25
18,card,25.96,Americano,Night,Mon,Feb,1,2,17-02-2025,23:52.6,3046,2025,Feb-25
19,card,25.96,Americano,Night,Mon,Feb,1,2,17-02-2025,13:51.8,3047,2025,Feb-25
19,card,25.96,Americano,Night,Mon,Feb,1,2,17-02-2025,15:00.9,3048,2025,Feb-25
20,card,35.76,Latte,Night,Mon,Feb,1,2,17-02-2025,18:17.5,3049,2025,Feb-25
8,card,25.96,Americano,Morning,Tue,Feb,2,2,18-02-2025,53:08.7,3050,2025,Feb-25
8,card,25.96,Americano,Morning,Tue,Feb,2,2,18-02-2025,54:14.5,3051,2025,Feb-25
11,card,25.96,Americano,Morning,Tue,Feb,2,2,18-02-2025,07:35.3,3052,2025,Feb-25
11,card,25.96,Americano,Morning,Tue,Feb,2,2,18-02-2025,30:06.2,3053,2025,Feb-25
11,card,30.86,Americano with Milk,Morning,Tue,Feb,2,2,18-02-2025,38:23.5,3054,2025,Feb-25
12,card,30.86,Americano with Milk,Afternoon,Tue,Feb,2,2,18-02-2025,15:26.6,3055,2025,Feb-25
13,card,35.76,Cocoa,Afternoon,Tue,Feb,2,2,18-02-2025,04:27.2,3056,2025,Feb-25
13,card,25.96,Americano,Afternoon,Tue,Feb,2,2,18-02-2025,25:45.1,3057,2025,Feb-25
13,card,30.86,Americano with Milk,Afternoon,Tue,Feb,2,2,18-02-2025,27:05.3,3058,2025,Feb-25
17,card,35.76,Hot Chocolate,Night,Tue,Feb,2,2,18-02-2025,05:28.0,3059,2025,Feb-25
17,card,30.86,Americano with Milk,Night,Tue,Feb,2,2,18-02-2025,08:19.3,3060,2025,Feb-25
17,card,21.06,Espresso,Night,Tue,Feb,2,2,18-02-2025,09:17.3,3061,2025,Feb-25
17,card,35.76,Cocoa,Night,Tue,Feb,2,2,18-02-2025,10:22.9,3062,2025,Feb-25
17,card,35.76,Cocoa,Night,Tue,Feb,2,2,18-02-2025,11:35.7,3063,2025,Feb-25
19,card,35.76,Cocoa,Night,Tue,Feb,2,2,18-02-2025,36:27.3,3064,2025,Feb-25
20,card,35.76,Cocoa,Night,Tue,Feb,2,2,18-02-2025,06:56.2,3065,2025,Feb-25
20,card,35.76,Hot Chocolate,Night,Tue,Feb,2,2,18-02-2025,58:12.6,3066,2025,Feb-25
21,card,30.86,Americano with Milk,Night,Tue,Feb,2,2,18-02-2025,01:59.6,3067,2025,Feb-25
8,card,35.76,Cappuccino,Morning,Wed,Feb,3,2,19-02-2025,08:53.0,3068,2025,Feb-25
8,card,25.96,Americano,Morning,Wed,Feb,3,2,19-02-2025,09:54.1,3069,2025,Feb-25
8,card,25.96,Americano,Morning,Wed,Feb,3,2,19-02-2025,47:32.8,3070,2025,Feb-25
9,card,35.76,Cappuccino,Morning,Wed,Feb,3,2,19-02-2025,24:32.0,3071,2025,Feb-25
10,card,25.96,Americano,Morning,Wed,Feb,3,2,19-02-2025,09:51.0,3072,2025,Feb-25
10,card,35.76,Hot Chocolate,Morning,Wed,Feb,3,2,19-02-2025,19:01.3,3073,2025,Feb-25
10,card,30.86,Americano with Milk,Morning,Wed,Feb,3,2,19-02-2025,40:51.6,3074,2025,Feb-25
12,card,25.96,Americano,Afternoon,Wed,Feb,3,2,19-02-2025,45:06.1,3075,2025,Feb-25
12,card,35.76,Cocoa,Afternoon,Wed,Feb,3,2,19-02-2025,46:04.0,3076,2025,Feb-25
13,card,25.96,Americano,Afternoon,Wed,Feb,3,2,19-02-2025,06:54.4,3077,2025,Feb-25
15,card,35.76,Cappuccino,Afternoon,Wed,Feb,3,2,19-02-2025,50:42.8,3078,2025,Feb-25
17,card,25.96,Americano,Night,Wed,Feb,3,2,19-02-2025,04:00.3,3079,2025,Feb-25
17,card,35.76,Cappuccino,Night,Wed,Feb,3,2,19-02-2025,34:49.1,3080,2025,Feb-25
17,card,30.86,Americano with Milk,Night,Wed,Feb,3,2,19-02-2025,57:52.0,3081,2025,Feb-25
18,card,35.76,Cappuccino,Night,Wed,Feb,3,2,19-02-2025,35:38.8,3082,2025,Feb-25
19,card,35.76,Latte,Night,Wed,Feb,3,2,19-02-2025,01:33.1,3083,2025,Feb-25
19,card,35.76,Cocoa,Night,Wed,Feb,3,2,19-02-2025,11:50.0,3084,2025,Feb-25
19,card,35.76,Hot Chocolate,Night,Wed,Feb,3,2,19-02-2025,12:42.8,3085,2025,Feb-25
19,card,35.76,Latte,Night,Wed,Feb,3,2,19-02-2025,26:23.0,3086,2025,Feb-25
20,card,35.76,Cocoa,Night,Wed,Feb,3,2,19-02-2025,05:28.4,3087,2025,Feb-25
7,card,35.76,Cappuccino,Morning,Thu,Feb,4,2,20-02-2025,56:24.6,3088,2025,Feb-25
9,card,25.96,Americano,Morning,Thu,Feb,4,2,20-02-2025,17:53.3,3089,2025,Feb-25
10,card,35.76,Cappuccino,Morning,Thu,Feb,4,2,20-02-2025,16:40.4,3090,2025,Feb-25
10,card,25.96,Americano,Morning,Thu,Feb,4,2,20-02-2025,17:38.7,3091,2025,Feb-25
10,card,25.96,Americano,Morning,Thu,Feb,4,2,20-02-2025,20:24.9,3092,2025,Feb-25
10,card,25.96,Americano,Morning,Thu,Feb,4,2,20-02-2025,24:23.5,3093,2025,Feb-25
13,card,30.86,Americano with Milk,Afternoon,Thu,Feb,4,2,20-02-2025,02:19.8,3094,2025,Feb-25
14,card,35.76,Latte,Afternoon,Thu,Feb,4,2,20-02-2025,20:33.1,3095,2025,Feb-25
14,card,25.96,Americano,Afternoon,Thu,Feb,4,2,20-02-2025,37:59.8,3096,2025,Feb-25
14,card,25.96,Americano,Afternoon,Thu,Feb,4,2,20-02-2025,38:49.3,3097,2025,Feb-25
15,card,21.06,Espresso,Afternoon,Thu,Feb,4,2,20-02-2025,19:45.6,3098,2025,Feb-25
16,card,35.76,Cappuccino,Afternoon,Thu,Feb,4,2,20-02-2025,05:49.5,3099,2025,Feb-25
16,card,35.76,Cappuccino,Afternoon,Thu,Feb,4,2,20-02-2025,59:06.6,3100,2025,Feb-25
17,card,35.76,Hot Chocolate,Night,Thu,Feb,4,2,20-02-2025,00:36.9,3101,2025,Feb-25
17,card,25.96,Americano,Night,Thu,Feb,4,2,20-02-2025,07:28.0,3102,2025,Feb-25
18,card,25.96,Americano,Night,Thu,Feb,4,2,20-02-2025,57:34.6,3103,2025,Feb-25
19,card,35.76,Hot Chocolate,Night,Thu,Feb,4,2,20-02-2025,01:51.3,3104,2025,Feb-25
19,card,35.76,Cocoa,Night,Thu,Feb,4,2,20-02-2025,07:25.6,3105,2025,Feb-25
20,card,35.76,Latte,Night,Thu,Feb,4,2,20-02-2025,07:03.6,3106,2025,Feb-25
6,card,25.96,Americano,Morning,Fri,Feb,5,2,21-02-2025,59:08.4,3107,2025,Feb-25
9,card,35.76,Latte,Morning,Fri,Feb,5,2,21-02-2025,41:29.6,3108,2025,Feb-25
9,card,35.76,Cappuccino,Morning,Fri,Feb,5,2,21-02-2025,49:20.9,3109,2025,Feb-25
9,card,21.06,Espresso,Morning,Fri,Feb,5,2,21-02-2025,51:12.6,3110,2025,Feb-25
10,card,25.96,Americano,Morning,Fri,Feb,5,2,21-02-2025,18:11.0,3111,2025,Feb-25
11,card,30.86,Americano with Milk,Morning,Fri,Feb,5,2,21-02-2025,10:07.5,3112,2025,Feb-25
12,card,25.96,Americano,Afternoon,Fri,Feb,5,2,21-02-2025,04:49.2,3113,2025,Feb-25
12,card,25.96,Americano,Afternoon,Fri,Feb,5,2,21-02-2025,07:42.8,3114,2025,Feb-25
12,card,25.96,Americano,Afternoon,Fri,Feb,5,2,21-02-2025,56:18.0,3115,2025,Feb-25
12,card,25.96,Americano,Afternoon,Fri,Feb,5,2,21-02-2025,57:02.9,3116,2025,Feb-25
13,card,25.96,Americano,Afternoon,Fri,Feb,5,2,21-02-2025,06:42.9,3117,2025,Feb-25
14,card,25.96,Americano,Afternoon,Fri,Feb,5,2,21-02-2025,17:54.8,3118,2025,Feb-25
15,card,35.76,Cappuccino,Afternoon,Fri,Feb,5,2,21-02-2025,18:31.3,3119,2025,Feb-25
15,card,25.96,Americano,Afternoon,Fri,Feb,5,2,21-02-2025,45:54.2,3120,2025,Feb-25
15,card,25.96,Americano,Afternoon,Fri,Feb,5,2,21-02-2025,46:48.3,3121,2025,Feb-25
15,card,25.96,Americano,Afternoon,Fri,Feb,5,2,21-02-2025,52:48.0,3122,2025,Feb-25
16,card,35.76,Cocoa,Afternoon,Fri,Feb,5,2,21-02-2025,10:06.1,3123,2025,Feb-25
16,card,35.76,Latte,Afternoon,Fri,Feb,5,2,21-02-2025,46:58.7,3124,2025,Feb-25
16,card,35.76,Hot Chocolate,Afternoon,Fri,Feb,5,2,21-02-2025,48:58.5,3125,2025,Feb-25
16,card,35.76,Latte,Afternoon,Fri,Feb,5,2,21-02-2025,50:13.4,3126,2025,Feb-25
19,card,35.76,Cocoa,Night,Fri,Feb,5,2,21-02-2025,08:18.8,3127,2025,Feb-25
19,card,35.76,Cocoa,Night,Fri,Feb,5,2,21-02-2025,09:09.6,3128,2025,Feb-25
19,card,35.76,Cappuccino,Night,Fri,Feb,5,2,21-02-2025,59:24.1,3129,2025,Feb-25
10,card,35.76,Hot Chocolate,Morning,Sat,Feb,6,2,22-02-2025,52:18.7,3130,2025,Feb-25
11,card,25.96,Americano,Morning,Sat,Feb,6,2,22-02-2025,28:30.5,3131,2025,Feb-25
11,card,25.96,Americano,Morning,Sat,Feb,6,2,22-02-2025,41:12.8,3132,2025,Feb-25
12,card,21.06,Espresso,Afternoon,Sat,Feb,6,2,22-02-2025,59:41.9,3133,2025,Feb-25
15,card,30.86,Americano with Milk,Afternoon,Sat,Feb,6,2,22-02-2025,03:03.3,3134,2025,Feb-25
10,card,30.86,Americano with Milk,Morning,Sun,Feb,7,2,23-02-2025,33:11.5,3135,2025,Feb-25
12,card,30.86,Americano with Milk,Afternoon,Sun,Feb,7,2,23-02-2025,52:26.4,3136,2025,Feb-25
12,card,30.86,Americano with Milk,Afternoon,Sun,Feb,7,2,23-02-2025,54:06.2,3137,2025,Feb-25
13,card,35.76,Cappuccino,Afternoon,Sun,Feb,7,2,23-02-2025,50:21.6,3138,2025,Feb-25
14,card,35.76,Cocoa,Afternoon,Sun,Feb,7,2,23-02-2025,02:03.4,3139,2025,Feb-25
17,card,25.96,Americano,Night,Sun,Feb,7,2,23-02-2025,27:44.9,3140,2025,Feb-25
9,card,30.86,Americano with Milk,Morning,Mon,Feb,1,2,24-02-2025,14:53.6,3141,2025,Feb-25
9,card,35.76,Latte,Morning,Mon,Feb,1,2,24-02-2025,45:10.7,3142,2025,Feb-25
10,card,25.96,Americano,Morning,Mon,Feb,1,2,24-02-2025,02:48.5,3143,2025,Feb-25
10,card,30.86,Americano with Milk,Morning,Mon,Feb,1,2,24-02-2025,09:12.5,3144,2025,Feb-25
10,card,30.86,Americano with Milk,Morning,Mon,Feb,1,2,24-02-2025,10:21.7,3145,2025,Feb-25
10,card,35.76,Cocoa,Morning,Mon,Feb,1,2,24-02-2025,47:47.7,3146,2025,Feb-25
12,card,35.76,Latte,Afternoon,Mon,Feb,1,2,24-02-2025,58:41.3,3147,2025,Feb-25
13,card,35.76,Cocoa,Afternoon,Mon,Feb,1,2,24-02-2025,00:01.3,3148,2025,Feb-25
15,card,30.86,Americano with Milk,Afternoon,Mon,Feb,1,2,24-02-2025,40:01.8,3149,2025,Feb-25
16,card,35.76,Cocoa,Afternoon,Mon,Feb,1,2,24-02-2025,00:06.3,3150,2025,Feb-25
16,card,35.76,Cappuccino,Afternoon,Mon,Feb,1,2,24-02-2025,10:24.0,3151,2025,Feb-25
16,card,35.76,Latte,Afternoon,Mon,Feb,1,2,24-02-2025,28:52.1,3152,2025,Feb-25
16,card,25.96,Americano,Afternoon,Mon,Feb,1,2,24-02-2025,59:38.5,3153,2025,Feb-25
17,card,25.96,Americano,Night,Mon,Feb,1,2,24-02-2025,00:44.9,3154,2025,Feb-25
17,card,30.86,Americano with Milk,Night,Mon,Feb,1,2,24-02-2025,37:38.9,3155,2025,Feb-25
18,card,30.86,Americano with Milk,Night,Mon,Feb,1,2,24-02-2025,07:01.7,3156,2025,Feb-25
18,card,35.76,Latte,Night,Mon,Feb,1,2,24-02-2025,21:57.2,3157,2025,Feb-25
19,card,30.86,Americano with Milk,Night,Mon,Feb,1,2,24-02-2025,04:34.4,3158,2025,Feb-25
19,card,35.76,Hot Chocolate,Night,Mon,Feb,1,2,24-02-2025,24:10.8,3159,2025,Feb-25
19,card,35.76,Latte,Night,Mon,Feb,1,2,24-02-2025,24:54.4,3160,2025,Feb-25
19,card,35.76,Cocoa,Night,Mon,Feb,1,2,24-02-2025,26:14.8,3161,2025,Feb-25
20,card,35.76,Cocoa,Night,Mon,Feb,1,2,24-02-2025,14:51.3,3162,2025,Feb-25
8,card,30.86,Americano with Milk,Morning,Tue,Feb,2,2,25-02-2025,00:39.3,3163,2025,Feb-25
8,card,25.96,Americano,Morning,Tue,Feb,2,2,25-02-2025,49:21.1,3164,2025,Feb-25
8,card,30.86,Americano with Milk,Morning,Tue,Feb,2,2,25-02-2025,50:14.3,3165,2025,Feb-25
10,card,21.06,Espresso,Morning,Tue,Feb,2,2,25-02-2025,02:44.9,3166,2025,Feb-25
11,card,25.96,Americano,Morning,Tue,Feb,2,2,25-02-2025,03:33.8,3167,2025,Feb-25
11,card,25.96,Americano,Morning,Tue,Feb,2,2,25-02-2025,04:26.9,3168,2025,Feb-25
12,card,35.76,Cappuccino,Afternoon,Tue,Feb,2,2,25-02-2025,20:41.5,3169,2025,Feb-25
14,card,35.76,Cappuccino,Afternoon,Tue,Feb,2,2,25-02-2025,14:18.5,3170,2025,Feb-25
16,card,25.96,Americano,Afternoon,Tue,Feb,2,2,25-02-2025,49:37.4,3171,2025,Feb-25
16,card,25.96,Americano,Afternoon,Tue,Feb,2,2,25-02-2025,50:35.8,3172,2025,Feb-25
18,card,35.76,Cocoa,Night,Tue,Feb,2,2,25-02-2025,19:09.1,3173,2025,Feb-25
19,card,35.76,Cappuccino,Night,Tue,Feb,2,2,25-02-2025,32:40.4,3174,2025,Feb-25
8,card,25.96,Americano,Morning,Wed,Feb,3,2,26-02-2025,57:37.2,3175,2025,Feb-25
10,card,30.86,Americano with Milk,Morning,Wed,Feb,3,2,26-02-2025,11:27.1,3176,2025,Feb-25
10,card,30.86,Americano with Milk,Morning,Wed,Feb,3,2,26-02-2025,12:25.5,3177,2025,Feb-25
10,card,35.76,Hot Chocolate,Morning,Wed,Feb,3,2,26-02-2025,16:57.1,3178,2025,Feb-25
13,card,35.76,Cocoa,Afternoon,Wed,Feb,3,2,26-02-2025,13:26.9,3179,2025,Feb-25
13,card,35.76,Latte,Afternoon,Wed,Feb,3,2,26-02-2025,31:23.6,3180,2025,Feb-25
15,card,25.96,Americano,Afternoon,Wed,Feb,3,2,26-02-2025,01:58.6,3181,2025,Feb-25
15,card,25.96,Americano,Afternoon,Wed,Feb,3,2,26-02-2025,14:48.0,3182,2025,Feb-25
15,card,25.96,Cortado,Afternoon,Wed,Feb,3,2,26-02-2025,17:24.5,3183,2025,Feb-25
15,card,35.76,Hot Chocolate,Afternoon,Wed,Feb,3,2,26-02-2025,20:02.8,3184,2025,Feb-25
15,card,25.96,Americano,Afternoon,Wed,Feb,3,2,26-02-2025,20:48.8,3185,2025,Feb-25
15,card,25.96,Americano,Afternoon,Wed,Feb,3,2,26-02-2025,28:45.3,3186,2025,Feb-25
16,card,35.76,Latte,Afternoon,Wed,Feb,3,2,26-02-2025,20:46.8,3187,2025,Feb-25
16,card,35.76,Hot Chocolate,Afternoon,Wed,Feb,3,2,26-02-2025,55:13.6,3188,2025,Feb-25
16,card,35.76,Latte,Afternoon,Wed,Feb,3,2,26-02-2025,55:59.6,3189,2025,Feb-25
17,card,30.86,Americano with Milk,Night,Wed,Feb,3,2,26-02-2025,22:44.6,3190,2025,Feb-25
18,card,35.76,Latte,Night,Wed,Feb,3,2,26-02-2025,11:24.1,3191,2025,Feb-25
18,card,35.76,Cappuccino,Night,Wed,Feb,3,2,26-02-2025,13:50.4,3192,2025,Feb-25
7,card,35.76,Cappuccino,Morning,Thu,Feb,4,2,27-02-2025,19:00.3,3193,2025,Feb-25
7,card,35.76,Cappuccino,Morning,Thu,Feb,4,2,27-02-2025,21:00.6,3194,2025,Feb-25
10,card,21.06,Espresso,Morning,Thu,Feb,4,2,27-02-2025,52:29.2,3195,2025,Feb-25
11,card,35.76,Cocoa,Morning,Thu,Feb,4,2,27-02-2025,08:16.9,3196,2025,Feb-25
12,card,35.76,Cocoa,Afternoon,Thu,Feb,4,2,27-02-2025,48:15.9,3197,2025,Feb-25
13,card,30.86,Americano with Milk,Afternoon,Thu,Feb,4,2,27-02-2025,29:48.4,3198,2025,Feb-25
14,card,25.96,Americano,Afternoon,Thu,Feb,4,2,27-02-2025,23:16.5,3199,2025,Feb-25
14,card,35.76,Latte,Afternoon,Thu,Feb,4,2,27-02-2025,43:19.3,3200,2025,Feb-25
15,card,25.96,Americano,Afternoon,Thu,Feb,4,2,27-02-2025,47:50.7,3201,2025,Feb-25
16,card,25.96,Americano,Afternoon,Thu,Feb,4,2,27-02-2025,28:28.1,3202,2025,Feb-25
17,card,25.96,Americano,Night,Thu,Feb,4,2,27-02-2025,12:56.0,3203,2025,Feb-25
17,card,25.96,Americano,Night,Thu,Feb,4,2,27-02-2025,23:10.0,3204,2025,Feb-25
17,card,35.76,Latte,Night,Thu,Feb,4,2,27-02-2025,53:13.1,3205,2025,Feb-25
18,card,35.76,Latte,Night,Thu,Feb,4,2,27-02-2025,17:29.0,3206,2025,Feb-25
18,card,35.76,Cappuccino,Night,Thu,Feb,4,2,27-02-2025,38:40.9,3207,2025,Feb-25
18,card,35.76,Cocoa,Night,Thu,Feb,4,2,27-02-2025,40:01.8,3208,2025,Feb-25
18,card,35.76,Cocoa,Night,Thu,Feb,4,2,27-02-2025,40:52.0,3209,2025,Feb-25
19,card,35.76,Latte,Night,Thu,Feb,4,2,27-02-2025,14:15.6,3210,2025,Feb-25
20,card,35.76,Cappuccino,Night,Thu,Feb,4,2,27-02-2025,02:07.2,3211,2025,Feb-25
6,card,30.86,Americano with Milk,Morning,Fri,Feb,5,2,28-02-2025,52:45.6,3212,2025,Feb-25
6,card,30.86,Americano with Milk,Morning,Fri,Feb,5,2,28-02-2025,55:00.0,3213,2025,Feb-25
7,card,35.76,Cappuccino,Morning,Fri,Feb,5,2,28-02-2025,18:36.9,3214,2025,Feb-25
8,card,21.06,Espresso,Morning,Fri,Feb,5,2,28-02-2025,09:57.8,3215,2025,Feb-25
9,card,30.86,Americano with Milk,Morning,Fri,Feb,5,2,28-02-2025,02:38.1,3216,2025,Feb-25
14,card,25.96,Americano,Afternoon,Fri,Feb,5,2,28-02-2025,44:28.1,3217,2025,Feb-25
14,card,25.96,Americano,Afternoon,Fri,Feb,5,2,28-02-2025,45:22.0,3218,2025,Feb-25
14,card,25.96,Americano,Afternoon,Fri,Feb,5,2,28-02-2025,47:52.3,3219,2025,Feb-25
14,card,35.76,Latte,Afternoon,Fri,Feb,5,2,28-02-2025,52:02.2,3220,2025,Feb-25
15,card,25.96,Americano,Afternoon,Fri,Feb,5,2,28-02-2025,19:18.7,3221,2025,Feb-25
16,card,35.76,Cocoa,Afternoon,Fri,Feb,5,2,28-02-2025,22:27.4,3222,2025,Feb-25
16,card,25.96,Americano,Afternoon,Fri,Feb,5,2,28-02-2025,30:06.7,3223,2025,Feb-25
17,card,35.76,Latte,Night,Fri,Feb,5,2,28-02-2025,21:00.9,3224,2025,Feb-25
17,card,30.86,Americano with Milk,Night,Fri,Feb,5,2,28-02-2025,31:04.3,3225,2025,Feb-25
17,card,25.96,Americano,Night,Fri,Feb,5,2,28-02-2025,32:16.6,3226,2025,Feb-25
17,card,25.96,Americano,Night,Fri,Feb,5,2,28-02-2025,33:49.1,3227,2025,Feb-25
18,card,35.76,Latte,Night,Fri,Feb,5,2,28-02-2025,53:49.5,3228,2025,Feb-25
10,card,35.76,Cappuccino,Morning,Sat,Mar,6,3,01-03-2025,31:45.7,3229,2025,Mar-25
11,card,25.96,Americano,Morning,Sat,Mar,6,3,01-03-2025,24:04.5,3230,2025,Mar-25
11,card,25.96,Americano,Morning,Sat,Mar,6,3,01-03-2025,27:58.4,3231,2025,Mar-25
14,card,35.76,Latte,Afternoon,Sat,Mar,6,3,01-03-2025,43:23.8,3232,2025,Mar-25
15,card,25.96,Americano,Afternoon,Sat,Mar,6,3,01-03-2025,02:31.5,3233,2025,Mar-25
15,card,30.86,Americano with Milk,Afternoon,Sat,Mar,6,3,01-03-2025,08:20.2,3234,2025,Mar-25
16,card,35.76,Cappuccino,Afternoon,Sat,Mar,6,3,01-03-2025,42:13.0,3235,2025,Mar-25
17,card,25.96,Americano,Night,Sat,Mar,6,3,01-03-2025,08:33.5,3236,2025,Mar-25
9,card,35.76,Cocoa,Morning,Sun,Mar,7,3,02-03-2025,58:15.3,3237,2025,Mar-25
12,card,35.76,Latte,Afternoon,Sun,Mar,7,3,02-03-2025,17:36.4,3238,2025,Mar-25
13,card,30.86,Americano with Milk,Afternoon,Sun,Mar,7,3,02-03-2025,36:19.5,3239,2025,Mar-25
15,card,30.86,Americano with Milk,Afternoon,Sun,Mar,7,3,02-03-2025,22:17.5,3240,2025,Mar-25
15,card,25.96,Americano,Afternoon,Sun,Mar,7,3,02-03-2025,23:15.7,3241,2025,Mar-25
15,card,25.96,Americano,Afternoon,Sun,Mar,7,3,02-03-2025,24:45.2,3242,2025,Mar-25
8,card,35.76,Cappuccino,Morning,Mon,Mar,1,3,03-03-2025,24:01.9,3243,2025,Mar-25
9,card,35.76,Cocoa,Morning,Mon,Mar,1,3,03-03-2025,46:52.0,3244,2025,Mar-25
9,card,35.76,Latte,Morning,Mon,Mar,1,3,03-03-2025,48:39.3,3245,2025,Mar-25
10,card,35.76,Hot Chocolate,Morning,Mon,Mar,1,3,03-03-2025,21:24.6,3246,2025,Mar-25
10,card,35.76,Hot Chocolate,Morning,Mon,Mar,1,3,03-03-2025,24:46.7,3247,2025,Mar-25
12,card,35.76,Cappuccino,Afternoon,Mon,Mar,1,3,03-03-2025,58:08.1,3248,2025,Mar-25
15,card,35.76,Latte,Afternoon,Mon,Mar,1,3,03-03-2025,11:01.2,3249,2025,Mar-25
15,card,25.96,Americano,Afternoon,Mon,Mar,1,3,03-03-2025,47:58.8,3250,2025,Mar-25
16,card,35.76,Cocoa,Afternoon,Mon,Mar,1,3,03-03-2025,14:50.5,3251,2025,Mar-25
16,card,35.76,Latte,Afternoon,Mon,Mar,1,3,03-03-2025,16:35.2,3252,2025,Mar-25
16,card,35.76,Latte,Afternoon,Mon,Mar,1,3,03-03-2025,18:27.1,3253,2025,Mar-25
16,card,35.76,Cappuccino,Afternoon,Mon,Mar,1,3,03-03-2025,40:29.3,3254,2025,Mar-25
16,card,35.76,Cappuccino,Afternoon,Mon,Mar,1,3,03-03-2025,42:22.6,3255,2025,Mar-25
16,card,25.96,Americano,Afternoon,Mon,Mar,1,3,03-03-2025,52:11.6,3256,2025,Mar-25
17,card,30.86,Americano with Milk,Night,Mon,Mar,1,3,03-03-2025,28:42.8,3257,2025,Mar-25
17,card,25.96,Americano,Night,Mon,Mar,1,3,03-03-2025,31:22.4,3258,2025,Mar-25
17,card,35.76,Hot Chocolate,Night,Mon,Mar,1,3,03-03-2025,32:18.4,3259,2025,Mar-25
17,card,25.96,Americano,Night,Mon,Mar,1,3,03-03-2025,32:58.8,3260,2025,Mar-25
17,card,35.76,Hot Chocolate,Night,Mon,Mar,1,3,03-03-2025,57:32.7,3261,2025,Mar-25
17,card,35.76,Hot Chocolate,Night,Mon,Mar,1,3,03-03-2025,58:27.3,3262,2025,Mar-25
18,card,30.86,Americano with Milk,Night,Mon,Mar,1,3,03-03-2025,03:05.0,3263,2025,Mar-25
18,card,35.76,Latte,Night,Mon,Mar,1,3,03-03-2025,46:52.6,3264,2025,Mar-25
7,card,35.76,Cappuccino,Morning,Tue,Mar,2,3,04-03-2025,19:21.9,3265,2025,Mar-25
7,card,25.96,Americano,Morning,Tue,Mar,2,3,04-03-2025,31:55.4,3266,2025,Mar-25
8,card,30.86,Americano with Milk,Morning,Tue,Mar,2,3,04-03-2025,51:45.3,3267,2025,Mar-25
9,card,25.96,Americano,Morning,Tue,Mar,2,3,04-03-2025,09:31.9,3268,2025,Mar-25
9,card,25.96,Americano,Morning,Tue,Mar,2,3,04-03-2025,10:22.2,3269,2025,Mar-25
9,card,25.96,Americano,Morning,Tue,Mar,2,3,04-03-2025,58:37.2,3270,2025,Mar-25
11,card,30.86,Americano with Milk,Morning,Tue,Mar,2,3,04-03-2025,04:02.0,3271,2025,Mar-25
11,card,25.96,Americano,Morning,Tue,Mar,2,3,04-03-2025,05:07.0,3272,2025,Mar-25
11,card,25.96,Americano,Morning,Tue,Mar,2,3,04-03-2025,46:41.1,3273,2025,Mar-25
11,card,25.96,Americano,Morning,Tue,Mar,2,3,04-03-2025,47:24.5,3274,2025,Mar-25
11,card,25.96,Americano,Morning,Tue,Mar,2,3,04-03-2025,51:34.8,3275,2025,Mar-25
12,card,35.76,Cocoa,Afternoon,Tue,Mar,2,3,04-03-2025,25:59.2,3276,2025,Mar-25
16,card,25.96,Americano,Afternoon,Tue,Mar,2,3,04-03-2025,48:58.4,3277,2025,Mar-25
18,card,35.76,Cocoa,Night,Tue,Mar,2,3,04-03-2025,43:21.9,3278,2025,Mar-25
19,card,35.76,Latte,Night,Tue,Mar,2,3,04-03-2025,10:09.5,3279,2025,Mar-25
20,card,35.76,Latte,Night,Tue,Mar,2,3,04-03-2025,09:00.6,3280,2025,Mar-25
8,card,30.86,Americano with Milk,Morning,Wed,Mar,3,3,05-03-2025,39:51.6,3281,2025,Mar-25
9,card,25.96,Americano,Morning,Wed,Mar,3,3,05-03-2025,38:24.3,3282,2025,Mar-25
10,card,25.96,Americano,Morning,Wed,Mar,3,3,05-03-2025,01:14.3,3283,2025,Mar-25
10,card,25.96,Americano,Morning,Wed,Mar,3,3,05-03-2025,02:04.3,3284,2025,Mar-25
10,card,35.76,Cappuccino,Morning,Wed,Mar,3,3,05-03-2025,10:50.5,3285,2025,Mar-25
10,card,30.86,Americano with Milk,Morning,Wed,Mar,3,3,05-03-2025,40:34.8,3286,2025,Mar-25
11,card,35.76,Cappuccino,Morning,Wed,Mar,3,3,05-03-2025,08:31.6,3287,2025,Mar-25
11,card,35.76,Cocoa,Morning,Wed,Mar,3,3,05-03-2025,10:54.2,3288,2025,Mar-25
11,card,25.96,Americano,Morning,Wed,Mar,3,3,05-03-2025,38:51.2,3289,2025,Mar-25
11,card,25.96,Americano,Morning,Wed,Mar,3,3,05-03-2025,41:22.4,3290,2025,Mar-25
12,card,25.96,Americano,Afternoon,Wed,Mar,3,3,05-03-2025,12:56.3,3291,2025,Mar-25
15,card,35.76,Latte,Afternoon,Wed,Mar,3,3,05-03-2025,07:50.6,3292,2025,Mar-25
15,card,35.76,Latte,Afternoon,Wed,Mar,3,3,05-03-2025,21:35.8,3293,2025,Mar-25
15,card,35.76,Hot Chocolate,Afternoon,Wed,Mar,3,3,05-03-2025,25:11.4,3294,2025,Mar-25
17,card,30.86,Americano with Milk,Night,Wed,Mar,3,3,05-03-2025,09:57.0,3295,2025,Mar-25
17,card,21.06,Espresso,Night,Wed,Mar,3,3,05-03-2025,16:23.6,3296,2025,Mar-25
17,card,35.76,Latte,Night,Wed,Mar,3,3,05-03-2025,31:40.9,3297,2025,Mar-25
18,card,35.76,Cappuccino,Night,Wed,Mar,3,3,05-03-2025,13:27.0,3298,2025,Mar-25
19,card,35.76,Cocoa,Night,Wed,Mar,3,3,05-03-2025,02:56.8,3299,2025,Mar-25
9,card,35.76,Hot Chocolate,Morning,Thu,Mar,4,3,06-03-2025,33:39.3,3300,2025,Mar-25
9,card,21.06,Espresso,Morning,Thu,Mar,4,3,06-03-2025,35:52.9,3301,2025,Mar-25
10,card,30.86,Americano with Milk,Morning,Thu,Mar,4,3,06-03-2025,48:04.9,3302,2025,Mar-25
10,card,25.96,Americano,Morning,Thu,Mar,4,3,06-03-2025,56:47.4,3303,2025,Mar-25
10,card,25.96,Americano,Morning,Thu,Mar,4,3,06-03-2025,57:35.0,3304,2025,Mar-25
11,card,25.96,Americano,Morning,Thu,Mar,4,3,06-03-2025,05:43.6,3305,2025,Mar-25
11,card,35.76,Cappuccino,Morning,Thu,Mar,4,3,06-03-2025,17:38.0,3306,2025,Mar-25
13,card,35.76,Latte,Afternoon,Thu,Mar,4,3,06-03-2025,51:33.1,3307,2025,Mar-25
16,card,30.86,Americano with Milk,Afternoon,Thu,Mar,4,3,06-03-2025,06:47.3,3308,2025,Mar-25
17,card,35.76,Cocoa,Night,Thu,Mar,4,3,06-03-2025,49:11.2,3309,2025,Mar-25
18,card,35.76,Cappuccino,Night,Thu,Mar,4,3,06-03-2025,27:11.7,3310,2025,Mar-25
19,card,30.86,Americano with Milk,Night,Thu,Mar,4,3,06-03-2025,22:10.7,3311,2025,Mar-25
7,card,35.76,Cappuccino,Morning,Fri,Mar,5,3,07-03-2025,05:42.3,3312,2025,Mar-25
8,card,25.96,Americano,Morning,Fri,Mar,5,3,07-03-2025,45:10.9,3313,2025,Mar-25
8,card,25.96,Americano,Morning,Fri,Mar,5,3,07-03-2025,46:03.8,3314,2025,Mar-25
9,card,25.96,Americano,Morning,Fri,Mar,5,3,07-03-2025,02:40.8,3315,2025,Mar-25
10,card,35.76,Hot Chocolate,Morning,Fri,Mar,5,3,07-03-2025,09:57.9,3316,2025,Mar-25
10,card,30.86,Americano with Milk,Morning,Fri,Mar,5,3,07-03-2025,26:34.9,3317,2025,Mar-25
10,card,30.86,Americano with Milk,Morning,Fri,Mar,5,3,07-03-2025,27:32.5,3318,2025,Mar-25
10,card,35.76,Cocoa,Morning,Fri,Mar,5,3,07-03-2025,41:45.8,3319,2025,Mar-25
11,card,35.76,Cocoa,Morning,Fri,Mar,5,3,07-03-2025,50:59.5,3320,2025,Mar-25
12,card,30.86,Americano with Milk,Afternoon,Fri,Mar,5,3,07-03-2025,03:46.2,3321,2025,Mar-25
13,card,35.76,Hot Chocolate,Afternoon,Fri,Mar,5,3,07-03-2025,43:48.4,3322,2025,Mar-25
13,card,25.96,Americano,Afternoon,Fri,Mar,5,3,07-03-2025,55:31.6,3323,2025,Mar-25
14,card,35.76,Cappuccino,Afternoon,Fri,Mar,5,3,07-03-2025,53:30.2,3324,2025,Mar-25
15,card,35.76,Latte,Afternoon,Fri,Mar,5,3,07-03-2025,09:04.3,3325,2025,Mar-25
15,card,35.76,Latte,Afternoon,Fri,Mar,5,3,07-03-2025,52:53.0,3326,2025,Mar-25
17,card,35.76,Latte,Night,Fri,Mar,5,3,07-03-2025,10:29.3,3327,2025,Mar-25
17,card,35.76,Hot Chocolate,Night,Fri,Mar,5,3,07-03-2025,12:23.6,3328,2025,Mar-25
9,card,30.86,Americano with Milk,Morning,Sat,Mar,6,3,08-03-2025,23:44.5,3329,2025,Mar-25
9,card,30.86,Americano with Milk,Morning,Sat,Mar,6,3,08-03-2025,41:52.9,3330,2025,Mar-25
10,card,25.96,Americano,Morning,Sat,Mar,6,3,08-03-2025,54:13.6,3331,2025,Mar-25
11,card,25.96,Americano,Morning,Sat,Mar,6,3,08-03-2025,19:45.6,3332,2025,Mar-25
11,card,25.96,Americano,Morning,Sat,Mar,6,3,08-03-2025,20:32.4,3333,2025,Mar-25
12,card,30.86,Americano with Milk,Afternoon,Sat,Mar,6,3,08-03-2025,41:19.8,3334,2025,Mar-25
12,card,25.96,Americano,Afternoon,Sat,Mar,6,3,08-03-2025,45:05.3,3335,2025,Mar-25
13,card,35.76,Cappuccino,Afternoon,Sat,Mar,6,3,08-03-2025,40:06.1,3336,2025,Mar-25
9,card,21.06,Espresso,Morning,Sun,Mar,7,3,09-03-2025,42:03.9,3337,2025,Mar-25
11,card,30.86,Americano with Milk,Morning,Sun,Mar,7,3,09-03-2025,25:53.2,3338,2025,Mar-25
13,card,35.76,Cappuccino,Afternoon,Sun,Mar,7,3,09-03-2025,51:56.3,3339,2025,Mar-25
14,card,25.96,Americano,Afternoon,Sun,Mar,7,3,09-03-2025,18:30.1,3340,2025,Mar-25
15,card,35.76,Cappuccino,Afternoon,Sun,Mar,7,3,09-03-2025,12:41.4,3341,2025,Mar-25
15,card,25.96,Americano,Afternoon,Sun,Mar,7,3,09-03-2025,39:07.1,3342,2025,Mar-25
15,card,30.86,Americano with Milk,Afternoon,Sun,Mar,7,3,09-03-2025,52:39.3,3343,2025,Mar-25
15,card,35.76,Cocoa,Afternoon,Sun,Mar,7,3,09-03-2025,53:40.4,3344,2025,Mar-25
8,card,25.96,Americano,Morning,Mon,Mar,1,3,10-03-2025,34:43.5,3345,2025,Mar-25
8,card,35.76,Latte,Morning,Mon,Mar,1,3,10-03-2025,35:40.5,3346,2025,Mar-25
9,card,30.86,Americano with Milk,Morning,Mon,Mar,1,3,10-03-2025,06:27.6,3347,2025,Mar-25
9,card,35.76,Hot Chocolate,Morning,Mon,Mar,1,3,10-03-2025,19:28.9,3348,2025,Mar-25
9,card,35.76,Cocoa,Morning,Mon,Mar,1,3,10-03-2025,50:54.1,3349,2025,Mar-25
10,card,35.76,Hot Chocolate,Morning,Mon,Mar,1,3,10-03-2025,18:57.1,3350,2025,Mar-25
12,card,25.96,Americano,Afternoon,Mon,Mar,1,3,10-03-2025,36:14.8,3351,2025,Mar-25
15,card,25.96,Americano,Afternoon,Mon,Mar,1,3,10-03-2025,32:09.5,3352,2025,Mar-25
15,card,35.76,Hot Chocolate,Afternoon,Mon,Mar,1,3,10-03-2025,41:57.9,3353,2025,Mar-25
16,card,35.76,Latte,Afternoon,Mon,Mar,1,3,10-03-2025,18:00.6,3354,2025,Mar-25
16,card,35.76,Latte,Afternoon,Mon,Mar,1,3,10-03-2025,18:54.2,3355,2025,Mar-25
16,card,35.76,Cappuccino,Afternoon,Mon,Mar,1,3,10-03-2025,24:25.4,3356,2025,Mar-25
16,card,30.86,Americano with Milk,Afternoon,Mon,Mar,1,3,10-03-2025,25:32.5,3357,2025,Mar-25
18,card,25.96,Americano,Night,Mon,Mar,1,3,10-03-2025,15:54.2,3358,2025,Mar-25
18,card,35.76,Latte,Night,Mon,Mar,1,3,10-03-2025,48:30.2,3359,2025,Mar-25
18,card,35.76,Latte,Night,Mon,Mar,1,3,10-03-2025,49:22.3,3360,2025,Mar-25
19,card,30.86,Americano with Milk,Night,Mon,Mar,1,3,10-03-2025,26:42.9,3361,2025,Mar-25
8,card,25.96,Americano,Morning,Tue,Mar,2,3,11-03-2025,46:25.6,3362,2025,Mar-25
9,card,35.76,Cappuccino,Morning,Tue,Mar,2,3,11-03-2025,12:27.7,3363,2025,Mar-25
9,card,35.76,Latte,Morning,Tue,Mar,2,3,11-03-2025,27:04.4,3364,2025,Mar-25
10,card,25.96,Americano,Morning,Tue,Mar,2,3,11-03-2025,26:57.8,3365,2025,Mar-25
12,card,25.96,Americano,Afternoon,Tue,Mar,2,3,11-03-2025,33:20.4,3366,2025,Mar-25
13,card,25.96,Americano,Afternoon,Tue,Mar,2,3,11-03-2025,16:54.7,3367,2025,Mar-25
16,card,35.76,Hot Chocolate,Afternoon,Tue,Mar,2,3,11-03-2025,29:31.1,3368,2025,Mar-25
16,card,35.76,Cocoa,Afternoon,Tue,Mar,2,3,11-03-2025,30:16.1,3369,2025,Mar-25
16,card,35.76,Hot Chocolate,Afternoon,Tue,Mar,2,3,11-03-2025,49:40.8,3370,2025,Mar-25
17,card,35.76,Cappuccino,Night,Tue,Mar,2,3,11-03-2025,46:50.2,3371,2025,Mar-25
18,card,30.86,Americano with Milk,Night,Tue,Mar,2,3,11-03-2025,56:52.1,3372,2025,Mar-25
19,card,35.76,Latte,Night,Tue,Mar,2,3,11-03-2025,07:14.4,3373,2025,Mar-25
20,card,35.76,Cocoa,Night,Tue,Mar,2,3,11-03-2025,08:56.3,3374,2025,Mar-25
11,card,35.76,Cocoa,Morning,Wed,Mar,3,3,12-03-2025,11:39.4,3375,2025,Mar-25
11,card,30.86,Americano with Milk,Morning,Wed,Mar,3,3,12-03-2025,47:34.3,3376,2025,Mar-25
11,card,35.76,Cappuccino,Morning,Wed,Mar,3,3,12-03-2025,50:15.4,3377,2025,Mar-25
11,card,25.96,Americano,Morning,Wed,Mar,3,3,12-03-2025,55:55.9,3378,2025,Mar-25
11,card,25.96,Americano,Morning,Wed,Mar,3,3,12-03-2025,56:48.9,3379,2025,Mar-25
12,card,25.96,Americano,Afternoon,Wed,Mar,3,3,12-03-2025,06:11.1,3380,2025,Mar-25
12,card,35.76,Hot Chocolate,Afternoon,Wed,Mar,3,3,12-03-2025,55:38.4,3381,2025,Mar-25
13,card,35.76,Latte,Afternoon,Wed,Mar,3,3,12-03-2025,01:49.3,3382,2025,Mar-25
13,card,35.76,Latte,Afternoon,Wed,Mar,3,3,12-03-2025,56:23.6,3383,2025,Mar-25
16,card,35.76,Cappuccino,Afternoon,Wed,Mar,3,3,12-03-2025,27:37.2,3384,2025,Mar-25
16,card,35.76,Latte,Afternoon,Wed,Mar,3,3,12-03-2025,35:04.0,3385,2025,Mar-25
16,card,35.76,Latte,Afternoon,Wed,Mar,3,3,12-03-2025,36:00.7,3386,2025,Mar-25
18,card,25.96,Americano,Night,Wed,Mar,3,3,12-03-2025,10:34.2,3387,2025,Mar-25
18,card,35.76,Cocoa,Night,Wed,Mar,3,3,12-03-2025,17:17.8,3388,2025,Mar-25
18,card,25.96,Americano,Night,Wed,Mar,3,3,12-03-2025,24:40.5,3389,2025,Mar-25
18,card,35.76,Cappuccino,Night,Wed,Mar,3,3,12-03-2025,38:56.6,3390,2025,Mar-25
18,card,25.96,Americano,Night,Wed,Mar,3,3,12-03-2025,42:13.7,3391,2025,Mar-25
7,card,35.76,Cappuccino,Morning,Thu,Mar,4,3,13-03-2025,01:36.4,3392,2025,Mar-25
8,card,30.86,Americano with Milk,Morning,Thu,Mar,4,3,13-03-2025,23:17.5,3393,2025,Mar-25
9,card,30.86,Americano with Milk,Morning,Thu,Mar,4,3,13-03-2025,04:47.3,3394,2025,Mar-25
9,card,35.76,Latte,Morning,Thu,Mar,4,3,13-03-2025,20:09.5,3395,2025,Mar-25
9,card,21.06,Espresso,Morning,Thu,Mar,4,3,13-03-2025,22:04.6,3396,2025,Mar-25
9,card,25.96,Americano,Morning,Thu,Mar,4,3,13-03-2025,38:19.6,3397,2025,Mar-25
9,card,30.86,Americano with Milk,Morning,Thu,Mar,4,3,13-03-2025,39:14.6,3398,2025,Mar-25
11,card,25.96,Americano,Morning,Thu,Mar,4,3,13-03-2025,18:02.3,3399,2025,Mar-25
12,card,35.76,Latte,Afternoon,Thu,Mar,4,3,13-03-2025,13:37.4,3400,2025,Mar-25
14,card,30.86,Americano with Milk,Afternoon,Thu,Mar,4,3,13-03-2025,53:50.0,3401,2025,Mar-25
14,card,25.96,Americano,Afternoon,Thu,Mar,4,3,13-03-2025,55:31.6,3402,2025,Mar-25
18,card,35.76,Cappuccino,Night,Thu,Mar,4,3,13-03-2025,47:43.6,3403,2025,Mar-25
7,card,25.96,Americano,Morning,Fri,Mar,5,3,14-03-2025,55:06.0,3404,2025,Mar-25
8,card,30.86,Americano with Milk,Morning,Fri,Mar,5,3,14-03-2025,13:40.2,3405,2025,Mar-25
8,card,25.96,Americano,Morning,Fri,Mar,5,3,14-03-2025,59:26.8,3406,2025,Mar-25
9,card,35.76,Latte,Morning,Fri,Mar,5,3,14-03-2025,00:29.9,3407,2025,Mar-25
9,card,21.06,Espresso,Morning,Fri,Mar,5,3,14-03-2025,26:07.9,3408,2025,Mar-25
9,card,25.96,Americano,Morning,Fri,Mar,5,3,14-03-2025,28:37.2,3409,2025,Mar-25
10,card,25.96,Americano,Morning,Fri,Mar,5,3,14-03-2025,20:51.3,3410,2025,Mar-25
10,card,35.76,Latte,Morning,Fri,Mar,5,3,14-03-2025,48:22.8,3411,2025,Mar-25
10,card,35.76,Cappuccino,Morning,Fri,Mar,5,3,14-03-2025,49:27.8,3412,2025,Mar-25
14,card,25.96,Americano,Afternoon,Fri,Mar,5,3,14-03-2025,35:17.3,3413,2025,Mar-25
14,card,35.76,Latte,Afternoon,Fri,Mar,5,3,14-03-2025,36:21.8,3414,2025,Mar-25
15,card,35.76,Latte,Afternoon,Fri,Mar,5,3,14-03-2025,54:21.0,3415,2025,Mar-25
15,card,35.76,Latte,Afternoon,Fri,Mar,5,3,14-03-2025,55:40.8,3416,2025,Mar-25
16,card,25.96,Americano,Afternoon,Fri,Mar,5,3,14-03-2025,27:04.0,3417,2025,Mar-25
16,card,35.76,Cocoa,Afternoon,Fri,Mar,5,3,14-03-2025,31:00.2,3418,2025,Mar-25
16,card,35.76,Cocoa,Afternoon,Fri,Mar,5,3,14-03-2025,31:55.1,3419,2025,Mar-25
16,card,35.76,Cocoa,Afternoon,Fri,Mar,5,3,14-03-2025,32:40.2,3420,2025,Mar-25
17,card,25.96,Americano,Night,Fri,Mar,5,3,14-03-2025,05:24.1,3421,2025,Mar-25
17,card,25.96,Americano,Night,Fri,Mar,5,3,14-03-2025,22:14.7,3422,2025,Mar-25
17,card,35.76,Latte,Night,Fri,Mar,5,3,14-03-2025,27:15.3,3423,2025,Mar-25
17,card,35.76,Latte,Night,Fri,Mar,5,3,14-03-2025,28:38.3,3424,2025,Mar-25
20,card,25.96,Americano,Night,Fri,Mar,5,3,14-03-2025,20:22.0,3425,2025,Mar-25
21,card,25.96,Americano,Night,Fri,Mar,5,3,14-03-2025,40:43.6,3426,2025,Mar-25
9,card,30.86,Americano with Milk,Morning,Sat,Mar,6,3,15-03-2025,53:22.3,3427,2025,Mar-25
10,card,35.76,Cappuccino,Morning,Sat,Mar,6,3,15-03-2025,03:22.5,3428,2025,Mar-25
13,card,25.96,Americano,Afternoon,Sat,Mar,6,3,15-03-2025,55:42.0,3429,2025,Mar-25
17,card,35.76,Cappuccino,Night,Sat,Mar,6,3,15-03-2025,10:23.4,3430,2025,Mar-25
17,card,30.86,Americano with Milk,Night,Sat,Mar,6,3,15-03-2025,12:08.4,3431,2025,Mar-25
19,card,30.86,Americano with Milk,Night,Sat,Mar,6,3,15-03-2025,30:36.5,3432,2025,Mar-25
19,card,35.76,Cappuccino,Night,Sat,Mar,6,3,15-03-2025,51:27.1,3433,2025,Mar-25
9,card,35.76,Cappuccino,Morning,Sun,Mar,7,3,16-03-2025,32:17.3,3434,2025,Mar-25
9,card,30.86,Americano with Milk,Morning,Sun,Mar,7,3,16-03-2025,36:23.2,3435,2025,Mar-25
10,card,35.76,Latte,Morning,Sun,Mar,7,3,16-03-2025,50:09.4,3436,2025,Mar-25
12,card,35.76,Hot Chocolate,Afternoon,Sun,Mar,7,3,16-03-2025,00:47.1,3437,2025,Mar-25
14,card,25.96,Americano,Afternoon,Sun,Mar,7,3,16-03-2025,22:42.6,3438,2025,Mar-25
6,card,25.96,Americano,Morning,Mon,Mar,1,3,17-03-2025,54:40.6,3439,2025,Mar-25
8,card,25.96,Americano,Morning,Mon,Mar,1,3,17-03-2025,09:50.1,3440,2025,Mar-25
8,card,25.96,Americano,Morning,Mon,Mar,1,3,17-03-2025,18:02.7,3441,2025,Mar-25
9,card,30.86,Americano with Milk,Morning,Mon,Mar,1,3,17-03-2025,02:59.0,3442,2025,Mar-25
10,card,25.96,Americano,Morning,Mon,Mar,1,3,17-03-2025,32:39.5,3443,2025,Mar-25
13,card,25.96,Americano,Afternoon,Mon,Mar,1,3,17-03-2025,59:01.0,3444,2025,Mar-25
14,card,35.76,Cocoa,Afternoon,Mon,Mar,1,3,17-03-2025,21:24.5,3445,2025,Mar-25
14,card,35.76,Cocoa,Afternoon,Mon,Mar,1,3,17-03-2025,22:19.7,3446,2025,Mar-25
14,card,35.76,Latte,Afternoon,Mon,Mar,1,3,17-03-2025,48:03.5,3447,2025,Mar-25
15,card,35.76,Cappuccino,Afternoon,Mon,Mar,1,3,17-03-2025,11:17.3,3448,2025,Mar-25
15,card,35.76,Latte,Afternoon,Mon,Mar,1,3,17-03-2025,47:15.9,3449,2025,Mar-25
15,card,35.76,Latte,Afternoon,Mon,Mar,1,3,17-03-2025,48:58.5,3450,2025,Mar-25
16,card,25.96,Americano,Afternoon,Mon,Mar,1,3,17-03-2025,46:44.6,3451,2025,Mar-25
8,card,30.86,Americano with Milk,Morning,Tue,Mar,2,3,18-03-2025,23:11.0,3452,2025,Mar-25
8,card,35.76,Latte,Morning,Tue,Mar,2,3,18-03-2025,33:49.6,3453,2025,Mar-25
10,card,35.76,Latte,Morning,Tue,Mar,2,3,18-03-2025,49:51.4,3454,2025,Mar-25
10,card,25.96,Americano,Morning,Tue,Mar,2,3,18-03-2025,51:17.7,3455,2025,Mar-25
11,card,35.76,Hot Chocolate,Morning,Tue,Mar,2,3,18-03-2025,47:20.0,3456,2025,Mar-25
11,card,35.76,Hot Chocolate,Morning,Tue,Mar,2,3,18-03-2025,48:55.7,3457,2025,Mar-25
14,card,30.86,Americano with Milk,Afternoon,Tue,Mar,2,3,18-03-2025,43:35.1,3458,2025,Mar-25
15,card,25.96,Americano,Afternoon,Tue,Mar,2,3,18-03-2025,03:53.4,3459,2025,Mar-25
15,card,30.86,Americano with Milk,Afternoon,Tue,Mar,2,3,18-03-2025,11:07.4,3460,2025,Mar-25
16,card,25.96,Americano,Afternoon,Tue,Mar,2,3,18-03-2025,09:07.6,3461,2025,Mar-25
16,card,35.76,Latte,Afternoon,Tue,Mar,2,3,18-03-2025,11:45.1,3462,2025,Mar-25
16,card,21.06,Espresso,Afternoon,Tue,Mar,2,3,18-03-2025,23:20.6,3463,2025,Mar-25
18,card,35.76,Cocoa,Night,Tue,Mar,2,3,18-03-2025,42:30.6,3464,2025,Mar-25
18,card,35.76,Cocoa,Night,Tue,Mar,2,3,18-03-2025,43:17.5,3465,2025,Mar-25
20,card,35.76,Cocoa,Night,Tue,Mar,2,3,18-03-2025,00:35.0,3466,2025,Mar-25
20,card,35.76,Cocoa,Night,Tue,Mar,2,3,18-03-2025,01:37.7,3467,2025,Mar-25
21,card,35.76,Latte,Night,Tue,Mar,2,3,18-03-2025,20:40.0,3468,2025,Mar-25
7,card,25.96,Americano,Morning,Wed,Mar,3,3,19-03-2025,03:07.1,3469,2025,Mar-25
7,card,25.96,Americano,Morning,Wed,Mar,3,3,19-03-2025,04:08.6,3470,2025,Mar-25
7,card,35.76,Cappuccino,Morning,Wed,Mar,3,3,19-03-2025,06:34.9,3471,2025,Mar-25
8,card,25.96,Americano,Morning,Wed,Mar,3,3,19-03-2025,03:18.3,3472,2025,Mar-25
10,card,35.76,Hot Chocolate,Morning,Wed,Mar,3,3,19-03-2025,18:39.2,3473,2025,Mar-25
11,card,25.96,Americano,Morning,Wed,Mar,3,3,19-03-2025,55:39.8,3474,2025,Mar-25
12,card,25.96,Americano,Afternoon,Wed,Mar,3,3,19-03-2025,58:27.2,3475,2025,Mar-25
15,card,35.76,Latte,Afternoon,Wed,Mar,3,3,19-03-2025,12:53.2,3476,2025,Mar-25
15,card,35.76,Latte,Afternoon,Wed,Mar,3,3,19-03-2025,14:23.4,3477,2025,Mar-25
16,card,35.76,Latte,Afternoon,Wed,Mar,3,3,19-03-2025,19:33.9,3478,2025,Mar-25
16,card,25.96,Americano,Afternoon,Wed,Mar,3,3,19-03-2025,29:56.3,3479,2025,Mar-25
16,card,35.76,Cappuccino,Afternoon,Wed,Mar,3,3,19-03-2025,40:33.8,3480,2025,Mar-25
16,card,35.76,Cappuccino,Afternoon,Wed,Mar,3,3,19-03-2025,42:16.0,3481,2025,Mar-25
16,card,25.96,Americano,Afternoon,Wed,Mar,3,3,19-03-2025,51:35.2,3482,2025,Mar-25
16,card,25.96,Americano,Afternoon,Wed,Mar,3,3,19-03-2025,52:29.7,3483,2025,Mar-25
17,card,35.76,Cocoa,Night,Wed,Mar,3,3,19-03-2025,00:00.0,3484,2025,Mar-25
17,card,30.86,Americano with Milk,Night,Wed,Mar,3,3,19-03-2025,09:55.0,3485,2025,Mar-25
17,card,30.86,Americano with Milk,Night,Wed,Mar,3,3,19-03-2025,27:39.7,3486,2025,Mar-25
18,card,25.96,Cortado,Night,Wed,Mar,3,3,19-03-2025,29:50.4,3487,2025,Mar-25
18,card,21.06,Espresso,Night,Wed,Mar,3,3,19-03-2025,30:44.0,3488,2025,Mar-25
18,card,21.06,Espresso,Night,Wed,Mar,3,3,19-03-2025,31:26.0,3489,2025,Mar-25
8,card,30.86,Americano with Milk,Morning,Thu,Mar,4,3,20-03-2025,13:16.3,3490,2025,Mar-25
9,card,30.86,Americano with Milk,Morning,Thu,Mar,4,3,20-03-2025,52:04.8,3491,2025,Mar-25
10,card,30.86,Americano with Milk,Morning,Thu,Mar,4,3,20-03-2025,06:44.3,3492,2025,Mar-25
10,card,25.96,Americano,Morning,Thu,Mar,4,3,20-03-2025,45:44.2,3493,2025,Mar-25
10,card,25.96,Americano,Morning,Thu,Mar,4,3,20-03-2025,55:17.4,3494,2025,Mar-25
12,card,25.96,Americano,Afternoon,Thu,Mar,4,3,20-03-2025,48:24.4,3495,2025,Mar-25
14,card,25.96,Americano,Afternoon,Thu,Mar,4,3,20-03-2025,04:43.9,3496,2025,Mar-25
14,card,25.96,Americano,Afternoon,Thu,Mar,4,3,20-03-2025,20:37.9,3497,2025,Mar-25
14,card,21.06,Espresso,Afternoon,Thu,Mar,4,3,20-03-2025,21:41.9,3498,2025,Mar-25
14,card,25.96,Cortado,Afternoon,Thu,Mar,4,3,20-03-2025,25:04.7,3499,2025,Mar-25
14,card,35.76,Cappuccino,Afternoon,Thu,Mar,4,3,20-03-2025,26:46.7,3500,2025,Mar-25
14,card,35.76,Cappuccino,Afternoon,Thu,Mar,4,3,20-03-2025,59:47.5,3501,2025,Mar-25
15,card,25.96,Americano,Afternoon,Thu,Mar,4,3,20-03-2025,05:22.4,3502,2025,Mar-25
15,card,25.96,Americano,Afternoon,Thu,Mar,4,3,20-03-2025,21:51.8,3503,2025,Mar-25
16,card,35.76,Cappuccino,Afternoon,Thu,Mar,4,3,20-03-2025,45:45.0,3504,2025,Mar-25
17,card,25.96,Americano,Night,Thu,Mar,4,3,20-03-2025,23:51.4,3505,2025,Mar-25
18,card,35.76,Hot Chocolate,Night,Thu,Mar,4,3,20-03-2025,55:58.7,3506,2025,Mar-25
19,card,35.76,Cocoa,Night,Thu,Mar,4,3,20-03-2025,36:41.6,3507,2025,Mar-25
19,card,35.76,Cappuccino,Night,Thu,Mar,4,3,20-03-2025,57:48.5,3508,2025,Mar-25
21,card,35.76,Latte,Night,Thu,Mar,4,3,20-03-2025,50:15.6,3509,2025,Mar-25
7,card,30.86,Americano with Milk,Morning,Fri,Mar,5,3,21-03-2025,06:12.0,3510,2025,Mar-25
7,card,30.86,Americano with Milk,Morning,Fri,Mar,5,3,21-03-2025,09:08.1,3511,2025,Mar-25
8,card,25.96,Americano,Morning,Fri,Mar,5,3,21-03-2025,16:43.7,3512,2025,Mar-25
8,card,25.96,Americano,Morning,Fri,Mar,5,3,21-03-2025,28:36.5,3513,2025,Mar-25
8,card,25.96,Americano,Morning,Fri,Mar,5,3,21-03-2025,29:20.9,3514,2025,Mar-25
8,card,35.76,Cappuccino,Morning,Fri,Mar,5,3,21-03-2025,35:19.0,3515,2025,Mar-25
11,card,25.96,Americano,Morning,Fri,Mar,5,3,21-03-2025,50:09.3,3516,2025,Mar-25
11,card,35.76,Latte,Morning,Fri,Mar,5,3,21-03-2025,51:07.5,3517,2025,Mar-25
13,card,25.96,Americano,Afternoon,Fri,Mar,5,3,21-03-2025,02:48.3,3518,2025,Mar-25
13,card,35.76,Latte,Afternoon,Fri,Mar,5,3,21-03-2025,23:57.0,3519,2025,Mar-25
14,card,35.76,Cappuccino,Afternoon,Fri,Mar,5,3,21-03-2025,11:44.1,3520,2025,Mar-25
15,card,35.76,Cappuccino,Afternoon,Fri,Mar,5,3,21-03-2025,09:03.0,3521,2025,Mar-25
15,card,25.96,Americano,Afternoon,Fri,Mar,5,3,21-03-2025,24:42.5,3522,2025,Mar-25
15,card,35.76,Latte,Afternoon,Fri,Mar,5,3,21-03-2025,28:19.6,3523,2025,Mar-25
15,card,35.76,Cappuccino,Afternoon,Fri,Mar,5,3,21-03-2025,29:32.3,3524,2025,Mar-25
17,card,35.76,Hot Chocolate,Night,Fri,Mar,5,3,21-03-2025,01:28.8,3525,2025,Mar-25
17,card,35.76,Latte,Night,Fri,Mar,5,3,21-03-2025,21:16.9,3526,2025,Mar-25
17,card,35.76,Latte,Night,Fri,Mar,5,3,21-03-2025,22:49.9,3527,2025,Mar-25
18,card,35.76,Latte,Night,Fri,Mar,5,3,21-03-2025,52:12.7,3528,2025,Mar-25
18,card,25.96,Americano,Night,Fri,Mar,5,3,21-03-2025,59:24.3,3529,2025,Mar-25
9,card,30.86,Americano with Milk,Morning,Sat,Mar,6,3,22-03-2025,05:13.1,3530,2025,Mar-25
10,card,30.86,Americano with Milk,Morning,Sat,Mar,6,3,22-03-2025,30:09.4,3531,2025,Mar-25
11,card,35.76,Hot Chocolate,Morning,Sat,Mar,6,3,22-03-2025,14:06.0,3532,2025,Mar-25
11,card,35.76,Cocoa,Morning,Sat,Mar,6,3,22-03-2025,41:20.6,3533,2025,Mar-25
12,card,30.86,Americano with Milk,Afternoon,Sat,Mar,6,3,22-03-2025,18:27.5,3534,2025,Mar-25
12,card,25.96,Americano,Afternoon,Sat,Mar,6,3,22-03-2025,25:59.7,3535,2025,Mar-25
13,card,25.96,Americano,Afternoon,Sat,Mar,6,3,22-03-2025,06:21.6,3536,2025,Mar-25
13,card,30.86,Americano with Milk,Afternoon,Sat,Mar,6,3,22-03-2025,23:17.9,3537,2025,Mar-25
15,card,21.06,Espresso,Afternoon,Sat,Mar,6,3,22-03-2025,57:58.2,3538,2025,Mar-25
16,card,35.76,Latte,Afternoon,Sat,Mar,6,3,22-03-2025,26:59.8,3539,2025,Mar-25
17,card,30.86,Americano with Milk,Night,Sat,Mar,6,3,22-03-2025,53:35.9,3540,2025,Mar-25
19,card,30.86,Americano with Milk,Night,Sat,Mar,6,3,22-03-2025,16:52.7,3541,2025,Mar-25
10,card,35.76,Latte,Morning,Sun,Mar,7,3,23-03-2025,07:11.3,3542,2025,Mar-25
10,card,35.76,Cappuccino,Morning,Sun,Mar,7,3,23-03-2025,34:54.9,3543,2025,Mar-25
14,card,35.76,Cocoa,Afternoon,Sun,Mar,7,3,23-03-2025,43:37.4,3544,2025,Mar-25
14,card,35.76,Cocoa,Afternoon,Sun,Mar,7,3,23-03-2025,44:16.9,3545,2025,Mar-25
15,card,25.96,Americano,Afternoon,Sun,Mar,7,3,23-03-2025,47:28.7,3546,2025,Mar-25
18,card,35.76,Latte,Night,Sun,Mar,7,3,23-03-2025,11:38.6,3547,2025,Mar-25
